timestamp,region,host,protocol,url,rtt_ms,download_time_sec,status
2026-05-29T18:43:02,Germany,mirror.netcologne.de,FTP,ftp://mirror.netcologne.de/ubuntu/ls-lR.gz,68,6.463975,success
2026-05-29T18:43:10,Germany,mirror.netcologne.de,HTTP,http://mirror.netcologne.de/ubuntu/ls-lR.gz,68,8.065489,success
2026-05-29T18:43:18,Germany,mirror.netcologne.de,HTTPS,https://mirror.netcologne.de/ubuntu/ls-lR.gz,68,7.865626,success
2026-05-29T18:43:26,Asia,aze.archive.ubuntu.com,FTP,ftp://aze.archive.ubuntu.com/ubuntu/ls-lR.gz,74,4.823996,success
2026-05-29T18:43:30,Asia,aze.archive.ubuntu.com,HTTP,http://aze.archive.ubuntu.com/ubuntu/ls-lR.gz,74,3.979258,success
2026-05-29T18:43:34,Asia,aze.archive.ubuntu.com,HTTPS,https://aze.archive.ubuntu.com/ubuntu/ls-lR.gz,74,4.264832,success
2026-05-29T18:44:35,USA,ftp.osuosl.org,FTP,ftp://ftp.osuosl.org/pub/ubuntu/ls-lR.gz,214,57.057700,success
2026-05-29T18:45:29,USA,ftp.osuosl.org,HTTP,http://ftp.osuosl.org/pub/ubuntu/ls-lR.gz,214,54.292156,success
2026-05-29T18:47:22,USA,ftp.osuosl.org,HTTPS,https://ftp.osuosl.org/pub/ubuntu/ls-lR.gz,214,112.487683,success
2026-05-29T18:57:36,Germany,mirror.netcologne.de,FTP,ftp://mirror.netcologne.de/ubuntu/ls-lR.gz,69,10.781909,success
2026-05-29T18:57:45,Germany,mirror.netcologne.de,HTTP,http://mirror.netcologne.de/ubuntu/ls-lR.gz,69,8.758710,success
2026-05-29T18:57:53,Germany,mirror.netcologne.de,HTTPS,https://mirror.netcologne.de/ubuntu/ls-lR.gz,69,8.422338,success
2026-05-29T18:58:02,Asia,aze.archive.ubuntu.com,FTP,ftp://aze.archive.ubuntu.com/ubuntu/ls-lR.gz,72,4.958549,success
2026-05-29T18:58:06,Asia,aze.archive.ubuntu.com,HTTP,http://aze.archive.ubuntu.com/ubuntu/ls-lR.gz,72,4.574010,success
2026-05-29T18:58:11,Asia,aze.archive.ubuntu.com,HTTPS,https://aze.archive.ubuntu.com/ubuntu/ls-lR.gz,72,4.970717,success
2026-05-29T18:58:33,USA,ftp.osuosl.org,FTP,ftp://ftp.osuosl.org/pub/ubuntu/ls-lR.gz,153,18.470513,success
2026-05-29T18:58:58,USA,ftp.osuosl.org,HTTP,http://ftp.osuosl.org/pub/ubuntu/ls-lR.gz,153,24.917056,success
2026-05-29T18:59:18,USA,ftp.osuosl.org,HTTPS,https://ftp.osuosl.org/pub/ubuntu/ls-lR.gz,153,19.881859,success
2026-05-29T19:09:29,Germany,mirror.netcologne.de,FTP,ftp://mirror.netcologne.de/ubuntu/ls-lR.gz,69,8.132803,success
2026-05-29T19:09:37,Germany,mirror.netcologne.de,HTTP,http://mirror.netcologne.de/ubuntu/ls-lR.gz,69,7.716056,success
2026-05-29T19:09:46,Germany,mirror.netcologne.de,HTTPS,https://mirror.netcologne.de/ubuntu/ls-lR.gz,69,8.461779,success
2026-05-29T19:09:56,Asia,aze.archive.ubuntu.com,FTP,ftp://aze.archive.ubuntu.com/ubuntu/ls-lR.gz,149,7.021913,success
2026-05-29T19:10:02,Asia,aze.archive.ubuntu.com,HTTP,http://aze.archive.ubuntu.com/ubuntu/ls-lR.gz,149,5.767406,success
2026-05-29T19:10:08,Asia,aze.archive.ubuntu.com,HTTPS,https://aze.archive.ubuntu.com/ubuntu/ls-lR.gz,149,5.854753,success
2026-05-29T19:11:07,USA,ftp.osuosl.org,FTP,ftp://ftp.osuosl.org/pub/ubuntu/ls-lR.gz,214,55.418955,success
2026-05-29T19:12:01,USA,ftp.osuosl.org,HTTP,http://ftp.osuosl.org/pub/ubuntu/ls-lR.gz,214,53.890893,success
2026-05-29T19:13:55,USA,ftp.osuosl.org,HTTPS,https://ftp.osuosl.org/pub/ubuntu/ls-lR.gz,214,113.790851,success
2026-05-29T19:24:07,Germany,mirror.netcologne.de,FTP,ftp://mirror.netcologne.de/ubuntu/ls-lR.gz,70,9.317547,success
2026-05-29T19:24:14,Germany,mirror.netcologne.de,HTTP,http://mirror.netcologne.de/ubuntu/ls-lR.gz,70,6.778414,success
2026-05-29T19:24:21,Germany,mirror.netcologne.de,HTTPS,https://mirror.netcologne.de/ubuntu/ls-lR.gz,70,6.621949,success
2026-05-29T19:24:29,Asia,aze.archive.ubuntu.com,FTP,ftp://aze.archive.ubuntu.com/ubuntu/ls-lR.gz,72,4.689806,success
2026-05-29T19:24:33,Asia,aze.archive.ubuntu.com,HTTP,http://aze.archive.ubuntu.com/ubuntu/ls-lR.gz,72,4.521752,success
2026-05-29T19:24:37,Asia,aze.archive.ubuntu.com,HTTPS,https://aze.archive.ubuntu.com/ubuntu/ls-lR.gz,72,4.092666,success
2026-05-29T19:25:36,USA,ftp.osuosl.org,FTP,ftp://ftp.osuosl.org/pub/ubuntu/ls-lR.gz,214,55.592266,success
2026-05-29T19:26:20,USA,ftp.osuosl.org,HTTP,http://ftp.osuosl.org/pub/ubuntu/ls-lR.gz,214,43.509251,success
2026-05-29T19:28:14,USA,ftp.osuosl.org,HTTPS,https://ftp.osuosl.org/pub/ubuntu/ls-lR.gz,214,113.930644,success
2026-05-29T19:38:26,Germany,mirror.netcologne.de,FTP,ftp://mirror.netcologne.de/ubuntu/ls-lR.gz,71,8.382809,success
2026-05-29T19:38:35,Germany,mirror.netcologne.de,HTTP,http://mirror.netcologne.de/ubuntu/ls-lR.gz,71,9.723545,success
2026-05-29T19:38:43,Germany,mirror.netcologne.de,HTTPS,https://mirror.netcologne.de/ubuntu/ls-lR.gz,71,7.602668,success
2026-05-29T19:38:52,Asia,aze.archive.ubuntu.com,FTP,ftp://aze.archive.ubuntu.com/ubuntu/ls-lR.gz,72,5.556416,success
2026-05-29T19:38:56,Asia,aze.archive.ubuntu.com,HTTP,http://aze.archive.ubuntu.com/ubuntu/ls-lR.gz,72,3.883200,success
2026-05-29T19:39:00,Asia,aze.archive.ubuntu.com,HTTPS,https://aze.archive.ubuntu.com/ubuntu/ls-lR.gz,72,4.505144,success
2026-05-29T19:39:23,USA,ftp.osuosl.org,FTP,ftp://ftp.osuosl.org/pub/ubuntu/ls-lR.gz,137,18.964319,success
2026-05-29T19:39:41,USA,ftp.osuosl.org,HTTP,http://ftp.osuosl.org/pub/ubuntu/ls-lR.gz,137,17.740542,success
2026-05-29T19:39:54,USA,ftp.osuosl.org,HTTPS,https://ftp.osuosl.org/pub/ubuntu/ls-lR.gz,137,13.061889,success
2026-05-29T19:50:04,Germany,mirror.netcologne.de,FTP,ftp://mirror.netcologne.de/ubuntu/ls-lR.gz,70,7.085597,success
2026-05-29T19:50:12,Germany,mirror.netcologne.de,HTTP,http://mirror.netcologne.de/ubuntu/ls-lR.gz,70,7.541534,success
2026-05-29T19:50:20,Germany,mirror.netcologne.de,HTTPS,https://mirror.netcologne.de/ubuntu/ls-lR.gz,70,8.133878,success
2026-05-29T19:50:30,Asia,aze.archive.ubuntu.com,FTP,ftp://aze.archive.ubuntu.com/ubuntu/ls-lR.gz,146,6.985154,success
2026-05-29T19:50:36,Asia,aze.archive.ubuntu.com,HTTP,http://aze.archive.ubuntu.com/ubuntu/ls-lR.gz,146,5.285718,success
2026-05-29T19:50:41,Asia,aze.archive.ubuntu.com,HTTPS,https://aze.archive.ubuntu.com/ubuntu/ls-lR.gz,146,5.623366,success
2026-05-29T19:51:01,USA,ftp.osuosl.org,FTP,ftp://ftp.osuosl.org/pub/ubuntu/ls-lR.gz,136,16.031045,success
2026-05-29T19:51:18,USA,ftp.osuosl.org,HTTP,http://ftp.osuosl.org/pub/ubuntu/ls-lR.gz,136,17.483896,success
2026-05-29T19:51:30,USA,ftp.osuosl.org,HTTPS,https://ftp.osuosl.org/pub/ubuntu/ls-lR.gz,136,12.244384,success
2026-05-29T20:01:44,Germany,mirror.netcologne.de,FTP,ftp://mirror.netcologne.de/ubuntu/ls-lR.gz,70,9.861588,success
2026-05-29T20:01:51,Germany,mirror.netcologne.de,HTTP,http://mirror.netcologne.de/ubuntu/ls-lR.gz,70,7.293100,success
2026-05-29T20:01:59,Germany,mirror.netcologne.de,HTTPS,https://mirror.netcologne.de/ubuntu/ls-lR.gz,70,7.731794,success
2026-05-29T20:02:13,Asia,aze.archive.ubuntu.com,FTP,ftp://aze.archive.ubuntu.com/ubuntu/ls-lR.gz,147,10.571145,success
2026-05-29T20:02:18,Asia,aze.archive.ubuntu.com,HTTP,http://aze.archive.ubuntu.com/ubuntu/ls-lR.gz,147,5.670751,success
2026-05-29T20:02:26,Asia,aze.archive.ubuntu.com,HTTPS,https://aze.archive.ubuntu.com/ubuntu/ls-lR.gz,147,7.579305,success
2026-05-29T20:03:29,USA,ftp.osuosl.org,FTP,ftp://ftp.osuosl.org/pub/ubuntu/ls-lR.gz,216,59.740983,success
2026-05-29T20:04:21,USA,ftp.osuosl.org,HTTP,http://ftp.osuosl.org/pub/ubuntu/ls-lR.gz,216,51.569329,success
2026-05-29T20:05:37,USA,ftp.osuosl.org,HTTPS,https://ftp.osuosl.org/pub/ubuntu/ls-lR.gz,216,76.081238,success
2026-05-29T20:15:48,Germany,mirror.netcologne.de,FTP,ftp://mirror.netcologne.de/ubuntu/ls-lR.gz,69,7.509140,success
2026-05-29T20:15:54,Germany,mirror.netcologne.de,HTTP,http://mirror.netcologne.de/ubuntu/ls-lR.gz,69,6.660163,success
2026-05-29T20:16:03,Germany,mirror.netcologne.de,HTTPS,https://mirror.netcologne.de/ubuntu/ls-lR.gz,69,8.222234,success
2026-05-29T20:16:17,Asia,aze.archive.ubuntu.com,FTP,ftp://aze.archive.ubuntu.com/ubuntu/ls-lR.gz,88,11.212965,success
2026-05-29T20:16:22,Asia,aze.archive.ubuntu.com,HTTP,http://aze.archive.ubuntu.com/ubuntu/ls-lR.gz,88,4.379383,success
2026-05-29T20:16:26,Asia,aze.archive.ubuntu.com,HTTPS,https://aze.archive.ubuntu.com/ubuntu/ls-lR.gz,88,4.449931,success
2026-05-29T20:17:26,USA,ftp.osuosl.org,FTP,ftp://ftp.osuosl.org/pub/ubuntu/ls-lR.gz,216,56.235128,success
2026-05-29T20:18:18,USA,ftp.osuosl.org,HTTP,http://ftp.osuosl.org/pub/ubuntu/ls-lR.gz,216,51.995657,success
2026-05-29T20:20:14,USA,ftp.osuosl.org,HTTPS,https://ftp.osuosl.org/pub/ubuntu/ls-lR.gz,216,115.591976,success
2026-05-29T20:30:25,Germany,mirror.netcologne.de,FTP,ftp://mirror.netcologne.de/ubuntu/ls-lR.gz,68,8.150082,success
2026-05-29T20:30:33,Germany,mirror.netcologne.de,HTTP,http://mirror.netcologne.de/ubuntu/ls-lR.gz,68,7.726137,success
2026-05-29T20:30:40,Germany,mirror.netcologne.de,HTTPS,https://mirror.netcologne.de/ubuntu/ls-lR.gz,68,7.324656,success
2026-05-29T20:30:49,Asia,aze.archive.ubuntu.com,FTP,ftp://aze.archive.ubuntu.com/ubuntu/ls-lR.gz,87,5.013507,success
2026-05-29T20:30:53,Asia,aze.archive.ubuntu.com,HTTP,http://aze.archive.ubuntu.com/ubuntu/ls-lR.gz,87,4.845907,success
2026-05-29T20:30:58,Asia,aze.archive.ubuntu.com,HTTPS,https://aze.archive.ubuntu.com/ubuntu/ls-lR.gz,87,4.446163,success
2026-05-29T20:31:49,USA,ftp.osuosl.org,FTP,ftp://ftp.osuosl.org/pub/ubuntu/ls-lR.gz,214,47.196766,success
2026-05-29T20:32:42,USA,ftp.osuosl.org,HTTP,http://ftp.osuosl.org/pub/ubuntu/ls-lR.gz,214,53.640943,success
2026-05-29T20:34:37,USA,ftp.osuosl.org,HTTPS,https://ftp.osuosl.org/pub/ubuntu/ls-lR.gz,214,114.358300,success
2026-05-29T20:44:47,Germany,mirror.netcologne.de,FTP,ftp://mirror.netcologne.de/ubuntu/ls-lR.gz,69,6.997675,success
2026-05-29T20:44:54,Germany,mirror.netcologne.de,HTTP,http://mirror.netcologne.de/ubuntu/ls-lR.gz,69,6.885595,success
2026-05-29T20:45:03,Germany,mirror.netcologne.de,HTTPS,https://mirror.netcologne.de/ubuntu/ls-lR.gz,69,8.530976,success
2026-05-29T20:45:13,Asia,aze.archive.ubuntu.com,FTP,ftp://aze.archive.ubuntu.com/ubuntu/ls-lR.gz,141,7.187570,success
2026-05-29T20:45:19,Asia,aze.archive.ubuntu.com,HTTP,http://aze.archive.ubuntu.com/ubuntu/ls-lR.gz,141,5.657699,success
2026-05-29T20:45:24,Asia,aze.archive.ubuntu.com,HTTPS,https://aze.archive.ubuntu.com/ubuntu/ls-lR.gz,141,5.531090,success
2026-05-29T20:45:42,USA,ftp.osuosl.org,FTP,ftp://ftp.osuosl.org/pub/ubuntu/ls-lR.gz,135,14.306641,success
2026-05-29T20:45:54,USA,ftp.osuosl.org,HTTP,http://ftp.osuosl.org/pub/ubuntu/ls-lR.gz,135,11.518268,success
2026-05-29T20:46:07,USA,ftp.osuosl.org,HTTPS,https://ftp.osuosl.org/pub/ubuntu/ls-lR.gz,135,13.288896,success
2026-05-29T20:56:19,Germany,mirror.netcologne.de,FTP,ftp://mirror.netcologne.de/ubuntu/ls-lR.gz,69,8.894979,success
2026-05-29T20:56:27,Germany,mirror.netcologne.de,HTTP,http://mirror.netcologne.de/ubuntu/ls-lR.gz,69,7.849072,success
2026-05-29T20:56:33,Germany,mirror.netcologne.de,HTTPS,https://mirror.netcologne.de/ubuntu/ls-lR.gz,69,6.257395,success
2026-05-29T20:56:42,Asia,aze.archive.ubuntu.com,FTP,ftp://aze.archive.ubuntu.com/ubuntu/ls-lR.gz,71,4.895608,success
2026-05-29T20:56:46,Asia,aze.archive.ubuntu.com,HTTP,http://aze.archive.ubuntu.com/ubuntu/ls-lR.gz,71,4.107336,success
2026-05-29T20:56:50,Asia,aze.archive.ubuntu.com,HTTPS,https://aze.archive.ubuntu.com/ubuntu/ls-lR.gz,71,4.508909,success
2026-05-29T20:57:11,USA,ftp.osuosl.org,FTP,ftp://ftp.osuosl.org/pub/ubuntu/ls-lR.gz,137,17.798127,success
2026-05-29T20:57:24,USA,ftp.osuosl.org,HTTP,http://ftp.osuosl.org/pub/ubuntu/ls-lR.gz,137,12.215852,success
2026-05-29T20:57:35,USA,ftp.osuosl.org,HTTPS,https://ftp.osuosl.org/pub/ubuntu/ls-lR.gz,137,11.606081,success
2026-05-29T21:07:48,Germany,mirror.netcologne.de,FTP,ftp://mirror.netcologne.de/ubuntu/ls-lR.gz,69,8.907411,success
2026-05-29T21:07:55,Germany,mirror.netcologne.de,HTTP,http://mirror.netcologne.de/ubuntu/ls-lR.gz,69,7.881973,success
2026-05-29T21:08:03,Germany,mirror.netcologne.de,HTTPS,https://mirror.netcologne.de/ubuntu/ls-lR.gz,69,7.913432,success
2026-05-29T21:08:12,Asia,aze.archive.ubuntu.com,FTP,ftp://aze.archive.ubuntu.com/ubuntu/ls-lR.gz,72,4.782297,success
2026-05-29T21:08:16,Asia,aze.archive.ubuntu.com,HTTP,http://aze.archive.ubuntu.com/ubuntu/ls-lR.gz,72,4.512703,success
2026-05-29T21:08:20,Asia,aze.archive.ubuntu.com,HTTPS,https://aze.archive.ubuntu.com/ubuntu/ls-lR.gz,72,4.213551,success
2026-05-29T21:09:20,USA,ftp.osuosl.org,FTP,ftp://ftp.osuosl.org/pub/ubuntu/ls-lR.gz,214,56.181721,success
2026-05-29T21:10:11,USA,ftp.osuosl.org,HTTP,http://ftp.osuosl.org/pub/ubuntu/ls-lR.gz,214,51.059361,success
2026-05-29T21:12:13,USA,ftp.osuosl.org,HTTPS,https://ftp.osuosl.org/pub/ubuntu/ls-lR.gz,214,122.234484,success
2026-05-29T21:22:26,Germany,mirror.netcologne.de,FTP,ftp://mirror.netcologne.de/ubuntu/ls-lR.gz,69,9.150875,success
2026-05-29T21:22:34,Germany,mirror.netcologne.de,HTTP,http://mirror.netcologne.de/ubuntu/ls-lR.gz,69,7.925931,success
2026-05-29T21:22:42,Germany,mirror.netcologne.de,HTTPS,https://mirror.netcologne.de/ubuntu/ls-lR.gz,69,8.241990,success
2026-05-29T21:22:50,Asia,aze.archive.ubuntu.com,FTP,ftp://aze.archive.ubuntu.com/ubuntu/ls-lR.gz,71,4.564637,success
2026-05-29T21:22:54,Asia,aze.archive.ubuntu.com,HTTP,http://aze.archive.ubuntu.com/ubuntu/ls-lR.gz,71,3.991887,success
2026-05-29T21:22:59,Asia,aze.archive.ubuntu.com,HTTPS,https://aze.archive.ubuntu.com/ubuntu/ls-lR.gz,71,4.760275,success
2026-05-29T21:23:17,USA,ftp.osuosl.org,FTP,ftp://ftp.osuosl.org/pub/ubuntu/ls-lR.gz,154,15.215597,success
2026-05-29T21:23:29,USA,ftp.osuosl.org,HTTP,http://ftp.osuosl.org/pub/ubuntu/ls-lR.gz,154,11.182652,success
2026-05-29T21:23:44,USA,ftp.osuosl.org,HTTPS,https://ftp.osuosl.org/pub/ubuntu/ls-lR.gz,154,15.376515,success
2026-05-29T21:33:55,Germany,mirror.netcologne.de,FTP,ftp://mirror.netcologne.de/ubuntu/ls-lR.gz,67,8.046703,success
2026-05-29T21:34:04,Germany,mirror.netcologne.de,HTTP,http://mirror.netcologne.de/ubuntu/ls-lR.gz,67,8.799598,success
2026-05-29T21:34:13,Germany,mirror.netcologne.de,HTTPS,https://mirror.netcologne.de/ubuntu/ls-lR.gz,67,8.464962,success
2026-05-29T21:34:22,Asia,aze.archive.ubuntu.com,FTP,ftp://aze.archive.ubuntu.com/ubuntu/ls-lR.gz,71,6.344215,success
2026-05-29T21:34:26,Asia,aze.archive.ubuntu.com,HTTP,http://aze.archive.ubuntu.com/ubuntu/ls-lR.gz,71,3.951950,success
2026-05-29T21:34:31,Asia,aze.archive.ubuntu.com,HTTPS,https://aze.archive.ubuntu.com/ubuntu/ls-lR.gz,71,4.270653,success
2026-05-29T21:34:48,USA,ftp.osuosl.org,FTP,ftp://ftp.osuosl.org/pub/ubuntu/ls-lR.gz,155,13.595228,success
2026-05-29T21:35:04,USA,ftp.osuosl.org,HTTP,http://ftp.osuosl.org/pub/ubuntu/ls-lR.gz,155,16.531363,success
2026-05-29T21:35:21,USA,ftp.osuosl.org,HTTPS,https://ftp.osuosl.org/pub/ubuntu/ls-lR.gz,155,16.933575,success
2026-05-29T21:45:33,Germany,mirror.netcologne.de,FTP,ftp://mirror.netcologne.de/ubuntu/ls-lR.gz,69,8.725333,success
2026-05-29T21:45:41,Germany,mirror.netcologne.de,HTTP,http://mirror.netcologne.de/ubuntu/ls-lR.gz,69,7.899168,success
2026-05-29T21:45:50,Germany,mirror.netcologne.de,HTTPS,https://mirror.netcologne.de/ubuntu/ls-lR.gz,69,8.333943,success
2026-05-29T21:45:58,Asia,aze.archive.ubuntu.com,FTP,ftp://aze.archive.ubuntu.com/ubuntu/ls-lR.gz,158,4.998842,success
2026-05-29T21:46:04,Asia,aze.archive.ubuntu.com,HTTP,http://aze.archive.ubuntu.com/ubuntu/ls-lR.gz,158,5.826480,success
2026-05-29T21:46:10,Asia,aze.archive.ubuntu.com,HTTPS,https://aze.archive.ubuntu.com/ubuntu/ls-lR.gz,158,5.778870,success
2026-05-29T21:46:27,USA,ftp.osuosl.org,FTP,ftp://ftp.osuosl.org/pub/ubuntu/ls-lR.gz,136,13.757794,success
2026-05-29T21:46:42,USA,ftp.osuosl.org,HTTP,http://ftp.osuosl.org/pub/ubuntu/ls-lR.gz,136,15.395458,success
2026-05-29T21:46:53,USA,ftp.osuosl.org,HTTPS,https://ftp.osuosl.org/pub/ubuntu/ls-lR.gz,136,11.008031,success
2026-05-29T21:57:05,Germany,mirror.netcologne.de,FTP,ftp://mirror.netcologne.de/ubuntu/ls-lR.gz,67,8.506437,success
2026-05-29T21:57:13,Germany,mirror.netcologne.de,HTTP,http://mirror.netcologne.de/ubuntu/ls-lR.gz,67,8.008882,success
2026-05-29T21:57:22,Germany,mirror.netcologne.de,HTTPS,https://mirror.netcologne.de/ubuntu/ls-lR.gz,67,8.639497,success
2026-05-29T21:57:32,Asia,aze.archive.ubuntu.com,FTP,ftp://aze.archive.ubuntu.com/ubuntu/ls-lR.gz,143,7.177387,success
2026-05-29T21:57:38,Asia,aze.archive.ubuntu.com,HTTP,http://aze.archive.ubuntu.com/ubuntu/ls-lR.gz,143,5.454149,success
2026-05-29T21:57:44,Asia,aze.archive.ubuntu.com,HTTPS,https://aze.archive.ubuntu.com/ubuntu/ls-lR.gz,143,5.699946,success
2026-05-29T21:58:41,USA,ftp.osuosl.org,FTP,ftp://ftp.osuosl.org/pub/ubuntu/ls-lR.gz,214,54.001717,success
2026-05-29T21:59:30,USA,ftp.osuosl.org,HTTP,http://ftp.osuosl.org/pub/ubuntu/ls-lR.gz,214,49.183570,success
2026-05-29T22:01:21,USA,ftp.osuosl.org,HTTPS,https://ftp.osuosl.org/pub/ubuntu/ls-lR.gz,214,110.617114,success
2026-05-29T22:11:33,Germany,mirror.netcologne.de,FTP,ftp://mirror.netcologne.de/ubuntu/ls-lR.gz,73,8.651997,success
2026-05-29T22:11:41,Germany,mirror.netcologne.de,HTTP,http://mirror.netcologne.de/ubuntu/ls-lR.gz,73,8.076068,success
2026-05-29T22:11:49,Germany,mirror.netcologne.de,HTTPS,https://mirror.netcologne.de/ubuntu/ls-lR.gz,73,7.436281,success
2026-05-29T22:11:59,Asia,aze.archive.ubuntu.com,FTP,ftp://aze.archive.ubuntu.com/ubuntu/ls-lR.gz,143,6.668306,success
2026-05-29T22:12:04,Asia,aze.archive.ubuntu.com,HTTP,http://aze.archive.ubuntu.com/ubuntu/ls-lR.gz,143,5.442279,success
2026-05-29T22:12:10,Asia,aze.archive.ubuntu.com,HTTPS,https://aze.archive.ubuntu.com/ubuntu/ls-lR.gz,143,5.807323,success
2026-05-29T22:12:31,USA,ftp.osuosl.org,FTP,ftp://ftp.osuosl.org/pub/ubuntu/ls-lR.gz,137,17.607051,success
2026-05-29T22:12:43,USA,ftp.osuosl.org,HTTP,http://ftp.osuosl.org/pub/ubuntu/ls-lR.gz,137,12.343381,success
2026-05-29T22:13:02,USA,ftp.osuosl.org,HTTPS,https://ftp.osuosl.org/pub/ubuntu/ls-lR.gz,137,18.564614,success
2026-05-29T22:23:14,Germany,mirror.netcologne.de,FTP,ftp://mirror.netcologne.de/ubuntu/ls-lR.gz,72,8.274017,success
2026-05-29T22:23:22,Germany,mirror.netcologne.de,HTTP,http://mirror.netcologne.de/ubuntu/ls-lR.gz,72,7.930555,success
2026-05-29T22:23:31,Germany,mirror.netcologne.de,HTTPS,https://mirror.netcologne.de/ubuntu/ls-lR.gz,72,9.149468,success
2026-05-29T22:23:41,Asia,aze.archive.ubuntu.com,FTP,ftp://aze.archive.ubuntu.com/ubuntu/ls-lR.gz,86,7.351962,success
2026-05-29T22:23:46,Asia,aze.archive.ubuntu.com,HTTP,http://aze.archive.ubuntu.com/ubuntu/ls-lR.gz,86,4.725087,success
2026-05-29T22:23:51,Asia,aze.archive.ubuntu.com,HTTPS,https://aze.archive.ubuntu.com/ubuntu/ls-lR.gz,86,4.669257,success
2026-05-29T22:24:53,USA,ftp.osuosl.org,FTP,ftp://ftp.osuosl.org/pub/ubuntu/ls-lR.gz,216,58.727372,success
2026-05-29T22:26:37,USA,ftp.osuosl.org,HTTP,http://ftp.osuosl.org/pub/ubuntu/ls-lR.gz,216,103.586596,success
2026-05-29T22:28:31,USA,ftp.osuosl.org,HTTPS,https://ftp.osuosl.org/pub/ubuntu/ls-lR.gz,216,113.952274,success
2026-05-29T22:38:42,Germany,mirror.netcologne.de,FTP,ftp://mirror.netcologne.de/ubuntu/ls-lR.gz,68,7.746740,success
2026-05-29T22:38:50,Germany,mirror.netcologne.de,HTTP,http://mirror.netcologne.de/ubuntu/ls-lR.gz,68,8.674863,success
2026-05-29T22:38:59,Germany,mirror.netcologne.de,HTTPS,https://mirror.netcologne.de/ubuntu/ls-lR.gz,68,8.160353,success
2026-05-29T22:39:10,Asia,aze.archive.ubuntu.com,FTP,ftp://aze.archive.ubuntu.com/ubuntu/ls-lR.gz,145,7.560587,success
2026-05-29T22:39:17,Asia,aze.archive.ubuntu.com,HTTP,http://aze.archive.ubuntu.com/ubuntu/ls-lR.gz,145,7.577099,success
2026-05-29T22:39:23,Asia,aze.archive.ubuntu.com,HTTPS,https://aze.archive.ubuntu.com/ubuntu/ls-lR.gz,145,5.666766,success
2026-05-29T22:39:45,USA,ftp.osuosl.org,FTP,ftp://ftp.osuosl.org/pub/ubuntu/ls-lR.gz,135,18.240977,success
2026-05-29T22:40:04,USA,ftp.osuosl.org,HTTP,http://ftp.osuosl.org/pub/ubuntu/ls-lR.gz,135,19.525067,success
2026-05-29T22:40:20,USA,ftp.osuosl.org,HTTPS,https://ftp.osuosl.org/pub/ubuntu/ls-lR.gz,135,15.506574,success
2026-05-29T22:50:30,Germany,mirror.netcologne.de,FTP,ftp://mirror.netcologne.de/ubuntu/ls-lR.gz,68,7.478087,success
2026-05-29T22:50:38,Germany,mirror.netcologne.de,HTTP,http://mirror.netcologne.de/ubuntu/ls-lR.gz,68,7.752708,success
2026-05-29T22:50:47,Germany,mirror.netcologne.de,HTTPS,https://mirror.netcologne.de/ubuntu/ls-lR.gz,68,8.899369,success
2026-05-29T22:50:55,Asia,aze.archive.ubuntu.com,FTP,ftp://aze.archive.ubuntu.com/ubuntu/ls-lR.gz,72,4.561987,success
2026-05-29T22:51:00,Asia,aze.archive.ubuntu.com,HTTP,http://aze.archive.ubuntu.com/ubuntu/ls-lR.gz,72,4.844433,success
2026-05-29T22:51:04,Asia,aze.archive.ubuntu.com,HTTPS,https://aze.archive.ubuntu.com/ubuntu/ls-lR.gz,72,4.015948,success
2026-05-29T22:51:19,USA,ftp.osuosl.org,FTP,ftp://ftp.osuosl.org/pub/ubuntu/ls-lR.gz,135,11.578002,success
2026-05-29T22:51:43,USA,ftp.osuosl.org,HTTP,http://ftp.osuosl.org/pub/ubuntu/ls-lR.gz,135,24.005431,success
2026-05-29T22:52:00,USA,ftp.osuosl.org,HTTPS,https://ftp.osuosl.org/pub/ubuntu/ls-lR.gz,135,17.154803,success
2026-05-29T23:02:14,Germany,mirror.netcologne.de,FTP,ftp://mirror.netcologne.de/ubuntu/ls-lR.gz,81,10.841689,success
2026-05-29T23:02:24,Germany,mirror.netcologne.de,HTTP,http://mirror.netcologne.de/ubuntu/ls-lR.gz,81,9.172709,success
2026-05-29T23:02:33,Germany,mirror.netcologne.de,HTTPS,https://mirror.netcologne.de/ubuntu/ls-lR.gz,81,9.422778,success
2026-05-29T23:02:44,Asia,aze.archive.ubuntu.com,FTP,ftp://aze.archive.ubuntu.com/ubuntu/ls-lR.gz,213,7.124740,success
2026-05-29T23:02:50,Asia,aze.archive.ubuntu.com,HTTP,http://aze.archive.ubuntu.com/ubuntu/ls-lR.gz,213,6.476996,success
2026-05-29T23:02:57,Asia,aze.archive.ubuntu.com,HTTPS,https://aze.archive.ubuntu.com/ubuntu/ls-lR.gz,213,6.365010,success
2026-05-29T23:03:19,USA,ftp.osuosl.org,FTP,ftp://ftp.osuosl.org/pub/ubuntu/ls-lR.gz,138,19.199161,success
2026-05-29T23:03:36,USA,ftp.osuosl.org,HTTP,http://ftp.osuosl.org/pub/ubuntu/ls-lR.gz,138,17.260678,success
2026-05-29T23:03:52,USA,ftp.osuosl.org,HTTPS,https://ftp.osuosl.org/pub/ubuntu/ls-lR.gz,138,15.194906,success
2026-05-29T23:14:08,Germany,mirror.netcologne.de,FTP,ftp://mirror.netcologne.de/ubuntu/ls-lR.gz,89,12.885042,success
2026-05-29T23:14:21,Germany,mirror.netcologne.de,HTTP,http://mirror.netcologne.de/ubuntu/ls-lR.gz,89,13.431416,success
2026-05-29T23:14:32,Germany,mirror.netcologne.de,HTTPS,https://mirror.netcologne.de/ubuntu/ls-lR.gz,89,10.578817,success
2026-05-29T23:14:43,Asia,aze.archive.ubuntu.com,FTP,ftp://aze.archive.ubuntu.com/ubuntu/ls-lR.gz,103,7.450179,success
2026-05-29T23:14:50,Asia,aze.archive.ubuntu.com,HTTP,http://aze.archive.ubuntu.com/ubuntu/ls-lR.gz,103,7.683926,success
2026-05-29T23:14:57,Asia,aze.archive.ubuntu.com,HTTPS,https://aze.archive.ubuntu.com/ubuntu/ls-lR.gz,103,6.025878,success
2026-05-29T23:15:25,USA,ftp.osuosl.org,FTP,ftp://ftp.osuosl.org/pub/ubuntu/ls-lR.gz,183,24.887215,success
2026-05-29T23:15:47,USA,ftp.osuosl.org,HTTP,http://ftp.osuosl.org/pub/ubuntu/ls-lR.gz,183,21.687167,success
2026-05-29T23:16:09,USA,ftp.osuosl.org,HTTPS,https://ftp.osuosl.org/pub/ubuntu/ls-lR.gz,183,22.834619,success
2026-05-29T23:26:21,Germany,mirror.netcologne.de,FTP,ftp://mirror.netcologne.de/ubuntu/ls-lR.gz,67,8.332713,success
2026-05-29T23:26:30,Germany,mirror.netcologne.de,HTTP,http://mirror.netcologne.de/ubuntu/ls-lR.gz,67,8.480716,success
2026-05-29T23:26:38,Germany,mirror.netcologne.de,HTTPS,https://mirror.netcologne.de/ubuntu/ls-lR.gz,67,8.398837,success
2026-05-29T23:26:54,Asia,aze.archive.ubuntu.com,FTP,ftp://aze.archive.ubuntu.com/ubuntu/ls-lR.gz,143,11.841944,success
2026-05-29T23:27:19,Asia,aze.archive.ubuntu.com,HTTP,http://aze.archive.ubuntu.com/ubuntu/ls-lR.gz,143,25.122834,success
2026-05-29T23:27:38,Asia,aze.archive.ubuntu.com,HTTPS,https://aze.archive.ubuntu.com/ubuntu/ls-lR.gz,143,18.414827,success
2026-05-29T23:30:39,USA,ftp.osuosl.org,FTP,ftp://ftp.osuosl.org/pub/ubuntu/ls-lR.gz,216,178.182749,success
2026-05-29T23:30:55,USA,ftp.osuosl.org,HTTP,http://ftp.osuosl.org/pub/ubuntu/ls-lR.gz,216,15.899575,success
2026-05-29T23:31:08,USA,ftp.osuosl.org,HTTPS,https://ftp.osuosl.org/pub/ubuntu/ls-lR.gz,216,12.159541,success
2026-05-29T23:41:19,Germany,mirror.netcologne.de,FTP,ftp://mirror.netcologne.de/ubuntu/ls-lR.gz,68,8.426680,success
2026-05-29T23:41:28,Germany,mirror.netcologne.de,HTTP,http://mirror.netcologne.de/ubuntu/ls-lR.gz,68,8.274780,success
2026-05-29T23:41:35,Germany,mirror.netcologne.de,HTTPS,https://mirror.netcologne.de/ubuntu/ls-lR.gz,68,7.765937,success
2026-05-29T23:41:43,Asia,aze.archive.ubuntu.com,FTP,ftp://aze.archive.ubuntu.com/ubuntu/ls-lR.gz,69,4.735985,success
2026-05-29T23:41:48,Asia,aze.archive.ubuntu.com,HTTP,http://aze.archive.ubuntu.com/ubuntu/ls-lR.gz,69,4.955855,success
2026-05-29T23:41:52,Asia,aze.archive.ubuntu.com,HTTPS,https://aze.archive.ubuntu.com/ubuntu/ls-lR.gz,69,4.061629,success
2026-05-29T23:42:16,USA,ftp.osuosl.org,FTP,ftp://ftp.osuosl.org/pub/ubuntu/ls-lR.gz,157,19.654792,success
2026-05-29T23:42:30,USA,ftp.osuosl.org,HTTP,http://ftp.osuosl.org/pub/ubuntu/ls-lR.gz,157,14.184656,success
2026-05-29T23:42:46,USA,ftp.osuosl.org,HTTPS,https://ftp.osuosl.org/pub/ubuntu/ls-lR.gz,157,16.044311,success
2026-05-29T23:52:57,Germany,mirror.netcologne.de,FTP,ftp://mirror.netcologne.de/ubuntu/ls-lR.gz,72,7.997165,success
2026-05-29T23:53:06,Germany,mirror.netcologne.de,HTTP,http://mirror.netcologne.de/ubuntu/ls-lR.gz,72,9.120297,success
2026-05-29T23:53:14,Germany,mirror.netcologne.de,HTTPS,https://mirror.netcologne.de/ubuntu/ls-lR.gz,72,8.136842,success
2026-05-29T23:53:23,Asia,aze.archive.ubuntu.com,FTP,ftp://aze.archive.ubuntu.com/ubuntu/ls-lR.gz,72,4.779570,success
2026-05-29T23:53:28,Asia,aze.archive.ubuntu.com,HTTP,http://aze.archive.ubuntu.com/ubuntu/ls-lR.gz,72,5.740700,success
2026-05-29T23:53:33,Asia,aze.archive.ubuntu.com,HTTPS,https://aze.archive.ubuntu.com/ubuntu/ls-lR.gz,72,4.600561,success
2026-05-29T23:54:31,USA,ftp.osuosl.org,FTP,ftp://ftp.osuosl.org/pub/ubuntu/ls-lR.gz,233,54.330580,success
2026-05-29T23:55:06,USA,ftp.osuosl.org,HTTP,http://ftp.osuosl.org/pub/ubuntu/ls-lR.gz,233,35.318547,success
2026-05-29T23:56:10,USA,ftp.osuosl.org,HTTPS,https://ftp.osuosl.org/pub/ubuntu/ls-lR.gz,233,63.537428,success
2026-05-30T00:06:22,Germany,mirror.netcologne.de,FTP,ftp://mirror.netcologne.de/ubuntu/ls-lR.gz,68,9.137560,success
2026-05-30T00:06:30,Germany,mirror.netcologne.de,HTTP,http://mirror.netcologne.de/ubuntu/ls-lR.gz,68,7.945845,success
2026-05-30T00:06:37,Germany,mirror.netcologne.de,HTTPS,https://mirror.netcologne.de/ubuntu/ls-lR.gz,68,6.741593,success
2026-05-30T00:06:48,Asia,aze.archive.ubuntu.com,FTP,ftp://aze.archive.ubuntu.com/ubuntu/ls-lR.gz,145,7.489841,success
2026-05-30T00:06:53,Asia,aze.archive.ubuntu.com,HTTP,http://aze.archive.ubuntu.com/ubuntu/ls-lR.gz,145,5.009899,success
2026-05-30T00:06:59,Asia,aze.archive.ubuntu.com,HTTPS,https://aze.archive.ubuntu.com/ubuntu/ls-lR.gz,145,6.126622,success
2026-05-30T00:07:18,USA,ftp.osuosl.org,FTP,ftp://ftp.osuosl.org/pub/ubuntu/ls-lR.gz,157,15.455268,success
2026-05-30T00:07:32,USA,ftp.osuosl.org,HTTP,http://ftp.osuosl.org/pub/ubuntu/ls-lR.gz,157,13.829310,success
2026-05-30T00:07:48,USA,ftp.osuosl.org,HTTPS,https://ftp.osuosl.org/pub/ubuntu/ls-lR.gz,157,15.788130,success
2026-05-30T00:17:58,Germany,mirror.netcologne.de,FTP,ftp://mirror.netcologne.de/ubuntu/ls-lR.gz,67,6.931220,success
2026-05-30T00:18:05,Germany,mirror.netcologne.de,HTTP,http://mirror.netcologne.de/ubuntu/ls-lR.gz,67,7.133259,success
2026-05-30T00:18:12,Germany,mirror.netcologne.de,HTTPS,https://mirror.netcologne.de/ubuntu/ls-lR.gz,67,6.549632,success
2026-05-30T00:18:22,Asia,aze.archive.ubuntu.com,FTP,ftp://aze.archive.ubuntu.com/ubuntu/ls-lR.gz,141,7.276584,success
2026-05-30T00:18:28,Asia,aze.archive.ubuntu.com,HTTP,http://aze.archive.ubuntu.com/ubuntu/ls-lR.gz,141,6.073471,success
2026-05-30T00:18:34,Asia,aze.archive.ubuntu.com,HTTPS,https://aze.archive.ubuntu.com/ubuntu/ls-lR.gz,141,5.538508,success
2026-05-30T00:18:54,USA,ftp.osuosl.org,FTP,ftp://ftp.osuosl.org/pub/ubuntu/ls-lR.gz,139,16.140057,success
2026-05-30T00:19:07,USA,ftp.osuosl.org,HTTP,http://ftp.osuosl.org/pub/ubuntu/ls-lR.gz,139,13.446810,success
2026-05-30T00:19:23,USA,ftp.osuosl.org,HTTPS,https://ftp.osuosl.org/pub/ubuntu/ls-lR.gz,139,15.611129,success
2026-05-30T00:29:34,Germany,mirror.netcologne.de,FTP,ftp://mirror.netcologne.de/ubuntu/ls-lR.gz,69,8.191645,success
2026-05-30T00:29:42,Germany,mirror.netcologne.de,HTTP,http://mirror.netcologne.de/ubuntu/ls-lR.gz,69,7.346575,success
2026-05-30T00:29:50,Germany,mirror.netcologne.de,HTTPS,https://mirror.netcologne.de/ubuntu/ls-lR.gz,69,8.452183,success
2026-05-30T00:29:59,Asia,aze.archive.ubuntu.com,FTP,ftp://aze.archive.ubuntu.com/ubuntu/ls-lR.gz,89,5.304120,success
2026-05-30T00:30:03,Asia,aze.archive.ubuntu.com,HTTP,http://aze.archive.ubuntu.com/ubuntu/ls-lR.gz,89,4.572830,success
2026-05-30T00:30:08,Asia,aze.archive.ubuntu.com,HTTPS,https://aze.archive.ubuntu.com/ubuntu/ls-lR.gz,89,4.589926,success
2026-05-30T00:30:27,USA,ftp.osuosl.org,FTP,ftp://ftp.osuosl.org/pub/ubuntu/ls-lR.gz,138,16.034076,success
2026-05-30T00:30:42,USA,ftp.osuosl.org,HTTP,http://ftp.osuosl.org/pub/ubuntu/ls-lR.gz,138,14.134808,success
2026-05-30T00:30:54,USA,ftp.osuosl.org,HTTPS,https://ftp.osuosl.org/pub/ubuntu/ls-lR.gz,138,11.989138,success
2026-05-30T00:41:09,Germany,mirror.netcologne.de,FTP,ftp://mirror.netcologne.de/ubuntu/ls-lR.gz,77,11.608684,success
2026-05-30T00:41:18,Germany,mirror.netcologne.de,HTTP,http://mirror.netcologne.de/ubuntu/ls-lR.gz,77,9.321697,success
2026-05-30T00:41:28,Germany,mirror.netcologne.de,HTTPS,https://mirror.netcologne.de/ubuntu/ls-lR.gz,77,9.914615,success
2026-05-30T00:41:37,Asia,aze.archive.ubuntu.com,FTP,ftp://aze.archive.ubuntu.com/ubuntu/ls-lR.gz,170,5.842997,success
2026-05-30T00:41:43,Asia,aze.archive.ubuntu.com,HTTP,http://aze.archive.ubuntu.com/ubuntu/ls-lR.gz,170,6.402074,success
2026-05-30T00:41:50,Asia,aze.archive.ubuntu.com,HTTPS,https://aze.archive.ubuntu.com/ubuntu/ls-lR.gz,170,6.387543,success
2026-05-30T00:42:12,USA,ftp.osuosl.org,FTP,ftp://ftp.osuosl.org/pub/ubuntu/ls-lR.gz,165,18.979275,success
2026-05-30T00:42:34,USA,ftp.osuosl.org,HTTP,http://ftp.osuosl.org/pub/ubuntu/ls-lR.gz,165,21.274572,success
2026-05-30T00:42:45,USA,ftp.osuosl.org,HTTPS,https://ftp.osuosl.org/pub/ubuntu/ls-lR.gz,165,11.698789,success
2026-05-30T00:52:57,Germany,mirror.netcologne.de,FTP,ftp://mirror.netcologne.de/ubuntu/ls-lR.gz,69,8.018896,success
2026-05-30T00:53:04,Germany,mirror.netcologne.de,HTTP,http://mirror.netcologne.de/ubuntu/ls-lR.gz,69,7.169822,success
2026-05-30T00:53:11,Germany,mirror.netcologne.de,HTTPS,https://mirror.netcologne.de/ubuntu/ls-lR.gz,69,7.569436,success
2026-05-30T00:53:22,Asia,aze.archive.ubuntu.com,FTP,ftp://aze.archive.ubuntu.com/ubuntu/ls-lR.gz,142,7.206651,success
2026-05-30T00:53:27,Asia,aze.archive.ubuntu.com,HTTP,http://aze.archive.ubuntu.com/ubuntu/ls-lR.gz,142,5.308821,success
2026-05-30T00:53:33,Asia,aze.archive.ubuntu.com,HTTPS,https://aze.archive.ubuntu.com/ubuntu/ls-lR.gz,142,5.567035,success
2026-05-30T00:53:55,USA,ftp.osuosl.org,FTP,ftp://ftp.osuosl.org/pub/ubuntu/ls-lR.gz,137,18.806747,success
2026-05-30T00:54:12,USA,ftp.osuosl.org,HTTP,http://ftp.osuosl.org/pub/ubuntu/ls-lR.gz,137,16.546603,success
2026-05-30T00:54:28,USA,ftp.osuosl.org,HTTPS,https://ftp.osuosl.org/pub/ubuntu/ls-lR.gz,137,16.613466,success
2026-05-30T01:04:41,Germany,mirror.netcologne.de,FTP,ftp://mirror.netcologne.de/ubuntu/ls-lR.gz,68,9.559056,success
2026-05-30T01:04:49,Germany,mirror.netcologne.de,HTTP,http://mirror.netcologne.de/ubuntu/ls-lR.gz,68,7.280684,success
2026-05-30T01:04:56,Germany,mirror.netcologne.de,HTTPS,https://mirror.netcologne.de/ubuntu/ls-lR.gz,68,7.697424,success
2026-05-30T01:05:08,Asia,aze.archive.ubuntu.com,FTP,ftp://aze.archive.ubuntu.com/ubuntu/ls-lR.gz,143,8.215405,success
2026-05-30T01:05:14,Asia,aze.archive.ubuntu.com,HTTP,http://aze.archive.ubuntu.com/ubuntu/ls-lR.gz,143,5.722623,success
2026-05-30T01:05:20,Asia,aze.archive.ubuntu.com,HTTPS,https://aze.archive.ubuntu.com/ubuntu/ls-lR.gz,143,6.303193,success
2026-05-30T01:05:41,USA,ftp.osuosl.org,FTP,ftp://ftp.osuosl.org/pub/ubuntu/ls-lR.gz,135,17.976522,success
2026-05-30T01:05:56,USA,ftp.osuosl.org,HTTP,http://ftp.osuosl.org/pub/ubuntu/ls-lR.gz,135,14.771967,success
2026-05-30T01:06:11,USA,ftp.osuosl.org,HTTPS,https://ftp.osuosl.org/pub/ubuntu/ls-lR.gz,135,14.968221,success
2026-05-30T01:16:23,Germany,mirror.netcologne.de,FTP,ftp://mirror.netcologne.de/ubuntu/ls-lR.gz,69,8.436234,success
2026-05-30T01:16:30,Germany,mirror.netcologne.de,HTTP,http://mirror.netcologne.de/ubuntu/ls-lR.gz,69,7.024515,success
2026-05-30T01:16:39,Germany,mirror.netcologne.de,HTTPS,https://mirror.netcologne.de/ubuntu/ls-lR.gz,69,9.108951,success
2026-05-30T01:16:49,Asia,aze.archive.ubuntu.com,FTP,ftp://aze.archive.ubuntu.com/ubuntu/ls-lR.gz,70,6.211533,success
2026-05-30T01:16:53,Asia,aze.archive.ubuntu.com,HTTP,http://aze.archive.ubuntu.com/ubuntu/ls-lR.gz,70,3.902317,success
2026-05-30T01:16:57,Asia,aze.archive.ubuntu.com,HTTPS,https://aze.archive.ubuntu.com/ubuntu/ls-lR.gz,70,4.188034,success
2026-05-30T01:17:20,USA,ftp.osuosl.org,FTP,ftp://ftp.osuosl.org/pub/ubuntu/ls-lR.gz,158,20.022660,success
2026-05-30T01:17:32,USA,ftp.osuosl.org,HTTP,http://ftp.osuosl.org/pub/ubuntu/ls-lR.gz,158,11.835311,success
2026-05-30T01:17:47,USA,ftp.osuosl.org,HTTPS,https://ftp.osuosl.org/pub/ubuntu/ls-lR.gz,158,15.201896,success
2026-05-30T01:28:00,Germany,mirror.netcologne.de,FTP,ftp://mirror.netcologne.de/ubuntu/ls-lR.gz,70,8.841830,success
2026-05-30T01:28:07,Germany,mirror.netcologne.de,HTTP,http://mirror.netcologne.de/ubuntu/ls-lR.gz,70,7.741634,success
2026-05-30T01:28:15,Germany,mirror.netcologne.de,HTTPS,https://mirror.netcologne.de/ubuntu/ls-lR.gz,70,7.663040,success
2026-05-30T01:28:23,Asia,aze.archive.ubuntu.com,FTP,ftp://aze.archive.ubuntu.com/ubuntu/ls-lR.gz,70,4.910108,success
2026-05-30T01:28:27,Asia,aze.archive.ubuntu.com,HTTP,http://aze.archive.ubuntu.com/ubuntu/ls-lR.gz,70,4.038525,success
2026-05-30T01:28:31,Asia,aze.archive.ubuntu.com,HTTPS,https://aze.archive.ubuntu.com/ubuntu/ls-lR.gz,70,4.172468,success
2026-05-30T01:28:50,USA,ftp.osuosl.org,FTP,ftp://ftp.osuosl.org/pub/ubuntu/ls-lR.gz,137,15.563161,success
2026-05-30T01:29:04,USA,ftp.osuosl.org,HTTP,http://ftp.osuosl.org/pub/ubuntu/ls-lR.gz,137,13.258951,success
2026-05-30T01:29:17,USA,ftp.osuosl.org,HTTPS,https://ftp.osuosl.org/pub/ubuntu/ls-lR.gz,137,13.294595,success
2026-05-30T01:39:29,Germany,mirror.netcologne.de,FTP,ftp://mirror.netcologne.de/ubuntu/ls-lR.gz,68,8.557817,success
2026-05-30T01:39:37,Germany,mirror.netcologne.de,HTTP,http://mirror.netcologne.de/ubuntu/ls-lR.gz,68,7.969895,success
2026-05-30T01:39:44,Germany,mirror.netcologne.de,HTTPS,https://mirror.netcologne.de/ubuntu/ls-lR.gz,68,7.333484,success
2026-05-30T01:39:56,Asia,aze.archive.ubuntu.com,FTP,ftp://aze.archive.ubuntu.com/ubuntu/ls-lR.gz,157,7.833150,success
2026-05-30T01:40:00,Asia,aze.archive.ubuntu.com,HTTP,http://aze.archive.ubuntu.com/ubuntu/ls-lR.gz,157,4.668404,success
2026-05-30T01:40:06,Asia,aze.archive.ubuntu.com,HTTPS,https://aze.archive.ubuntu.com/ubuntu/ls-lR.gz,157,6.043116,success
2026-05-30T01:40:24,USA,ftp.osuosl.org,FTP,ftp://ftp.osuosl.org/pub/ubuntu/ls-lR.gz,155,14.139964,success
2026-05-30T01:40:40,USA,ftp.osuosl.org,HTTP,http://ftp.osuosl.org/pub/ubuntu/ls-lR.gz,155,15.958230,success
2026-05-30T01:40:58,USA,ftp.osuosl.org,HTTPS,https://ftp.osuosl.org/pub/ubuntu/ls-lR.gz,155,17.753642,success
2026-05-30T01:51:08,Germany,mirror.netcologne.de,FTP,ftp://mirror.netcologne.de/ubuntu/ls-lR.gz,68,7.182644,success
2026-05-30T01:51:17,Germany,mirror.netcologne.de,HTTP,http://mirror.netcologne.de/ubuntu/ls-lR.gz,68,8.442094,success
2026-05-30T01:51:25,Germany,mirror.netcologne.de,HTTPS,https://mirror.netcologne.de/ubuntu/ls-lR.gz,68,8.777287,success
2026-05-30T01:51:37,Asia,aze.archive.ubuntu.com,FTP,ftp://aze.archive.ubuntu.com/ubuntu/ls-lR.gz,92,8.415866,success
2026-05-30T01:51:42,Asia,aze.archive.ubuntu.com,HTTP,http://aze.archive.ubuntu.com/ubuntu/ls-lR.gz,92,4.304849,success
2026-05-30T01:51:46,Asia,aze.archive.ubuntu.com,HTTPS,https://aze.archive.ubuntu.com/ubuntu/ls-lR.gz,92,4.571588,success
2026-05-30T01:52:29,USA,ftp.osuosl.org,FTP,ftp://ftp.osuosl.org/pub/ubuntu/ls-lR.gz,216,39.171987,success
2026-05-30T01:53:06,USA,ftp.osuosl.org,HTTP,http://ftp.osuosl.org/pub/ubuntu/ls-lR.gz,216,36.937007,success
2026-05-30T01:54:10,USA,ftp.osuosl.org,HTTPS,https://ftp.osuosl.org/pub/ubuntu/ls-lR.gz,216,63.999008,success
2026-05-30T02:04:22,Germany,mirror.netcologne.de,FTP,ftp://mirror.netcologne.de/ubuntu/ls-lR.gz,68,8.675848,success
2026-05-30T02:04:28,Germany,mirror.netcologne.de,HTTP,http://mirror.netcologne.de/ubuntu/ls-lR.gz,68,6.445321,success
2026-05-30T02:04:36,Germany,mirror.netcologne.de,HTTPS,https://mirror.netcologne.de/ubuntu/ls-lR.gz,68,7.628814,success
2026-05-30T02:04:47,Asia,aze.archive.ubuntu.com,FTP,ftp://aze.archive.ubuntu.com/ubuntu/ls-lR.gz,90,7.323971,success
2026-05-30T02:04:51,Asia,aze.archive.ubuntu.com,HTTP,http://aze.archive.ubuntu.com/ubuntu/ls-lR.gz,90,4.319033,success
2026-05-30T02:04:56,Asia,aze.archive.ubuntu.com,HTTPS,https://aze.archive.ubuntu.com/ubuntu/ls-lR.gz,90,4.579651,success
2026-05-30T02:05:15,USA,ftp.osuosl.org,FTP,ftp://ftp.osuosl.org/pub/ubuntu/ls-lR.gz,156,15.990505,success
2026-05-30T02:05:37,USA,ftp.osuosl.org,HTTP,http://ftp.osuosl.org/pub/ubuntu/ls-lR.gz,156,22.080882,success
2026-05-30T02:06:01,USA,ftp.osuosl.org,HTTPS,https://ftp.osuosl.org/pub/ubuntu/ls-lR.gz,156,23.639762,success
2026-05-30T02:16:12,Germany,mirror.netcologne.de,FTP,ftp://mirror.netcologne.de/ubuntu/ls-lR.gz,68,8.132492,success
2026-05-30T02:16:19,Germany,mirror.netcologne.de,HTTP,http://mirror.netcologne.de/ubuntu/ls-lR.gz,68,6.717868,success
2026-05-30T02:16:27,Germany,mirror.netcologne.de,HTTPS,https://mirror.netcologne.de/ubuntu/ls-lR.gz,68,8.346731,success
2026-05-30T02:16:36,Asia,aze.archive.ubuntu.com,FTP,ftp://aze.archive.ubuntu.com/ubuntu/ls-lR.gz,89,5.046940,success
2026-05-30T02:16:40,Asia,aze.archive.ubuntu.com,HTTP,http://aze.archive.ubuntu.com/ubuntu/ls-lR.gz,89,4.271212,success
2026-05-30T02:16:44,Asia,aze.archive.ubuntu.com,HTTPS,https://aze.archive.ubuntu.com/ubuntu/ls-lR.gz,89,4.314645,success
2026-05-30T02:17:06,USA,ftp.osuosl.org,FTP,ftp://ftp.osuosl.org/pub/ubuntu/ls-lR.gz,136,18.427712,success
2026-05-30T02:17:23,USA,ftp.osuosl.org,HTTP,http://ftp.osuosl.org/pub/ubuntu/ls-lR.gz,136,16.763881,success
2026-05-30T02:17:40,USA,ftp.osuosl.org,HTTPS,https://ftp.osuosl.org/pub/ubuntu/ls-lR.gz,136,16.647776,success
2026-05-30T02:27:52,Germany,mirror.netcologne.de,FTP,ftp://mirror.netcologne.de/ubuntu/ls-lR.gz,69,8.476953,success
2026-05-30T02:27:59,Germany,mirror.netcologne.de,HTTP,http://mirror.netcologne.de/ubuntu/ls-lR.gz,69,6.945940,success
2026-05-30T02:28:06,Germany,mirror.netcologne.de,HTTPS,https://mirror.netcologne.de/ubuntu/ls-lR.gz,69,7.753998,success
2026-05-30T02:28:14,Asia,aze.archive.ubuntu.com,FTP,ftp://aze.archive.ubuntu.com/ubuntu/ls-lR.gz,70,4.623968,success
2026-05-30T02:28:19,Asia,aze.archive.ubuntu.com,HTTP,http://aze.archive.ubuntu.com/ubuntu/ls-lR.gz,70,4.214105,success
2026-05-30T02:28:23,Asia,aze.archive.ubuntu.com,HTTPS,https://aze.archive.ubuntu.com/ubuntu/ls-lR.gz,70,3.944318,success
2026-05-30T02:28:38,USA,ftp.osuosl.org,FTP,ftp://ftp.osuosl.org/pub/ubuntu/ls-lR.gz,156,12.038962,success
2026-05-30T02:28:50,USA,ftp.osuosl.org,HTTP,http://ftp.osuosl.org/pub/ubuntu/ls-lR.gz,156,12.509625,success
2026-05-30T02:29:04,USA,ftp.osuosl.org,HTTPS,https://ftp.osuosl.org/pub/ubuntu/ls-lR.gz,156,13.209132,success
2026-05-30T02:39:16,Germany,mirror.netcologne.de,FTP,ftp://mirror.netcologne.de/ubuntu/ls-lR.gz,71,9.022840,success
2026-05-30T02:39:23,Germany,mirror.netcologne.de,HTTP,http://mirror.netcologne.de/ubuntu/ls-lR.gz,71,6.448472,success
2026-05-30T02:39:29,Germany,mirror.netcologne.de,HTTPS,https://mirror.netcologne.de/ubuntu/ls-lR.gz,71,6.531214,success
2026-05-30T02:39:37,Asia,aze.archive.ubuntu.com,FTP,ftp://aze.archive.ubuntu.com/ubuntu/ls-lR.gz,69,4.647982,success
2026-05-30T02:39:41,Asia,aze.archive.ubuntu.com,HTTP,http://aze.archive.ubuntu.com/ubuntu/ls-lR.gz,69,3.925096,success
2026-05-30T02:39:45,Asia,aze.archive.ubuntu.com,HTTPS,https://aze.archive.ubuntu.com/ubuntu/ls-lR.gz,69,4.311284,success
2026-05-30T02:40:06,USA,ftp.osuosl.org,FTP,ftp://ftp.osuosl.org/pub/ubuntu/ls-lR.gz,136,17.277061,success
2026-05-30T02:40:18,USA,ftp.osuosl.org,HTTP,http://ftp.osuosl.org/pub/ubuntu/ls-lR.gz,136,11.787843,success
2026-05-30T02:40:35,USA,ftp.osuosl.org,HTTPS,https://ftp.osuosl.org/pub/ubuntu/ls-lR.gz,136,17.312820,success
2026-05-30T02:50:47,Germany,mirror.netcologne.de,FTP,ftp://mirror.netcologne.de/ubuntu/ls-lR.gz,69,8.666905,success
2026-05-30T02:50:55,Germany,mirror.netcologne.de,HTTP,http://mirror.netcologne.de/ubuntu/ls-lR.gz,69,7.542842,success
2026-05-30T02:51:02,Germany,mirror.netcologne.de,HTTPS,https://mirror.netcologne.de/ubuntu/ls-lR.gz,69,7.165916,success
2026-05-30T02:51:12,Asia,aze.archive.ubuntu.com,FTP,ftp://aze.archive.ubuntu.com/ubuntu/ls-lR.gz,144,7.085783,success
2026-05-30T02:51:18,Asia,aze.archive.ubuntu.com,HTTP,http://aze.archive.ubuntu.com/ubuntu/ls-lR.gz,144,5.661101,success
2026-05-30T02:51:24,Asia,aze.archive.ubuntu.com,HTTPS,https://aze.archive.ubuntu.com/ubuntu/ls-lR.gz,144,5.848662,success
2026-05-30T02:51:43,USA,ftp.osuosl.org,FTP,ftp://ftp.osuosl.org/pub/ubuntu/ls-lR.gz,136,15.084873,success
2026-05-30T02:51:55,USA,ftp.osuosl.org,HTTP,http://ftp.osuosl.org/pub/ubuntu/ls-lR.gz,136,12.752383,success
2026-05-30T02:52:06,USA,ftp.osuosl.org,HTTPS,https://ftp.osuosl.org/pub/ubuntu/ls-lR.gz,136,10.973393,success
2026-05-30T03:02:18,Germany,mirror.netcologne.de,FTP,ftp://mirror.netcologne.de/ubuntu/ls-lR.gz,68,8.612754,success
2026-05-30T03:02:25,Germany,mirror.netcologne.de,HTTP,http://mirror.netcologne.de/ubuntu/ls-lR.gz,68,6.627088,success
2026-05-30T03:02:32,Germany,mirror.netcologne.de,HTTPS,https://mirror.netcologne.de/ubuntu/ls-lR.gz,68,6.847747,success
2026-05-30T03:02:40,Asia,aze.archive.ubuntu.com,FTP,ftp://aze.archive.ubuntu.com/ubuntu/ls-lR.gz,87,5.085384,success
2026-05-30T03:02:44,Asia,aze.archive.ubuntu.com,HTTP,http://aze.archive.ubuntu.com/ubuntu/ls-lR.gz,87,4.169588,success
2026-05-30T03:02:49,Asia,aze.archive.ubuntu.com,HTTPS,https://aze.archive.ubuntu.com/ubuntu/ls-lR.gz,87,4.607795,success
2026-05-30T03:03:05,USA,ftp.osuosl.org,FTP,ftp://ftp.osuosl.org/pub/ubuntu/ls-lR.gz,137,12.440966,success
2026-05-30T03:03:21,USA,ftp.osuosl.org,HTTP,http://ftp.osuosl.org/pub/ubuntu/ls-lR.gz,137,15.909322,success
2026-05-30T03:03:34,USA,ftp.osuosl.org,HTTPS,https://ftp.osuosl.org/pub/ubuntu/ls-lR.gz,137,13.170965,success
2026-05-30T03:13:45,Germany,mirror.netcologne.de,FTP,ftp://mirror.netcologne.de/ubuntu/ls-lR.gz,67,7.485363,success
2026-05-30T03:13:52,Germany,mirror.netcologne.de,HTTP,http://mirror.netcologne.de/ubuntu/ls-lR.gz,67,7.495733,success
2026-05-30T03:14:00,Germany,mirror.netcologne.de,HTTPS,https://mirror.netcologne.de/ubuntu/ls-lR.gz,67,7.431240,success
2026-05-30T03:14:10,Asia,aze.archive.ubuntu.com,FTP,ftp://aze.archive.ubuntu.com/ubuntu/ls-lR.gz,200,6.750639,success
2026-05-30T03:14:16,Asia,aze.archive.ubuntu.com,HTTP,http://aze.archive.ubuntu.com/ubuntu/ls-lR.gz,200,5.603675,success
2026-05-30T03:14:21,Asia,aze.archive.ubuntu.com,HTTPS,https://aze.archive.ubuntu.com/ubuntu/ls-lR.gz,200,5.726901,success
2026-05-30T03:15:26,USA,ftp.osuosl.org,FTP,ftp://ftp.osuosl.org/pub/ubuntu/ls-lR.gz,214,61.074143,success
2026-05-30T03:16:00,USA,ftp.osuosl.org,HTTP,http://ftp.osuosl.org/pub/ubuntu/ls-lR.gz,214,33.580085,success
2026-05-30T03:16:56,USA,ftp.osuosl.org,HTTPS,https://ftp.osuosl.org/pub/ubuntu/ls-lR.gz,214,56.041535,success
2026-05-30T03:27:08,Germany,mirror.netcologne.de,FTP,ftp://mirror.netcologne.de/ubuntu/ls-lR.gz,68,8.982880,success
2026-05-30T03:27:16,Germany,mirror.netcologne.de,HTTP,http://mirror.netcologne.de/ubuntu/ls-lR.gz,68,8.047904,success
2026-05-30T03:27:24,Germany,mirror.netcologne.de,HTTPS,https://mirror.netcologne.de/ubuntu/ls-lR.gz,68,8.051620,success
2026-05-30T03:27:33,Asia,aze.archive.ubuntu.com,FTP,ftp://aze.archive.ubuntu.com/ubuntu/ls-lR.gz,323,4.879377,success
2026-05-30T03:27:38,Asia,aze.archive.ubuntu.com,HTTP,http://aze.archive.ubuntu.com/ubuntu/ls-lR.gz,323,5.306924,success
2026-05-30T03:27:46,Asia,aze.archive.ubuntu.com,HTTPS,https://aze.archive.ubuntu.com/ubuntu/ls-lR.gz,323,7.619603,success
2026-05-30T03:28:04,USA,ftp.osuosl.org,FTP,ftp://ftp.osuosl.org/pub/ubuntu/ls-lR.gz,136,14.699841,success
2026-05-30T03:28:18,USA,ftp.osuosl.org,HTTP,http://ftp.osuosl.org/pub/ubuntu/ls-lR.gz,136,14.243636,success
2026-05-30T03:28:35,USA,ftp.osuosl.org,HTTPS,https://ftp.osuosl.org/pub/ubuntu/ls-lR.gz,136,16.476812,success
2026-05-30T03:38:47,Germany,mirror.netcologne.de,FTP,ftp://mirror.netcologne.de/ubuntu/ls-lR.gz,68,8.578631,success
2026-05-30T03:38:55,Germany,mirror.netcologne.de,HTTP,http://mirror.netcologne.de/ubuntu/ls-lR.gz,68,7.778534,success
2026-05-30T03:39:03,Germany,mirror.netcologne.de,HTTPS,https://mirror.netcologne.de/ubuntu/ls-lR.gz,68,7.826927,success
2026-05-30T03:39:11,Asia,aze.archive.ubuntu.com,FTP,ftp://aze.archive.ubuntu.com/ubuntu/ls-lR.gz,89,5.123425,success
2026-05-30T03:39:15,Asia,aze.archive.ubuntu.com,HTTP,http://aze.archive.ubuntu.com/ubuntu/ls-lR.gz,89,4.203493,success
2026-05-30T03:39:20,Asia,aze.archive.ubuntu.com,HTTPS,https://aze.archive.ubuntu.com/ubuntu/ls-lR.gz,89,4.303143,success
2026-05-30T03:40:20,USA,ftp.osuosl.org,FTP,ftp://ftp.osuosl.org/pub/ubuntu/ls-lR.gz,215,57.128383,success
2026-05-30T03:40:45,USA,ftp.osuosl.org,HTTP,http://ftp.osuosl.org/pub/ubuntu/ls-lR.gz,215,25.175755,success
2026-05-30T03:41:33,USA,ftp.osuosl.org,HTTPS,https://ftp.osuosl.org/pub/ubuntu/ls-lR.gz,215,47.890836,success
2026-05-30T03:51:45,Germany,mirror.netcologne.de,FTP,ftp://mirror.netcologne.de/ubuntu/ls-lR.gz,69,8.349647,success
2026-05-30T03:51:53,Germany,mirror.netcologne.de,HTTP,http://mirror.netcologne.de/ubuntu/ls-lR.gz,69,7.802577,success
2026-05-30T03:52:00,Germany,mirror.netcologne.de,HTTPS,https://mirror.netcologne.de/ubuntu/ls-lR.gz,69,7.291505,success
2026-05-30T03:52:08,Asia,aze.archive.ubuntu.com,FTP,ftp://aze.archive.ubuntu.com/ubuntu/ls-lR.gz,69,4.649881,success
2026-05-30T03:52:12,Asia,aze.archive.ubuntu.com,HTTP,http://aze.archive.ubuntu.com/ubuntu/ls-lR.gz,69,3.892902,success
2026-05-30T03:52:16,Asia,aze.archive.ubuntu.com,HTTPS,https://aze.archive.ubuntu.com/ubuntu/ls-lR.gz,69,4.288406,success
2026-05-30T03:53:15,USA,ftp.osuosl.org,FTP,ftp://ftp.osuosl.org/pub/ubuntu/ls-lR.gz,215,54.981173,success
2026-05-30T03:54:00,USA,ftp.osuosl.org,HTTP,http://ftp.osuosl.org/pub/ubuntu/ls-lR.gz,215,44.670328,success
2026-05-30T03:55:16,USA,ftp.osuosl.org,HTTPS,https://ftp.osuosl.org/pub/ubuntu/ls-lR.gz,215,76.807209,success
2026-05-30T04:05:28,Germany,mirror.netcologne.de,FTP,ftp://mirror.netcologne.de/ubuntu/ls-lR.gz,68,8.575350,success
2026-05-30T04:05:36,Germany,mirror.netcologne.de,HTTP,http://mirror.netcologne.de/ubuntu/ls-lR.gz,68,7.261188,success
2026-05-30T04:05:43,Germany,mirror.netcologne.de,HTTPS,https://mirror.netcologne.de/ubuntu/ls-lR.gz,68,7.434722,success
2026-05-30T04:05:54,Asia,aze.archive.ubuntu.com,FTP,ftp://aze.archive.ubuntu.com/ubuntu/ls-lR.gz,142,6.823228,success
2026-05-30T04:06:01,Asia,aze.archive.ubuntu.com,HTTP,http://aze.archive.ubuntu.com/ubuntu/ls-lR.gz,142,7.351854,success
2026-05-30T04:06:07,Asia,aze.archive.ubuntu.com,HTTPS,https://aze.archive.ubuntu.com/ubuntu/ls-lR.gz,142,5.745552,success
2026-05-30T04:06:26,USA,ftp.osuosl.org,FTP,ftp://ftp.osuosl.org/pub/ubuntu/ls-lR.gz,136,15.297787,success
2026-05-30T04:06:38,USA,ftp.osuosl.org,HTTP,http://ftp.osuosl.org/pub/ubuntu/ls-lR.gz,136,11.902410,success
2026-05-30T04:06:53,USA,ftp.osuosl.org,HTTPS,https://ftp.osuosl.org/pub/ubuntu/ls-lR.gz,136,15.122691,success
2026-05-30T04:17:04,Germany,mirror.netcologne.de,FTP,ftp://mirror.netcologne.de/ubuntu/ls-lR.gz,70,7.796941,success
2026-05-30T04:17:10,Germany,mirror.netcologne.de,HTTP,http://mirror.netcologne.de/ubuntu/ls-lR.gz,70,6.487783,success
2026-05-30T04:17:18,Germany,mirror.netcologne.de,HTTPS,https://mirror.netcologne.de/ubuntu/ls-lR.gz,70,7.170133,success
2026-05-30T04:17:33,Asia,aze.archive.ubuntu.com,FTP,ftp://aze.archive.ubuntu.com/ubuntu/ls-lR.gz,144,12.391145,success
2026-05-30T04:17:39,Asia,aze.archive.ubuntu.com,HTTP,http://aze.archive.ubuntu.com/ubuntu/ls-lR.gz,144,5.567581,success
2026-05-30T04:17:45,Asia,aze.archive.ubuntu.com,HTTPS,https://aze.archive.ubuntu.com/ubuntu/ls-lR.gz,144,6.008361,success
2026-05-30T04:18:41,USA,ftp.osuosl.org,FTP,ftp://ftp.osuosl.org/pub/ubuntu/ls-lR.gz,215,52.431688,success
2026-05-30T04:19:28,USA,ftp.osuosl.org,HTTP,http://ftp.osuosl.org/pub/ubuntu/ls-lR.gz,215,46.595029,success
2026-05-30T04:21:21,USA,ftp.osuosl.org,HTTPS,https://ftp.osuosl.org/pub/ubuntu/ls-lR.gz,215,113.377589,success
2026-05-30T04:31:32,Germany,mirror.netcologne.de,FTP,ftp://mirror.netcologne.de/ubuntu/ls-lR.gz,68,7.512287,success
2026-05-30T04:31:39,Germany,mirror.netcologne.de,HTTP,http://mirror.netcologne.de/ubuntu/ls-lR.gz,68,7.051741,success
2026-05-30T04:31:46,Germany,mirror.netcologne.de,HTTPS,https://mirror.netcologne.de/ubuntu/ls-lR.gz,68,7.222774,success
2026-05-30T04:31:55,Asia,aze.archive.ubuntu.com,FTP,ftp://aze.archive.ubuntu.com/ubuntu/ls-lR.gz,86,5.442509,success
2026-05-30T04:32:00,Asia,aze.archive.ubuntu.com,HTTP,http://aze.archive.ubuntu.com/ubuntu/ls-lR.gz,86,4.645499,success
2026-05-30T04:32:04,Asia,aze.archive.ubuntu.com,HTTPS,https://aze.archive.ubuntu.com/ubuntu/ls-lR.gz,86,4.247324,success
2026-05-30T04:32:24,USA,ftp.osuosl.org,FTP,ftp://ftp.osuosl.org/pub/ubuntu/ls-lR.gz,155,16.389153,success
2026-05-30T04:32:40,USA,ftp.osuosl.org,HTTP,http://ftp.osuosl.org/pub/ubuntu/ls-lR.gz,155,16.154035,success
2026-05-30T04:32:52,USA,ftp.osuosl.org,HTTPS,https://ftp.osuosl.org/pub/ubuntu/ls-lR.gz,155,11.995465,success
2026-05-30T04:43:03,Germany,mirror.netcologne.de,FTP,ftp://mirror.netcologne.de/ubuntu/ls-lR.gz,68,7.711329,success
2026-05-30T04:43:10,Germany,mirror.netcologne.de,HTTP,http://mirror.netcologne.de/ubuntu/ls-lR.gz,68,7.404847,success
2026-05-30T04:43:19,Germany,mirror.netcologne.de,HTTPS,https://mirror.netcologne.de/ubuntu/ls-lR.gz,68,8.390456,success
2026-05-30T04:43:30,Asia,aze.archive.ubuntu.com,FTP,ftp://aze.archive.ubuntu.com/ubuntu/ls-lR.gz,86,7.369448,success
2026-05-30T04:43:34,Asia,aze.archive.ubuntu.com,HTTP,http://aze.archive.ubuntu.com/ubuntu/ls-lR.gz,86,4.461388,success
2026-05-30T04:43:38,Asia,aze.archive.ubuntu.com,HTTPS,https://aze.archive.ubuntu.com/ubuntu/ls-lR.gz,86,4.375181,success
2026-05-30T04:43:58,USA,ftp.osuosl.org,FTP,ftp://ftp.osuosl.org/pub/ubuntu/ls-lR.gz,157,16.684684,success
2026-05-30T04:44:10,USA,ftp.osuosl.org,HTTP,http://ftp.osuosl.org/pub/ubuntu/ls-lR.gz,157,11.447928,success
2026-05-30T04:44:25,USA,ftp.osuosl.org,HTTPS,https://ftp.osuosl.org/pub/ubuntu/ls-lR.gz,157,14.849834,success
2026-05-30T04:54:36,Germany,mirror.netcologne.de,FTP,ftp://mirror.netcologne.de/ubuntu/ls-lR.gz,68,8.107674,success
2026-05-30T04:54:44,Germany,mirror.netcologne.de,HTTP,http://mirror.netcologne.de/ubuntu/ls-lR.gz,68,7.359090,success
2026-05-30T04:54:51,Germany,mirror.netcologne.de,HTTPS,https://mirror.netcologne.de/ubuntu/ls-lR.gz,68,7.542085,success
2026-05-30T04:55:00,Asia,aze.archive.ubuntu.com,FTP,ftp://aze.archive.ubuntu.com/ubuntu/ls-lR.gz,71,4.987773,success
2026-05-30T04:55:04,Asia,aze.archive.ubuntu.com,HTTP,http://aze.archive.ubuntu.com/ubuntu/ls-lR.gz,71,4.084974,success
2026-05-30T04:55:08,Asia,aze.archive.ubuntu.com,HTTPS,https://aze.archive.ubuntu.com/ubuntu/ls-lR.gz,71,3.851260,success
2026-05-30T04:56:11,USA,ftp.osuosl.org,FTP,ftp://ftp.osuosl.org/pub/ubuntu/ls-lR.gz,214,60.069660,success
2026-05-30T04:57:03,USA,ftp.osuosl.org,HTTP,http://ftp.osuosl.org/pub/ubuntu/ls-lR.gz,214,51.588651,success
2026-05-30T04:58:57,USA,ftp.osuosl.org,HTTPS,https://ftp.osuosl.org/pub/ubuntu/ls-lR.gz,214,113.775010,success
2026-05-30T05:09:09,Germany,mirror.netcologne.de,FTP,ftp://mirror.netcologne.de/ubuntu/ls-lR.gz,67,8.667865,success
2026-05-30T05:09:16,Germany,mirror.netcologne.de,HTTP,http://mirror.netcologne.de/ubuntu/ls-lR.gz,67,7.415683,success
2026-05-30T05:09:25,Germany,mirror.netcologne.de,HTTPS,https://mirror.netcologne.de/ubuntu/ls-lR.gz,67,8.832866,success
2026-05-30T05:09:33,Asia,aze.archive.ubuntu.com,FTP,ftp://aze.archive.ubuntu.com/ubuntu/ls-lR.gz,89,5.232189,success
2026-05-30T05:09:38,Asia,aze.archive.ubuntu.com,HTTP,http://aze.archive.ubuntu.com/ubuntu/ls-lR.gz,89,4.146965,success
2026-05-30T05:09:42,Asia,aze.archive.ubuntu.com,HTTPS,https://aze.archive.ubuntu.com/ubuntu/ls-lR.gz,89,4.406079,success
2026-05-30T05:10:02,USA,ftp.osuosl.org,FTP,ftp://ftp.osuosl.org/pub/ubuntu/ls-lR.gz,154,16.152174,success
2026-05-30T05:10:13,USA,ftp.osuosl.org,HTTP,http://ftp.osuosl.org/pub/ubuntu/ls-lR.gz,154,11.635367,success
2026-05-30T05:10:31,USA,ftp.osuosl.org,HTTPS,https://ftp.osuosl.org/pub/ubuntu/ls-lR.gz,154,17.901215,success
2026-05-30T05:20:43,Germany,mirror.netcologne.de,FTP,ftp://mirror.netcologne.de/ubuntu/ls-lR.gz,68,8.659497,success
2026-05-30T05:20:50,Germany,mirror.netcologne.de,HTTP,http://mirror.netcologne.de/ubuntu/ls-lR.gz,68,6.452856,success
2026-05-30T05:20:57,Germany,mirror.netcologne.de,HTTPS,https://mirror.netcologne.de/ubuntu/ls-lR.gz,68,6.872545,success
2026-05-30T05:21:05,Asia,aze.archive.ubuntu.com,FTP,ftp://aze.archive.ubuntu.com/ubuntu/ls-lR.gz,71,4.884203,success
2026-05-30T05:21:09,Asia,aze.archive.ubuntu.com,HTTP,http://aze.archive.ubuntu.com/ubuntu/ls-lR.gz,71,3.808524,success
2026-05-30T05:21:13,Asia,aze.archive.ubuntu.com,HTTPS,https://aze.archive.ubuntu.com/ubuntu/ls-lR.gz,71,4.094365,success
2026-05-30T05:22:16,USA,ftp.osuosl.org,FTP,ftp://ftp.osuosl.org/pub/ubuntu/ls-lR.gz,214,59.347754,success
2026-05-30T05:22:59,USA,ftp.osuosl.org,HTTP,http://ftp.osuosl.org/pub/ubuntu/ls-lR.gz,214,42.850619,success
2026-05-30T05:24:52,USA,ftp.osuosl.org,HTTPS,https://ftp.osuosl.org/pub/ubuntu/ls-lR.gz,214,113.687760,success
2026-05-30T05:35:04,Germany,mirror.netcologne.de,FTP,ftp://mirror.netcologne.de/ubuntu/ls-lR.gz,68,8.689040,success
2026-05-30T05:35:13,Germany,mirror.netcologne.de,HTTP,http://mirror.netcologne.de/ubuntu/ls-lR.gz,68,8.272823,success
2026-05-30T05:35:21,Germany,mirror.netcologne.de,HTTPS,https://mirror.netcologne.de/ubuntu/ls-lR.gz,68,7.807851,success
2026-05-30T05:35:31,Asia,aze.archive.ubuntu.com,FTP,ftp://aze.archive.ubuntu.com/ubuntu/ls-lR.gz,159,6.965360,success
2026-05-30T05:35:36,Asia,aze.archive.ubuntu.com,HTTP,http://aze.archive.ubuntu.com/ubuntu/ls-lR.gz,159,5.223231,success
2026-05-30T05:35:42,Asia,aze.archive.ubuntu.com,HTTPS,https://aze.archive.ubuntu.com/ubuntu/ls-lR.gz,159,5.500111,success
2026-05-30T05:35:58,USA,ftp.osuosl.org,FTP,ftp://ftp.osuosl.org/pub/ubuntu/ls-lR.gz,154,12.763498,success
2026-05-30T05:36:13,USA,ftp.osuosl.org,HTTP,http://ftp.osuosl.org/pub/ubuntu/ls-lR.gz,154,15.267402,success
2026-05-30T05:36:26,USA,ftp.osuosl.org,HTTPS,https://ftp.osuosl.org/pub/ubuntu/ls-lR.gz,154,12.306989,success
2026-05-30T05:46:38,Germany,mirror.netcologne.de,FTP,ftp://mirror.netcologne.de/ubuntu/ls-lR.gz,70,8.631454,success
2026-05-30T05:46:44,Germany,mirror.netcologne.de,HTTP,http://mirror.netcologne.de/ubuntu/ls-lR.gz,70,6.114466,success
2026-05-30T05:46:52,Germany,mirror.netcologne.de,HTTPS,https://mirror.netcologne.de/ubuntu/ls-lR.gz,70,7.973991,success
2026-05-30T05:47:02,Asia,aze.archive.ubuntu.com,FTP,ftp://aze.archive.ubuntu.com/ubuntu/ls-lR.gz,141,7.014509,success
2026-05-30T05:47:08,Asia,aze.archive.ubuntu.com,HTTP,http://aze.archive.ubuntu.com/ubuntu/ls-lR.gz,141,5.467841,success
2026-05-30T05:47:13,Asia,aze.archive.ubuntu.com,HTTPS,https://aze.archive.ubuntu.com/ubuntu/ls-lR.gz,141,5.560552,success
2026-05-30T05:47:38,USA,ftp.osuosl.org,FTP,ftp://ftp.osuosl.org/pub/ubuntu/ls-lR.gz,153,20.953686,success
2026-05-30T05:47:55,USA,ftp.osuosl.org,HTTP,http://ftp.osuosl.org/pub/ubuntu/ls-lR.gz,153,17.011435,success
2026-05-30T05:48:13,USA,ftp.osuosl.org,HTTPS,https://ftp.osuosl.org/pub/ubuntu/ls-lR.gz,153,18.004094,success
2026-05-30T05:58:24,Germany,mirror.netcologne.de,FTP,ftp://mirror.netcologne.de/ubuntu/ls-lR.gz,69,7.926194,success
2026-05-30T05:58:32,Germany,mirror.netcologne.de,HTTP,http://mirror.netcologne.de/ubuntu/ls-lR.gz,69,7.546179,success
2026-05-30T05:58:41,Germany,mirror.netcologne.de,HTTPS,https://mirror.netcologne.de/ubuntu/ls-lR.gz,69,9.119237,success
2026-05-30T05:58:49,Asia,aze.archive.ubuntu.com,FTP,ftp://aze.archive.ubuntu.com/ubuntu/ls-lR.gz,70,4.960824,success
2026-05-30T05:58:53,Asia,aze.archive.ubuntu.com,HTTP,http://aze.archive.ubuntu.com/ubuntu/ls-lR.gz,70,3.902347,success
2026-05-30T05:58:58,Asia,aze.archive.ubuntu.com,HTTPS,https://aze.archive.ubuntu.com/ubuntu/ls-lR.gz,70,4.573928,success
2026-05-30T05:59:17,USA,ftp.osuosl.org,FTP,ftp://ftp.osuosl.org/pub/ubuntu/ls-lR.gz,155,16.277522,success
2026-05-30T05:59:37,USA,ftp.osuosl.org,HTTP,http://ftp.osuosl.org/pub/ubuntu/ls-lR.gz,155,19.356066,success
2026-05-30T05:59:56,USA,ftp.osuosl.org,HTTPS,https://ftp.osuosl.org/pub/ubuntu/ls-lR.gz,155,19.813639,success
2026-05-30T06:10:06,Germany,mirror.netcologne.de,FTP,ftp://mirror.netcologne.de/ubuntu/ls-lR.gz,70,6.493531,success
2026-05-30T06:10:13,Germany,mirror.netcologne.de,HTTP,http://mirror.netcologne.de/ubuntu/ls-lR.gz,70,6.986997,success
2026-05-30T06:10:21,Germany,mirror.netcologne.de,HTTPS,https://mirror.netcologne.de/ubuntu/ls-lR.gz,70,7.418064,success
2026-05-30T06:10:29,Asia,aze.archive.ubuntu.com,FTP,ftp://aze.archive.ubuntu.com/ubuntu/ls-lR.gz,70,4.881843,success
2026-05-30T06:10:33,Asia,aze.archive.ubuntu.com,HTTP,http://aze.archive.ubuntu.com/ubuntu/ls-lR.gz,70,3.927222,success
2026-05-30T06:10:37,Asia,aze.archive.ubuntu.com,HTTPS,https://aze.archive.ubuntu.com/ubuntu/ls-lR.gz,70,3.982416,success
2026-05-30T06:10:59,USA,ftp.osuosl.org,FTP,ftp://ftp.osuosl.org/pub/ubuntu/ls-lR.gz,155,19.096364,success
2026-05-30T06:11:15,USA,ftp.osuosl.org,HTTP,http://ftp.osuosl.org/pub/ubuntu/ls-lR.gz,155,15.043126,success
2026-05-30T06:11:33,USA,ftp.osuosl.org,HTTPS,https://ftp.osuosl.org/pub/ubuntu/ls-lR.gz,155,18.897927,success
2026-05-30T06:21:45,Germany,mirror.netcologne.de,FTP,ftp://mirror.netcologne.de/ubuntu/ls-lR.gz,68,8.083964,success
2026-05-30T06:21:52,Germany,mirror.netcologne.de,HTTP,http://mirror.netcologne.de/ubuntu/ls-lR.gz,68,7.255896,success
2026-05-30T06:22:00,Germany,mirror.netcologne.de,HTTPS,https://mirror.netcologne.de/ubuntu/ls-lR.gz,68,7.433905,success
2026-05-30T06:22:08,Asia,aze.archive.ubuntu.com,FTP,ftp://aze.archive.ubuntu.com/ubuntu/ls-lR.gz,73,5.372388,success
2026-05-30T06:22:13,Asia,aze.archive.ubuntu.com,HTTP,http://aze.archive.ubuntu.com/ubuntu/ls-lR.gz,73,4.609662,success
2026-05-30T06:22:17,Asia,aze.archive.ubuntu.com,HTTPS,https://aze.archive.ubuntu.com/ubuntu/ls-lR.gz,73,4.087385,success
2026-05-30T06:22:35,USA,ftp.osuosl.org,FTP,ftp://ftp.osuosl.org/pub/ubuntu/ls-lR.gz,136,14.639329,success
2026-05-30T06:22:51,USA,ftp.osuosl.org,HTTP,http://ftp.osuosl.org/pub/ubuntu/ls-lR.gz,136,16.304388,success
2026-05-30T06:23:05,USA,ftp.osuosl.org,HTTPS,https://ftp.osuosl.org/pub/ubuntu/ls-lR.gz,136,13.786102,success
2026-05-30T06:33:17,Germany,mirror.netcologne.de,FTP,ftp://mirror.netcologne.de/ubuntu/ls-lR.gz,67,8.518323,success
2026-05-30T06:33:26,Germany,mirror.netcologne.de,HTTP,http://mirror.netcologne.de/ubuntu/ls-lR.gz,67,8.506637,success
2026-05-30T06:33:33,Germany,mirror.netcologne.de,HTTPS,https://mirror.netcologne.de/ubuntu/ls-lR.gz,67,7.658662,success
2026-05-30T06:33:44,Asia,aze.archive.ubuntu.com,FTP,ftp://aze.archive.ubuntu.com/ubuntu/ls-lR.gz,144,7.255177,success
2026-05-30T06:33:49,Asia,aze.archive.ubuntu.com,HTTP,http://aze.archive.ubuntu.com/ubuntu/ls-lR.gz,144,5.457517,success
2026-05-30T06:33:55,Asia,aze.archive.ubuntu.com,HTTPS,https://aze.archive.ubuntu.com/ubuntu/ls-lR.gz,144,5.861309,success
2026-05-30T06:34:20,USA,ftp.osuosl.org,FTP,ftp://ftp.osuosl.org/pub/ubuntu/ls-lR.gz,214,21.151581,success
2026-05-30T06:34:53,USA,ftp.osuosl.org,HTTP,http://ftp.osuosl.org/pub/ubuntu/ls-lR.gz,214,32.862062,success
2026-05-30T06:35:26,USA,ftp.osuosl.org,HTTPS,https://ftp.osuosl.org/pub/ubuntu/ls-lR.gz,214,33.248117,success
2026-05-30T06:45:39,Germany,mirror.netcologne.de,FTP,ftp://mirror.netcologne.de/ubuntu/ls-lR.gz,67,9.084275,success
2026-05-30T06:45:47,Germany,mirror.netcologne.de,HTTP,http://mirror.netcologne.de/ubuntu/ls-lR.gz,67,8.428505,success
2026-05-30T06:45:54,Germany,mirror.netcologne.de,HTTPS,https://mirror.netcologne.de/ubuntu/ls-lR.gz,67,6.753086,success
2026-05-30T06:46:04,Asia,aze.archive.ubuntu.com,FTP,ftp://aze.archive.ubuntu.com/ubuntu/ls-lR.gz,144,7.061073,success
2026-05-30T06:46:10,Asia,aze.archive.ubuntu.com,HTTP,http://aze.archive.ubuntu.com/ubuntu/ls-lR.gz,144,5.382681,success
2026-05-30T06:46:15,Asia,aze.archive.ubuntu.com,HTTPS,https://aze.archive.ubuntu.com/ubuntu/ls-lR.gz,144,5.493265,success
2026-05-30T06:46:34,USA,ftp.osuosl.org,FTP,ftp://ftp.osuosl.org/pub/ubuntu/ls-lR.gz,139,14.963548,success
2026-05-30T06:46:42,USA,ftp.osuosl.org,HTTP,http://ftp.osuosl.org/pub/ubuntu/ls-lR.gz,139,8.641177,success
2026-05-30T06:46:58,USA,ftp.osuosl.org,HTTPS,https://ftp.osuosl.org/pub/ubuntu/ls-lR.gz,139,15.653976,success
2026-05-30T06:57:10,Germany,mirror.netcologne.de,FTP,ftp://mirror.netcologne.de/ubuntu/ls-lR.gz,68,8.620052,success
2026-05-30T06:57:18,Germany,mirror.netcologne.de,HTTP,http://mirror.netcologne.de/ubuntu/ls-lR.gz,68,7.693001,success
2026-05-30T06:57:26,Germany,mirror.netcologne.de,HTTPS,https://mirror.netcologne.de/ubuntu/ls-lR.gz,68,8.657253,success
2026-05-30T06:57:34,Asia,aze.archive.ubuntu.com,FTP,ftp://aze.archive.ubuntu.com/ubuntu/ls-lR.gz,69,4.811061,success
2026-05-30T06:57:38,Asia,aze.archive.ubuntu.com,HTTP,http://aze.archive.ubuntu.com/ubuntu/ls-lR.gz,69,3.873487,success
2026-05-30T06:57:43,Asia,aze.archive.ubuntu.com,HTTPS,https://aze.archive.ubuntu.com/ubuntu/ls-lR.gz,69,4.271180,success
2026-05-30T06:58:02,USA,ftp.osuosl.org,FTP,ftp://ftp.osuosl.org/pub/ubuntu/ls-lR.gz,156,15.886987,success
2026-05-30T06:58:18,USA,ftp.osuosl.org,HTTP,http://ftp.osuosl.org/pub/ubuntu/ls-lR.gz,156,16.414174,success
2026-05-30T06:58:37,USA,ftp.osuosl.org,HTTPS,https://ftp.osuosl.org/pub/ubuntu/ls-lR.gz,156,18.126311,success
2026-05-30T07:08:49,Germany,mirror.netcologne.de,FTP,ftp://mirror.netcologne.de/ubuntu/ls-lR.gz,68,8.817455,success
2026-05-30T07:08:56,Germany,mirror.netcologne.de,HTTP,http://mirror.netcologne.de/ubuntu/ls-lR.gz,68,7.190127,success
2026-05-30T07:09:04,Germany,mirror.netcologne.de,HTTPS,https://mirror.netcologne.de/ubuntu/ls-lR.gz,68,8.456842,success
2026-05-30T07:09:13,Asia,aze.archive.ubuntu.com,FTP,ftp://aze.archive.ubuntu.com/ubuntu/ls-lR.gz,71,4.814337,success
2026-05-30T07:09:16,Asia,aze.archive.ubuntu.com,HTTP,http://aze.archive.ubuntu.com/ubuntu/ls-lR.gz,71,3.871257,success
2026-05-30T07:09:21,Asia,aze.archive.ubuntu.com,HTTPS,https://aze.archive.ubuntu.com/ubuntu/ls-lR.gz,71,4.247228,success
2026-05-30T07:09:38,USA,ftp.osuosl.org,FTP,ftp://ftp.osuosl.org/pub/ubuntu/ls-lR.gz,137,13.569985,success
2026-05-30T07:09:53,USA,ftp.osuosl.org,HTTP,http://ftp.osuosl.org/pub/ubuntu/ls-lR.gz,137,15.470579,success
2026-05-30T07:10:09,USA,ftp.osuosl.org,HTTPS,https://ftp.osuosl.org/pub/ubuntu/ls-lR.gz,137,16.276737,success
2026-05-30T07:20:21,Germany,mirror.netcologne.de,FTP,ftp://mirror.netcologne.de/ubuntu/ls-lR.gz,69,8.233079,success
2026-05-30T07:20:29,Germany,mirror.netcologne.de,HTTP,http://mirror.netcologne.de/ubuntu/ls-lR.gz,69,8.366678,success
2026-05-30T07:20:35,Germany,mirror.netcologne.de,HTTPS,https://mirror.netcologne.de/ubuntu/ls-lR.gz,69,5.870925,success
2026-05-30T07:20:44,Asia,aze.archive.ubuntu.com,FTP,ftp://aze.archive.ubuntu.com/ubuntu/ls-lR.gz,72,4.931122,success
2026-05-30T07:20:48,Asia,aze.archive.ubuntu.com,HTTP,http://aze.archive.ubuntu.com/ubuntu/ls-lR.gz,72,4.017664,success
2026-05-30T07:20:52,Asia,aze.archive.ubuntu.com,HTTPS,https://aze.archive.ubuntu.com/ubuntu/ls-lR.gz,72,4.071223,success
2026-05-30T07:21:13,USA,ftp.osuosl.org,FTP,ftp://ftp.osuosl.org/pub/ubuntu/ls-lR.gz,139,18.207974,success
2026-05-30T07:21:26,USA,ftp.osuosl.org,HTTP,http://ftp.osuosl.org/pub/ubuntu/ls-lR.gz,139,12.817964,success
2026-05-30T07:21:43,USA,ftp.osuosl.org,HTTPS,https://ftp.osuosl.org/pub/ubuntu/ls-lR.gz,139,16.551988,success
2026-05-30T07:31:54,Germany,mirror.netcologne.de,FTP,ftp://mirror.netcologne.de/ubuntu/ls-lR.gz,74,7.434144,success
2026-05-30T07:32:02,Germany,mirror.netcologne.de,HTTP,http://mirror.netcologne.de/ubuntu/ls-lR.gz,74,8.371281,success
2026-05-30T07:32:10,Germany,mirror.netcologne.de,HTTPS,https://mirror.netcologne.de/ubuntu/ls-lR.gz,74,7.712241,success
2026-05-30T07:32:18,Asia,aze.archive.ubuntu.com,FTP,ftp://aze.archive.ubuntu.com/ubuntu/ls-lR.gz,71,4.585105,success
2026-05-30T07:32:22,Asia,aze.archive.ubuntu.com,HTTP,http://aze.archive.ubuntu.com/ubuntu/ls-lR.gz,71,4.316827,success
2026-05-30T07:32:27,Asia,aze.archive.ubuntu.com,HTTPS,https://aze.archive.ubuntu.com/ubuntu/ls-lR.gz,71,5.374773,success
2026-05-30T07:32:48,USA,ftp.osuosl.org,FTP,ftp://ftp.osuosl.org/pub/ubuntu/ls-lR.gz,154,16.885514,success
2026-05-30T07:33:07,USA,ftp.osuosl.org,HTTP,http://ftp.osuosl.org/pub/ubuntu/ls-lR.gz,154,19.413086,success
2026-05-30T07:33:18,USA,ftp.osuosl.org,HTTPS,https://ftp.osuosl.org/pub/ubuntu/ls-lR.gz,154,10.627785,success
2026-05-30T07:43:29,Germany,mirror.netcologne.de,FTP,ftp://mirror.netcologne.de/ubuntu/ls-lR.gz,67,7.537672,success
2026-05-30T07:43:36,Germany,mirror.netcologne.de,HTTP,http://mirror.netcologne.de/ubuntu/ls-lR.gz,67,7.115968,success
2026-05-30T07:43:44,Germany,mirror.netcologne.de,HTTPS,https://mirror.netcologne.de/ubuntu/ls-lR.gz,67,8.510748,success
2026-05-30T07:43:53,Asia,aze.archive.ubuntu.com,FTP,ftp://aze.archive.ubuntu.com/ubuntu/ls-lR.gz,89,5.280305,success
2026-05-30T07:43:58,Asia,aze.archive.ubuntu.com,HTTP,http://aze.archive.ubuntu.com/ubuntu/ls-lR.gz,89,4.602690,success
2026-05-30T07:44:02,Asia,aze.archive.ubuntu.com,HTTPS,https://aze.archive.ubuntu.com/ubuntu/ls-lR.gz,89,4.393396,success
2026-05-30T07:44:22,USA,ftp.osuosl.org,FTP,ftp://ftp.osuosl.org/pub/ubuntu/ls-lR.gz,154,16.533309,success
2026-05-30T07:44:38,USA,ftp.osuosl.org,HTTP,http://ftp.osuosl.org/pub/ubuntu/ls-lR.gz,154,15.683934,success
2026-05-30T07:44:55,USA,ftp.osuosl.org,HTTPS,https://ftp.osuosl.org/pub/ubuntu/ls-lR.gz,154,17.251776,success
2026-05-30T07:55:07,Germany,mirror.netcologne.de,FTP,ftp://mirror.netcologne.de/ubuntu/ls-lR.gz,69,8.823463,success
2026-05-30T07:55:15,Germany,mirror.netcologne.de,HTTP,http://mirror.netcologne.de/ubuntu/ls-lR.gz,69,7.310388,success
2026-05-30T07:55:22,Germany,mirror.netcologne.de,HTTPS,https://mirror.netcologne.de/ubuntu/ls-lR.gz,69,7.372704,success
2026-05-30T07:55:30,Asia,aze.archive.ubuntu.com,FTP,ftp://aze.archive.ubuntu.com/ubuntu/ls-lR.gz,86,5.049096,success
2026-05-30T07:55:35,Asia,aze.archive.ubuntu.com,HTTP,http://aze.archive.ubuntu.com/ubuntu/ls-lR.gz,86,4.359562,success
2026-05-30T07:55:39,Asia,aze.archive.ubuntu.com,HTTPS,https://aze.archive.ubuntu.com/ubuntu/ls-lR.gz,86,4.537345,success
2026-05-30T07:56:19,USA,ftp.osuosl.org,FTP,ftp://ftp.osuosl.org/pub/ubuntu/ls-lR.gz,214,35.804034,success
2026-05-30T07:57:13,USA,ftp.osuosl.org,HTTP,http://ftp.osuosl.org/pub/ubuntu/ls-lR.gz,214,54.284425,success
2026-05-30T07:59:06,USA,ftp.osuosl.org,HTTPS,https://ftp.osuosl.org/pub/ubuntu/ls-lR.gz,214,112.261886,success
2026-05-30T08:09:16,Germany,mirror.netcologne.de,FTP,ftp://mirror.netcologne.de/ubuntu/ls-lR.gz,69,7.398903,success
2026-05-30T08:09:25,Germany,mirror.netcologne.de,HTTP,http://mirror.netcologne.de/ubuntu/ls-lR.gz,69,8.587860,success
2026-05-30T08:09:33,Germany,mirror.netcologne.de,HTTPS,https://mirror.netcologne.de/ubuntu/ls-lR.gz,69,7.732070,success
2026-05-30T08:09:41,Asia,aze.archive.ubuntu.com,FTP,ftp://aze.archive.ubuntu.com/ubuntu/ls-lR.gz,71,5.111266,success
2026-05-30T08:09:45,Asia,aze.archive.ubuntu.com,HTTP,http://aze.archive.ubuntu.com/ubuntu/ls-lR.gz,71,4.102342,success
2026-05-30T08:09:49,Asia,aze.archive.ubuntu.com,HTTPS,https://aze.archive.ubuntu.com/ubuntu/ls-lR.gz,71,3.890431,success
2026-05-30T08:10:32,USA,ftp.osuosl.org,FTP,ftp://ftp.osuosl.org/pub/ubuntu/ls-lR.gz,214,39.341200,success
2026-05-30T08:10:59,USA,ftp.osuosl.org,HTTP,http://ftp.osuosl.org/pub/ubuntu/ls-lR.gz,214,27.094067,success
2026-05-30T08:11:22,USA,ftp.osuosl.org,HTTPS,https://ftp.osuosl.org/pub/ubuntu/ls-lR.gz,214,23.065926,success
2026-05-30T08:21:35,Germany,mirror.netcologne.de,FTP,ftp://mirror.netcologne.de/ubuntu/ls-lR.gz,68,9.308922,success
2026-05-30T08:21:42,Germany,mirror.netcologne.de,HTTP,http://mirror.netcologne.de/ubuntu/ls-lR.gz,68,7.580204,success
2026-05-30T08:21:49,Germany,mirror.netcologne.de,HTTPS,https://mirror.netcologne.de/ubuntu/ls-lR.gz,68,6.251614,success
2026-05-30T08:21:59,Asia,aze.archive.ubuntu.com,FTP,ftp://aze.archive.ubuntu.com/ubuntu/ls-lR.gz,157,6.984914,success
2026-05-30T08:22:05,Asia,aze.archive.ubuntu.com,HTTP,http://aze.archive.ubuntu.com/ubuntu/ls-lR.gz,157,5.424805,success
2026-05-30T08:22:10,Asia,aze.archive.ubuntu.com,HTTPS,https://aze.archive.ubuntu.com/ubuntu/ls-lR.gz,157,5.654154,success
2026-05-30T08:22:32,USA,ftp.osuosl.org,FTP,ftp://ftp.osuosl.org/pub/ubuntu/ls-lR.gz,156,18.303397,success
2026-05-30T08:22:47,USA,ftp.osuosl.org,HTTP,http://ftp.osuosl.org/pub/ubuntu/ls-lR.gz,156,14.637059,success
2026-05-30T08:23:02,USA,ftp.osuosl.org,HTTPS,https://ftp.osuosl.org/pub/ubuntu/ls-lR.gz,156,14.796322,success
2026-05-30T08:33:15,Germany,mirror.netcologne.de,FTP,ftp://mirror.netcologne.de/ubuntu/ls-lR.gz,68,9.968729,success
2026-05-30T08:33:25,Germany,mirror.netcologne.de,HTTP,http://mirror.netcologne.de/ubuntu/ls-lR.gz,68,10.339656,success
2026-05-30T08:33:34,Germany,mirror.netcologne.de,HTTPS,https://mirror.netcologne.de/ubuntu/ls-lR.gz,68,8.253080,success
2026-05-30T08:33:42,Asia,aze.archive.ubuntu.com,FTP,ftp://aze.archive.ubuntu.com/ubuntu/ls-lR.gz,71,4.566884,success
2026-05-30T08:33:46,Asia,aze.archive.ubuntu.com,HTTP,http://aze.archive.ubuntu.com/ubuntu/ls-lR.gz,71,4.099615,success
2026-05-30T08:33:50,Asia,aze.archive.ubuntu.com,HTTPS,https://aze.archive.ubuntu.com/ubuntu/ls-lR.gz,71,4.101757,success
2026-05-30T08:34:06,USA,ftp.osuosl.org,FTP,ftp://ftp.osuosl.org/pub/ubuntu/ls-lR.gz,156,12.917208,success
2026-05-30T08:34:25,USA,ftp.osuosl.org,HTTP,http://ftp.osuosl.org/pub/ubuntu/ls-lR.gz,156,18.292875,success
2026-05-30T08:34:40,USA,ftp.osuosl.org,HTTPS,https://ftp.osuosl.org/pub/ubuntu/ls-lR.gz,156,14.789874,success
2026-05-30T08:44:51,Germany,mirror.netcologne.de,FTP,ftp://mirror.netcologne.de/ubuntu/ls-lR.gz,68,8.202057,success
2026-05-30T08:44:58,Germany,mirror.netcologne.de,HTTP,http://mirror.netcologne.de/ubuntu/ls-lR.gz,68,6.527142,success
2026-05-30T08:45:07,Germany,mirror.netcologne.de,HTTPS,https://mirror.netcologne.de/ubuntu/ls-lR.gz,68,9.388824,success
2026-05-30T08:45:16,Asia,aze.archive.ubuntu.com,FTP,ftp://aze.archive.ubuntu.com/ubuntu/ls-lR.gz,91,6.025115,success
2026-05-30T08:45:21,Asia,aze.archive.ubuntu.com,HTTP,http://aze.archive.ubuntu.com/ubuntu/ls-lR.gz,91,4.383242,success
2026-05-30T08:45:26,Asia,aze.archive.ubuntu.com,HTTPS,https://aze.archive.ubuntu.com/ubuntu/ls-lR.gz,91,4.645279,success
2026-05-30T08:45:47,USA,ftp.osuosl.org,FTP,ftp://ftp.osuosl.org/pub/ubuntu/ls-lR.gz,136,18.360686,success
2026-05-30T08:46:00,USA,ftp.osuosl.org,HTTP,http://ftp.osuosl.org/pub/ubuntu/ls-lR.gz,136,12.771515,success
2026-05-30T08:46:15,USA,ftp.osuosl.org,HTTPS,https://ftp.osuosl.org/pub/ubuntu/ls-lR.gz,136,14.705174,success
2026-05-30T08:56:27,Germany,mirror.netcologne.de,FTP,ftp://mirror.netcologne.de/ubuntu/ls-lR.gz,68,8.962240,success
2026-05-30T08:56:34,Germany,mirror.netcologne.de,HTTP,http://mirror.netcologne.de/ubuntu/ls-lR.gz,68,7.443592,success
2026-05-30T08:56:42,Germany,mirror.netcologne.de,HTTPS,https://mirror.netcologne.de/ubuntu/ls-lR.gz,68,7.210810,success
2026-05-30T08:56:52,Asia,aze.archive.ubuntu.com,FTP,ftp://aze.archive.ubuntu.com/ubuntu/ls-lR.gz,157,6.716051,success
2026-05-30T08:56:57,Asia,aze.archive.ubuntu.com,HTTP,http://aze.archive.ubuntu.com/ubuntu/ls-lR.gz,157,5.278746,success
2026-05-30T08:57:03,Asia,aze.archive.ubuntu.com,HTTPS,https://aze.archive.ubuntu.com/ubuntu/ls-lR.gz,157,5.697491,success
2026-05-30T08:57:21,USA,ftp.osuosl.org,FTP,ftp://ftp.osuosl.org/pub/ubuntu/ls-lR.gz,137,14.330308,success
2026-05-30T08:57:35,USA,ftp.osuosl.org,HTTP,http://ftp.osuosl.org/pub/ubuntu/ls-lR.gz,137,14.257534,success
2026-05-30T08:57:50,USA,ftp.osuosl.org,HTTPS,https://ftp.osuosl.org/pub/ubuntu/ls-lR.gz,137,14.654507,success
2026-05-30T09:08:02,Germany,mirror.netcologne.de,FTP,ftp://mirror.netcologne.de/ubuntu/ls-lR.gz,68,8.454048,success
2026-05-30T09:08:09,Germany,mirror.netcologne.de,HTTP,http://mirror.netcologne.de/ubuntu/ls-lR.gz,68,7.186504,success
2026-05-30T09:08:18,Germany,mirror.netcologne.de,HTTPS,https://mirror.netcologne.de/ubuntu/ls-lR.gz,68,9.255181,success
2026-05-30T09:08:28,Asia,aze.archive.ubuntu.com,FTP,ftp://aze.archive.ubuntu.com/ubuntu/ls-lR.gz,70,6.079097,success
2026-05-30T09:08:32,Asia,aze.archive.ubuntu.com,HTTP,http://aze.archive.ubuntu.com/ubuntu/ls-lR.gz,70,4.024855,success
2026-05-30T09:08:35,Asia,aze.archive.ubuntu.com,HTTPS,https://aze.archive.ubuntu.com/ubuntu/ls-lR.gz,70,3.880866,success
2026-05-30T09:08:52,USA,ftp.osuosl.org,FTP,ftp://ftp.osuosl.org/pub/ubuntu/ls-lR.gz,137,12.841482,success
2026-05-30T09:09:06,USA,ftp.osuosl.org,HTTP,http://ftp.osuosl.org/pub/ubuntu/ls-lR.gz,137,13.943625,success
2026-05-30T09:09:19,USA,ftp.osuosl.org,HTTPS,https://ftp.osuosl.org/pub/ubuntu/ls-lR.gz,137,12.983040,success
2026-05-30T09:19:30,Germany,mirror.netcologne.de,FTP,ftp://mirror.netcologne.de/ubuntu/ls-lR.gz,68,8.275188,success
2026-05-30T09:19:36,Germany,mirror.netcologne.de,HTTP,http://mirror.netcologne.de/ubuntu/ls-lR.gz,68,5.624542,success
2026-05-30T09:19:44,Germany,mirror.netcologne.de,HTTPS,https://mirror.netcologne.de/ubuntu/ls-lR.gz,68,8.109851,success
2026-05-30T09:19:52,Asia,aze.archive.ubuntu.com,FTP,ftp://aze.archive.ubuntu.com/ubuntu/ls-lR.gz,74,4.787078,success
2026-05-30T09:19:57,Asia,aze.archive.ubuntu.com,HTTP,http://aze.archive.ubuntu.com/ubuntu/ls-lR.gz,74,4.192769,success
2026-05-30T09:20:01,Asia,aze.archive.ubuntu.com,HTTPS,https://aze.archive.ubuntu.com/ubuntu/ls-lR.gz,74,4.070680,success
2026-05-30T09:20:37,USA,ftp.osuosl.org,FTP,ftp://ftp.osuosl.org/pub/ubuntu/ls-lR.gz,216,32.600629,success
2026-05-30T09:20:57,USA,ftp.osuosl.org,HTTP,http://ftp.osuosl.org/pub/ubuntu/ls-lR.gz,216,20.444831,success
2026-05-30T09:21:45,USA,ftp.osuosl.org,HTTPS,https://ftp.osuosl.org/pub/ubuntu/ls-lR.gz,216,47.675011,success
2026-05-30T09:31:57,Germany,mirror.netcologne.de,FTP,ftp://mirror.netcologne.de/ubuntu/ls-lR.gz,70,8.299878,success
2026-05-30T09:32:05,Germany,mirror.netcologne.de,HTTP,http://mirror.netcologne.de/ubuntu/ls-lR.gz,70,8.204021,success
2026-05-30T09:32:13,Germany,mirror.netcologne.de,HTTPS,https://mirror.netcologne.de/ubuntu/ls-lR.gz,70,7.710134,success
2026-05-30T09:32:21,Asia,aze.archive.ubuntu.com,FTP,ftp://aze.archive.ubuntu.com/ubuntu/ls-lR.gz,73,4.962829,success
2026-05-30T09:32:25,Asia,aze.archive.ubuntu.com,HTTP,http://aze.archive.ubuntu.com/ubuntu/ls-lR.gz,73,3.872901,success
2026-05-30T09:32:30,Asia,aze.archive.ubuntu.com,HTTPS,https://aze.archive.ubuntu.com/ubuntu/ls-lR.gz,73,4.579614,success
2026-05-30T09:33:21,USA,ftp.osuosl.org,FTP,ftp://ftp.osuosl.org/pub/ubuntu/ls-lR.gz,215,48.314652,success
2026-05-30T09:34:10,USA,ftp.osuosl.org,HTTP,http://ftp.osuosl.org/pub/ubuntu/ls-lR.gz,215,48.198495,success
2026-05-30T09:35:02,USA,ftp.osuosl.org,HTTPS,https://ftp.osuosl.org/pub/ubuntu/ls-lR.gz,215,52.133829,success
2026-05-30T09:45:13,Germany,mirror.netcologne.de,FTP,ftp://mirror.netcologne.de/ubuntu/ls-lR.gz,67,8.345964,success
2026-05-30T09:45:20,Germany,mirror.netcologne.de,HTTP,http://mirror.netcologne.de/ubuntu/ls-lR.gz,67,6.596970,success
2026-05-30T09:45:27,Germany,mirror.netcologne.de,HTTPS,https://mirror.netcologne.de/ubuntu/ls-lR.gz,67,6.930836,success
2026-05-30T09:45:37,Asia,aze.archive.ubuntu.com,FTP,ftp://aze.archive.ubuntu.com/ubuntu/ls-lR.gz,143,6.426863,success
2026-05-30T09:45:43,Asia,aze.archive.ubuntu.com,HTTP,http://aze.archive.ubuntu.com/ubuntu/ls-lR.gz,143,5.626671,success
2026-05-30T09:45:48,Asia,aze.archive.ubuntu.com,HTTPS,https://aze.archive.ubuntu.com/ubuntu/ls-lR.gz,143,5.603715,success
2026-05-30T09:46:06,USA,ftp.osuosl.org,FTP,ftp://ftp.osuosl.org/pub/ubuntu/ls-lR.gz,156,14.214338,success
2026-05-30T09:46:20,USA,ftp.osuosl.org,HTTP,http://ftp.osuosl.org/pub/ubuntu/ls-lR.gz,156,13.948333,success
2026-05-30T09:46:35,USA,ftp.osuosl.org,HTTPS,https://ftp.osuosl.org/pub/ubuntu/ls-lR.gz,156,15.556928,success
2026-05-30T09:56:31,Germany,mirror.netcologne.de,FTP,ftp://mirror.netcologne.de/ubuntu/ls-lR.gz,67,8.898013,success
2026-05-30T09:56:44,Germany,mirror.netcologne.de,HTTP,http://mirror.netcologne.de/ubuntu/ls-lR.gz,67,12.859937,success
2026-05-30T09:56:50,Germany,mirror.netcologne.de,HTTPS,https://mirror.netcologne.de/ubuntu/ls-lR.gz,67,6.045630,success
2026-05-30T09:57:01,Asia,aze.archive.ubuntu.com,FTP,ftp://aze.archive.ubuntu.com/ubuntu/ls-lR.gz,142,7.349204,success
2026-05-30T09:57:07,Asia,aze.archive.ubuntu.com,HTTP,http://aze.archive.ubuntu.com/ubuntu/ls-lR.gz,142,5.886198,success
2026-05-30T09:57:12,Asia,aze.archive.ubuntu.com,HTTPS,https://aze.archive.ubuntu.com/ubuntu/ls-lR.gz,142,5.680893,success
2026-05-30T09:57:35,USA,ftp.osuosl.org,FTP,ftp://ftp.osuosl.org/pub/ubuntu/ls-lR.gz,156,19.395877,success
2026-05-30T09:57:56,USA,ftp.osuosl.org,HTTP,http://ftp.osuosl.org/pub/ubuntu/ls-lR.gz,156,20.381512,success
2026-05-30T09:58:14,USA,ftp.osuosl.org,HTTPS,https://ftp.osuosl.org/pub/ubuntu/ls-lR.gz,156,18.112287,success
2026-05-30T10:08:29,Germany,mirror.netcologne.de,FTP,ftp://mirror.netcologne.de/ubuntu/ls-lR.gz,68,11.801198,success
2026-05-30T10:08:37,Germany,mirror.netcologne.de,HTTP,http://mirror.netcologne.de/ubuntu/ls-lR.gz,68,8.303330,success
2026-05-30T10:08:51,Germany,mirror.netcologne.de,HTTPS,https://mirror.netcologne.de/ubuntu/ls-lR.gz,68,13.849192,success
2026-05-30T10:09:10,Asia,aze.archive.ubuntu.com,FTP,ftp://aze.archive.ubuntu.com/ubuntu/ls-lR.gz,157,14.979106,success
2026-05-30T10:09:16,Asia,aze.archive.ubuntu.com,HTTP,http://aze.archive.ubuntu.com/ubuntu/ls-lR.gz,157,5.884678,success
2026-05-30T10:09:22,Asia,aze.archive.ubuntu.com,HTTPS,https://aze.archive.ubuntu.com/ubuntu/ls-lR.gz,157,6.203741,success
2026-05-30T10:09:42,USA,ftp.osuosl.org,FTP,ftp://ftp.osuosl.org/pub/ubuntu/ls-lR.gz,136,17.126044,success
2026-05-30T10:09:58,USA,ftp.osuosl.org,HTTP,http://ftp.osuosl.org/pub/ubuntu/ls-lR.gz,136,15.522183,success
2026-05-30T10:10:10,USA,ftp.osuosl.org,HTTPS,https://ftp.osuosl.org/pub/ubuntu/ls-lR.gz,136,11.968147,success
2026-05-30T10:20:27,Germany,mirror.netcologne.de,FTP,ftp://mirror.netcologne.de/ubuntu/ls-lR.gz,67,14.030508,success
2026-05-30T10:20:36,Germany,mirror.netcologne.de,HTTP,http://mirror.netcologne.de/ubuntu/ls-lR.gz,67,8.513983,success
2026-05-30T10:20:44,Germany,mirror.netcologne.de,HTTPS,https://mirror.netcologne.de/ubuntu/ls-lR.gz,67,8.154986,success
2026-05-30T10:20:53,Asia,aze.archive.ubuntu.com,FTP,ftp://aze.archive.ubuntu.com/ubuntu/ls-lR.gz,93,5.741393,success
2026-05-30T10:20:58,Asia,aze.archive.ubuntu.com,HTTP,http://aze.archive.ubuntu.com/ubuntu/ls-lR.gz,93,4.347249,success
2026-05-30T10:21:02,Asia,aze.archive.ubuntu.com,HTTPS,https://aze.archive.ubuntu.com/ubuntu/ls-lR.gz,93,4.320265,success
2026-05-30T10:21:55,USA,ftp.osuosl.org,FTP,ftp://ftp.osuosl.org/pub/ubuntu/ls-lR.gz,214,49.136067,success
2026-05-30T10:22:21,USA,ftp.osuosl.org,HTTP,http://ftp.osuosl.org/pub/ubuntu/ls-lR.gz,214,26.047147,success
2026-05-30T10:22:40,USA,ftp.osuosl.org,HTTPS,https://ftp.osuosl.org/pub/ubuntu/ls-lR.gz,214,19.279402,success
2026-05-30T10:32:58,Germany,mirror.netcologne.de,FTP,ftp://mirror.netcologne.de/ubuntu/ls-lR.gz,82,14.377338,success
2026-05-30T10:33:08,Germany,mirror.netcologne.de,HTTP,http://mirror.netcologne.de/ubuntu/ls-lR.gz,82,10.563297,success
2026-05-30T10:33:17,Germany,mirror.netcologne.de,HTTPS,https://mirror.netcologne.de/ubuntu/ls-lR.gz,82,8.820924,success
2026-05-30T10:33:26,Asia,aze.archive.ubuntu.com,FTP,ftp://aze.archive.ubuntu.com/ubuntu/ls-lR.gz,72,5.184910,success
2026-05-30T10:33:30,Asia,aze.archive.ubuntu.com,HTTP,http://aze.archive.ubuntu.com/ubuntu/ls-lR.gz,72,4.654370,success
2026-05-30T10:33:35,Asia,aze.archive.ubuntu.com,HTTPS,https://aze.archive.ubuntu.com/ubuntu/ls-lR.gz,72,4.237259,success
2026-05-30T10:34:44,USA,ftp.osuosl.org,FTP,ftp://ftp.osuosl.org/pub/ubuntu/ls-lR.gz,230,66.051275,success
2026-05-30T10:35:34,USA,ftp.osuosl.org,HTTP,http://ftp.osuosl.org/pub/ubuntu/ls-lR.gz,230,49.902547,success
2026-05-30T10:36:31,USA,ftp.osuosl.org,HTTPS,https://ftp.osuosl.org/pub/ubuntu/ls-lR.gz,230,56.730695,success
2026-05-30T10:46:47,Germany,mirror.netcologne.de,FTP,ftp://mirror.netcologne.de/ubuntu/ls-lR.gz,68,12.505597,success
2026-05-30T10:46:58,Germany,mirror.netcologne.de,HTTP,http://mirror.netcologne.de/ubuntu/ls-lR.gz,68,11.546691,success
2026-05-30T10:47:07,Germany,mirror.netcologne.de,HTTPS,https://mirror.netcologne.de/ubuntu/ls-lR.gz,68,8.741175,success
2026-05-30T10:47:16,Asia,aze.archive.ubuntu.com,FTP,ftp://aze.archive.ubuntu.com/ubuntu/ls-lR.gz,90,5.981360,success
2026-05-30T10:47:21,Asia,aze.archive.ubuntu.com,HTTP,http://aze.archive.ubuntu.com/ubuntu/ls-lR.gz,90,4.085447,success
2026-05-30T10:47:26,Asia,aze.archive.ubuntu.com,HTTPS,https://aze.archive.ubuntu.com/ubuntu/ls-lR.gz,90,5.288846,success
2026-05-30T10:47:46,USA,ftp.osuosl.org,FTP,ftp://ftp.osuosl.org/pub/ubuntu/ls-lR.gz,154,16.523586,success
2026-05-30T10:48:04,USA,ftp.osuosl.org,HTTP,http://ftp.osuosl.org/pub/ubuntu/ls-lR.gz,154,17.875781,success
2026-05-30T10:48:21,USA,ftp.osuosl.org,HTTPS,https://ftp.osuosl.org/pub/ubuntu/ls-lR.gz,154,16.828044,success
2026-05-30T10:58:31,Germany,mirror.netcologne.de,FTP,ftp://mirror.netcologne.de/ubuntu/ls-lR.gz,67,7.427593,success
2026-05-30T10:58:39,Germany,mirror.netcologne.de,HTTP,http://mirror.netcologne.de/ubuntu/ls-lR.gz,67,7.227707,success
2026-05-30T10:58:46,Germany,mirror.netcologne.de,HTTPS,https://mirror.netcologne.de/ubuntu/ls-lR.gz,67,7.172893,success
2026-05-30T10:58:56,Asia,aze.archive.ubuntu.com,FTP,ftp://aze.archive.ubuntu.com/ubuntu/ls-lR.gz,148,6.804784,success
2026-05-30T10:59:02,Asia,aze.archive.ubuntu.com,HTTP,http://aze.archive.ubuntu.com/ubuntu/ls-lR.gz,148,5.687634,success
2026-05-30T10:59:07,Asia,aze.archive.ubuntu.com,HTTPS,https://aze.archive.ubuntu.com/ubuntu/ls-lR.gz,148,5.571244,success
2026-05-30T11:00:06,USA,ftp.osuosl.org,FTP,ftp://ftp.osuosl.org/pub/ubuntu/ls-lR.gz,213,54.809364,success
2026-05-30T11:00:40,USA,ftp.osuosl.org,HTTP,http://ftp.osuosl.org/pub/ubuntu/ls-lR.gz,213,33.867872,success
2026-05-30T11:02:23,USA,ftp.osuosl.org,HTTPS,https://ftp.osuosl.org/pub/ubuntu/ls-lR.gz,213,102.944533,success
2026-05-30T11:12:36,Germany,mirror.netcologne.de,FTP,ftp://mirror.netcologne.de/ubuntu/ls-lR.gz,86,9.750384,success
2026-05-30T11:12:43,Germany,mirror.netcologne.de,HTTP,http://mirror.netcologne.de/ubuntu/ls-lR.gz,86,7.495618,success
2026-05-30T11:12:50,Germany,mirror.netcologne.de,HTTPS,https://mirror.netcologne.de/ubuntu/ls-lR.gz,86,7.063575,success
2026-05-30T11:12:59,Asia,aze.archive.ubuntu.com,FTP,ftp://aze.archive.ubuntu.com/ubuntu/ls-lR.gz,76,4.692211,success
2026-05-30T11:13:03,Asia,aze.archive.ubuntu.com,HTTP,http://aze.archive.ubuntu.com/ubuntu/ls-lR.gz,76,4.079645,success
2026-05-30T11:13:08,Asia,aze.archive.ubuntu.com,HTTPS,https://aze.archive.ubuntu.com/ubuntu/ls-lR.gz,76,5.064189,success
2026-05-30T11:13:38,USA,ftp.osuosl.org,FTP,ftp://ftp.osuosl.org/pub/ubuntu/ls-lR.gz,156,27.162543,success
2026-05-30T11:13:58,USA,ftp.osuosl.org,HTTP,http://ftp.osuosl.org/pub/ubuntu/ls-lR.gz,156,19.603232,success
2026-05-30T11:14:13,USA,ftp.osuosl.org,HTTPS,https://ftp.osuosl.org/pub/ubuntu/ls-lR.gz,156,15.065049,success
2026-05-30T11:24:24,Germany,mirror.netcologne.de,FTP,ftp://mirror.netcologne.de/ubuntu/ls-lR.gz,69,8.063222,success
2026-05-30T11:24:31,Germany,mirror.netcologne.de,HTTP,http://mirror.netcologne.de/ubuntu/ls-lR.gz,69,6.762114,success
2026-05-30T11:24:38,Germany,mirror.netcologne.de,HTTPS,https://mirror.netcologne.de/ubuntu/ls-lR.gz,69,6.705018,success
2026-05-30T11:24:46,Asia,aze.archive.ubuntu.com,FTP,ftp://aze.archive.ubuntu.com/ubuntu/ls-lR.gz,75,4.648615,success
2026-05-30T11:24:50,Asia,aze.archive.ubuntu.com,HTTP,http://aze.archive.ubuntu.com/ubuntu/ls-lR.gz,75,4.003364,success
2026-05-30T11:24:54,Asia,aze.archive.ubuntu.com,HTTPS,https://aze.archive.ubuntu.com/ubuntu/ls-lR.gz,75,4.104103,success
2026-05-30T11:25:12,USA,ftp.osuosl.org,FTP,ftp://ftp.osuosl.org/pub/ubuntu/ls-lR.gz,136,14.937933,success
2026-05-30T11:25:26,USA,ftp.osuosl.org,HTTP,http://ftp.osuosl.org/pub/ubuntu/ls-lR.gz,136,13.484573,success
2026-05-30T11:25:41,USA,ftp.osuosl.org,HTTPS,https://ftp.osuosl.org/pub/ubuntu/ls-lR.gz,136,14.639543,success
2026-05-30T11:35:53,Germany,mirror.netcologne.de,FTP,ftp://mirror.netcologne.de/ubuntu/ls-lR.gz,67,8.932666,success
2026-05-30T11:36:02,Germany,mirror.netcologne.de,HTTP,http://mirror.netcologne.de/ubuntu/ls-lR.gz,67,8.939703,success
2026-05-30T11:36:10,Germany,mirror.netcologne.de,HTTPS,https://mirror.netcologne.de/ubuntu/ls-lR.gz,67,8.298545,success
2026-05-30T11:36:18,Asia,aze.archive.ubuntu.com,FTP,ftp://aze.archive.ubuntu.com/ubuntu/ls-lR.gz,70,4.796126,success
2026-05-30T11:36:23,Asia,aze.archive.ubuntu.com,HTTP,http://aze.archive.ubuntu.com/ubuntu/ls-lR.gz,70,4.322337,success
2026-05-30T11:36:28,Asia,aze.archive.ubuntu.com,HTTPS,https://aze.archive.ubuntu.com/ubuntu/ls-lR.gz,70,5.765124,success
2026-05-30T11:36:53,USA,ftp.osuosl.org,FTP,ftp://ftp.osuosl.org/pub/ubuntu/ls-lR.gz,156,21.137780,success
2026-05-30T11:37:06,USA,ftp.osuosl.org,HTTP,http://ftp.osuosl.org/pub/ubuntu/ls-lR.gz,156,12.763235,success
2026-05-30T11:37:25,USA,ftp.osuosl.org,HTTPS,https://ftp.osuosl.org/pub/ubuntu/ls-lR.gz,156,19.268771,success
2026-05-30T11:47:37,Germany,mirror.netcologne.de,FTP,ftp://mirror.netcologne.de/ubuntu/ls-lR.gz,69,9.096560,success
2026-05-30T11:47:46,Germany,mirror.netcologne.de,HTTP,http://mirror.netcologne.de/ubuntu/ls-lR.gz,69,8.449653,success
2026-05-30T11:47:54,Germany,mirror.netcologne.de,HTTPS,https://mirror.netcologne.de/ubuntu/ls-lR.gz,69,7.669970,success
2026-05-30T11:48:02,Asia,aze.archive.ubuntu.com,FTP,ftp://aze.archive.ubuntu.com/ubuntu/ls-lR.gz,90,5.096065,success
2026-05-30T11:48:06,Asia,aze.archive.ubuntu.com,HTTP,http://aze.archive.ubuntu.com/ubuntu/ls-lR.gz,90,4.191876,success
2026-05-30T11:48:11,Asia,aze.archive.ubuntu.com,HTTPS,https://aze.archive.ubuntu.com/ubuntu/ls-lR.gz,90,4.611908,success
2026-05-30T11:48:28,USA,ftp.osuosl.org,FTP,ftp://ftp.osuosl.org/pub/ubuntu/ls-lR.gz,136,13.942537,success
2026-05-30T11:48:40,USA,ftp.osuosl.org,HTTP,http://ftp.osuosl.org/pub/ubuntu/ls-lR.gz,136,11.311730,success
2026-05-30T11:48:53,USA,ftp.osuosl.org,HTTPS,https://ftp.osuosl.org/pub/ubuntu/ls-lR.gz,136,13.575666,success
2026-05-30T11:59:06,Germany,mirror.netcologne.de,FTP,ftp://mirror.netcologne.de/ubuntu/ls-lR.gz,69,9.581705,success
2026-05-30T11:59:14,Germany,mirror.netcologne.de,HTTP,http://mirror.netcologne.de/ubuntu/ls-lR.gz,69,7.587745,success
2026-05-30T11:59:21,Germany,mirror.netcologne.de,HTTPS,https://mirror.netcologne.de/ubuntu/ls-lR.gz,69,6.975879,success
2026-05-30T11:59:29,Asia,aze.archive.ubuntu.com,FTP,ftp://aze.archive.ubuntu.com/ubuntu/ls-lR.gz,87,5.117538,success
2026-05-30T11:59:34,Asia,aze.archive.ubuntu.com,HTTP,http://aze.archive.ubuntu.com/ubuntu/ls-lR.gz,87,5.094968,success
2026-05-30T11:59:38,Asia,aze.archive.ubuntu.com,HTTPS,https://aze.archive.ubuntu.com/ubuntu/ls-lR.gz,87,4.225989,success
2026-05-30T12:00:04,USA,ftp.osuosl.org,FTP,ftp://ftp.osuosl.org/pub/ubuntu/ls-lR.gz,218,22.442978,success
2026-05-30T12:00:27,USA,ftp.osuosl.org,HTTP,http://ftp.osuosl.org/pub/ubuntu/ls-lR.gz,218,22.764892,success
2026-05-30T12:02:21,USA,ftp.osuosl.org,HTTPS,https://ftp.osuosl.org/pub/ubuntu/ls-lR.gz,218,113.247160,success
2026-05-30T12:12:33,Germany,mirror.netcologne.de,FTP,ftp://mirror.netcologne.de/ubuntu/ls-lR.gz,71,8.837498,success
2026-05-30T12:12:41,Germany,mirror.netcologne.de,HTTP,http://mirror.netcologne.de/ubuntu/ls-lR.gz,71,8.537846,success
2026-05-30T12:12:49,Germany,mirror.netcologne.de,HTTPS,https://mirror.netcologne.de/ubuntu/ls-lR.gz,71,7.568509,success
2026-05-30T12:12:59,Asia,aze.archive.ubuntu.com,FTP,ftp://aze.archive.ubuntu.com/ubuntu/ls-lR.gz,145,7.099708,success
2026-05-30T12:13:06,Asia,aze.archive.ubuntu.com,HTTP,http://aze.archive.ubuntu.com/ubuntu/ls-lR.gz,145,6.269552,success
2026-05-30T12:13:12,Asia,aze.archive.ubuntu.com,HTTPS,https://aze.archive.ubuntu.com/ubuntu/ls-lR.gz,145,5.999363,success
2026-05-30T12:13:27,USA,ftp.osuosl.org,FTP,ftp://ftp.osuosl.org/pub/ubuntu/ls-lR.gz,136,11.496218,success
2026-05-30T12:13:39,USA,ftp.osuosl.org,HTTP,http://ftp.osuosl.org/pub/ubuntu/ls-lR.gz,136,11.906154,success
2026-05-30T12:13:51,USA,ftp.osuosl.org,HTTPS,https://ftp.osuosl.org/pub/ubuntu/ls-lR.gz,136,11.840436,success
2026-05-30T12:24:03,Germany,mirror.netcologne.de,FTP,ftp://mirror.netcologne.de/ubuntu/ls-lR.gz,68,9.045083,success
2026-05-30T12:24:11,Germany,mirror.netcologne.de,HTTP,http://mirror.netcologne.de/ubuntu/ls-lR.gz,68,8.510580,success
2026-05-30T12:24:19,Germany,mirror.netcologne.de,HTTPS,https://mirror.netcologne.de/ubuntu/ls-lR.gz,68,7.454635,success
2026-05-30T12:24:27,Asia,aze.archive.ubuntu.com,FTP,ftp://aze.archive.ubuntu.com/ubuntu/ls-lR.gz,71,5.051640,success
2026-05-30T12:24:32,Asia,aze.archive.ubuntu.com,HTTP,http://aze.archive.ubuntu.com/ubuntu/ls-lR.gz,71,4.834954,success
2026-05-30T12:24:37,Asia,aze.archive.ubuntu.com,HTTPS,https://aze.archive.ubuntu.com/ubuntu/ls-lR.gz,71,4.371212,success
2026-05-30T12:24:56,USA,ftp.osuosl.org,FTP,ftp://ftp.osuosl.org/pub/ubuntu/ls-lR.gz,140,16.490539,success
2026-05-30T12:25:09,USA,ftp.osuosl.org,HTTP,http://ftp.osuosl.org/pub/ubuntu/ls-lR.gz,140,12.908400,success
2026-05-30T12:25:22,USA,ftp.osuosl.org,HTTPS,https://ftp.osuosl.org/pub/ubuntu/ls-lR.gz,140,12.232661,success
2026-05-30T12:35:34,Germany,mirror.netcologne.de,FTP,ftp://mirror.netcologne.de/ubuntu/ls-lR.gz,68,9.479455,success
2026-05-30T12:35:42,Germany,mirror.netcologne.de,HTTP,http://mirror.netcologne.de/ubuntu/ls-lR.gz,68,8.011763,success
2026-05-30T12:35:49,Germany,mirror.netcologne.de,HTTPS,https://mirror.netcologne.de/ubuntu/ls-lR.gz,68,6.445366,success
2026-05-30T12:35:57,Asia,aze.archive.ubuntu.com,FTP,ftp://aze.archive.ubuntu.com/ubuntu/ls-lR.gz,71,5.063545,success
2026-05-30T12:36:01,Asia,aze.archive.ubuntu.com,HTTP,http://aze.archive.ubuntu.com/ubuntu/ls-lR.gz,71,3.944216,success
2026-05-30T12:36:06,Asia,aze.archive.ubuntu.com,HTTPS,https://aze.archive.ubuntu.com/ubuntu/ls-lR.gz,71,4.383102,success
2026-05-30T12:36:33,USA,ftp.osuosl.org,FTP,ftp://ftp.osuosl.org/pub/ubuntu/ls-lR.gz,136,23.881601,success
2026-05-30T12:36:49,USA,ftp.osuosl.org,HTTP,http://ftp.osuosl.org/pub/ubuntu/ls-lR.gz,136,15.927253,success
2026-05-30T12:37:04,USA,ftp.osuosl.org,HTTPS,https://ftp.osuosl.org/pub/ubuntu/ls-lR.gz,136,14.616751,success
2026-05-30T12:47:16,Germany,mirror.netcologne.de,FTP,ftp://mirror.netcologne.de/ubuntu/ls-lR.gz,71,9.008948,success
2026-05-30T12:47:23,Germany,mirror.netcologne.de,HTTP,http://mirror.netcologne.de/ubuntu/ls-lR.gz,71,6.588443,success
2026-05-30T12:47:31,Germany,mirror.netcologne.de,HTTPS,https://mirror.netcologne.de/ubuntu/ls-lR.gz,71,8.075468,success
2026-05-30T12:47:39,Asia,aze.archive.ubuntu.com,FTP,ftp://aze.archive.ubuntu.com/ubuntu/ls-lR.gz,71,4.988659,success
2026-05-30T12:47:43,Asia,aze.archive.ubuntu.com,HTTP,http://aze.archive.ubuntu.com/ubuntu/ls-lR.gz,71,4.340932,success
2026-05-30T12:47:47,Asia,aze.archive.ubuntu.com,HTTPS,https://aze.archive.ubuntu.com/ubuntu/ls-lR.gz,71,4.023000,success
2026-05-30T12:48:05,USA,ftp.osuosl.org,FTP,ftp://ftp.osuosl.org/pub/ubuntu/ls-lR.gz,156,14.167189,success
2026-05-30T12:48:20,USA,ftp.osuosl.org,HTTP,http://ftp.osuosl.org/pub/ubuntu/ls-lR.gz,156,14.642742,success
2026-05-30T12:48:35,USA,ftp.osuosl.org,HTTPS,https://ftp.osuosl.org/pub/ubuntu/ls-lR.gz,156,15.425723,success
2026-05-30T12:58:48,Germany,mirror.netcologne.de,FTP,ftp://mirror.netcologne.de/ubuntu/ls-lR.gz,68,9.115982,success
2026-05-30T12:58:56,Germany,mirror.netcologne.de,HTTP,http://mirror.netcologne.de/ubuntu/ls-lR.gz,68,8.458864,success
2026-05-30T12:59:05,Germany,mirror.netcologne.de,HTTPS,https://mirror.netcologne.de/ubuntu/ls-lR.gz,68,8.265872,success
2026-05-30T12:59:13,Asia,aze.archive.ubuntu.com,FTP,ftp://aze.archive.ubuntu.com/ubuntu/ls-lR.gz,70,4.605562,success
2026-05-30T12:59:17,Asia,aze.archive.ubuntu.com,HTTP,http://aze.archive.ubuntu.com/ubuntu/ls-lR.gz,70,3.987821,success
2026-05-30T12:59:21,Asia,aze.archive.ubuntu.com,HTTPS,https://aze.archive.ubuntu.com/ubuntu/ls-lR.gz,70,4.586924,success
2026-05-30T12:59:40,USA,ftp.osuosl.org,FTP,ftp://ftp.osuosl.org/pub/ubuntu/ls-lR.gz,137,15.058093,success
2026-05-30T12:59:53,USA,ftp.osuosl.org,HTTP,http://ftp.osuosl.org/pub/ubuntu/ls-lR.gz,137,13.131700,success
2026-05-30T13:00:04,USA,ftp.osuosl.org,HTTPS,https://ftp.osuosl.org/pub/ubuntu/ls-lR.gz,137,10.801625,success
2026-05-30T13:10:14,Germany,mirror.netcologne.de,FTP,ftp://mirror.netcologne.de/ubuntu/ls-lR.gz,69,7.450544,success
2026-05-30T13:10:22,Germany,mirror.netcologne.de,HTTP,http://mirror.netcologne.de/ubuntu/ls-lR.gz,69,7.190445,success
2026-05-30T13:10:30,Germany,mirror.netcologne.de,HTTPS,https://mirror.netcologne.de/ubuntu/ls-lR.gz,69,7.957624,success
2026-05-30T13:10:40,Asia,aze.archive.ubuntu.com,FTP,ftp://aze.archive.ubuntu.com/ubuntu/ls-lR.gz,161,7.163111,success
2026-05-30T13:10:46,Asia,aze.archive.ubuntu.com,HTTP,http://aze.archive.ubuntu.com/ubuntu/ls-lR.gz,161,5.547871,success
2026-05-30T13:10:52,Asia,aze.archive.ubuntu.com,HTTPS,https://aze.archive.ubuntu.com/ubuntu/ls-lR.gz,161,5.796540,success
2026-05-30T13:11:15,USA,ftp.osuosl.org,FTP,ftp://ftp.osuosl.org/pub/ubuntu/ls-lR.gz,156,20.191947,success
2026-05-30T13:11:25,USA,ftp.osuosl.org,HTTP,http://ftp.osuosl.org/pub/ubuntu/ls-lR.gz,156,10.213806,success
2026-05-30T13:11:43,USA,ftp.osuosl.org,HTTPS,https://ftp.osuosl.org/pub/ubuntu/ls-lR.gz,156,17.533382,success
2026-05-30T13:21:55,Germany,mirror.netcologne.de,FTP,ftp://mirror.netcologne.de/ubuntu/ls-lR.gz,73,8.946736,success
2026-05-30T13:22:04,Germany,mirror.netcologne.de,HTTP,http://mirror.netcologne.de/ubuntu/ls-lR.gz,73,8.840222,success
2026-05-30T13:22:11,Germany,mirror.netcologne.de,HTTPS,https://mirror.netcologne.de/ubuntu/ls-lR.gz,73,6.788352,success
2026-05-30T13:22:21,Asia,aze.archive.ubuntu.com,FTP,ftp://aze.archive.ubuntu.com/ubuntu/ls-lR.gz,146,6.935821,success
2026-05-30T13:22:27,Asia,aze.archive.ubuntu.com,HTTP,http://aze.archive.ubuntu.com/ubuntu/ls-lR.gz,146,5.467949,success
2026-05-30T13:22:32,Asia,aze.archive.ubuntu.com,HTTPS,https://aze.archive.ubuntu.com/ubuntu/ls-lR.gz,146,5.367085,success
2026-05-30T13:22:52,USA,ftp.osuosl.org,FTP,ftp://ftp.osuosl.org/pub/ubuntu/ls-lR.gz,159,16.604288,success
2026-05-30T13:23:08,USA,ftp.osuosl.org,HTTP,http://ftp.osuosl.org/pub/ubuntu/ls-lR.gz,159,15.371924,success
2026-05-30T13:23:20,USA,ftp.osuosl.org,HTTPS,https://ftp.osuosl.org/pub/ubuntu/ls-lR.gz,159,12.585655,success
2026-05-30T13:33:33,Germany,mirror.netcologne.de,FTP,ftp://mirror.netcologne.de/ubuntu/ls-lR.gz,68,8.971217,success
2026-05-30T13:33:39,Germany,mirror.netcologne.de,HTTP,http://mirror.netcologne.de/ubuntu/ls-lR.gz,68,6.613710,success
2026-05-30T13:33:47,Germany,mirror.netcologne.de,HTTPS,https://mirror.netcologne.de/ubuntu/ls-lR.gz,68,7.652712,success
2026-05-30T13:33:58,Asia,aze.archive.ubuntu.com,FTP,ftp://aze.archive.ubuntu.com/ubuntu/ls-lR.gz,90,7.921849,success
2026-05-30T13:34:03,Asia,aze.archive.ubuntu.com,HTTP,http://aze.archive.ubuntu.com/ubuntu/ls-lR.gz,90,4.572309,success
2026-05-30T13:34:07,Asia,aze.archive.ubuntu.com,HTTPS,https://aze.archive.ubuntu.com/ubuntu/ls-lR.gz,90,4.318314,success
2026-05-30T13:34:28,USA,ftp.osuosl.org,FTP,ftp://ftp.osuosl.org/pub/ubuntu/ls-lR.gz,154,17.138751,success
2026-05-30T13:34:43,USA,ftp.osuosl.org,HTTP,http://ftp.osuosl.org/pub/ubuntu/ls-lR.gz,154,15.049748,success
2026-05-30T13:35:00,USA,ftp.osuosl.org,HTTPS,https://ftp.osuosl.org/pub/ubuntu/ls-lR.gz,154,16.435609,success
2026-05-30T13:45:11,Germany,mirror.netcologne.de,FTP,ftp://mirror.netcologne.de/ubuntu/ls-lR.gz,69,8.392970,success
2026-05-30T13:45:20,Germany,mirror.netcologne.de,HTTP,http://mirror.netcologne.de/ubuntu/ls-lR.gz,69,8.203004,success
2026-05-30T13:45:27,Germany,mirror.netcologne.de,HTTPS,https://mirror.netcologne.de/ubuntu/ls-lR.gz,69,7.765578,success
2026-05-30T13:45:38,Asia,aze.archive.ubuntu.com,FTP,ftp://aze.archive.ubuntu.com/ubuntu/ls-lR.gz,142,7.608715,success
2026-05-30T13:45:44,Asia,aze.archive.ubuntu.com,HTTP,http://aze.archive.ubuntu.com/ubuntu/ls-lR.gz,142,5.982255,success
2026-05-30T13:45:51,Asia,aze.archive.ubuntu.com,HTTPS,https://aze.archive.ubuntu.com/ubuntu/ls-lR.gz,142,6.912830,success
2026-05-30T13:46:44,USA,ftp.osuosl.org,FTP,ftp://ftp.osuosl.org/pub/ubuntu/ls-lR.gz,211,48.653216,success
2026-05-30T13:47:29,USA,ftp.osuosl.org,HTTP,http://ftp.osuosl.org/pub/ubuntu/ls-lR.gz,211,45.112935,success
2026-05-30T13:48:48,USA,ftp.osuosl.org,HTTPS,https://ftp.osuosl.org/pub/ubuntu/ls-lR.gz,211,79.280435,success
2026-05-30T13:58:59,Germany,mirror.netcologne.de,FTP,ftp://mirror.netcologne.de/ubuntu/ls-lR.gz,68,7.893214,success
2026-05-30T13:59:07,Germany,mirror.netcologne.de,HTTP,http://mirror.netcologne.de/ubuntu/ls-lR.gz,68,8.181325,success
2026-05-30T13:59:15,Germany,mirror.netcologne.de,HTTPS,https://mirror.netcologne.de/ubuntu/ls-lR.gz,68,7.402877,success
2026-05-30T13:59:24,Asia,aze.archive.ubuntu.com,FTP,ftp://aze.archive.ubuntu.com/ubuntu/ls-lR.gz,89,5.486169,success
2026-05-30T13:59:28,Asia,aze.archive.ubuntu.com,HTTP,http://aze.archive.ubuntu.com/ubuntu/ls-lR.gz,89,4.336060,success
2026-05-30T13:59:32,Asia,aze.archive.ubuntu.com,HTTPS,https://aze.archive.ubuntu.com/ubuntu/ls-lR.gz,89,4.110662,success
2026-05-30T13:59:51,USA,ftp.osuosl.org,FTP,ftp://ftp.osuosl.org/pub/ubuntu/ls-lR.gz,155,15.074545,success
2026-05-30T14:00:06,USA,ftp.osuosl.org,HTTP,http://ftp.osuosl.org/pub/ubuntu/ls-lR.gz,155,15.327259,success
2026-05-30T14:00:19,USA,ftp.osuosl.org,HTTPS,https://ftp.osuosl.org/pub/ubuntu/ls-lR.gz,155,13.050226,success
2026-05-30T14:10:31,Germany,mirror.netcologne.de,FTP,ftp://mirror.netcologne.de/ubuntu/ls-lR.gz,68,8.869894,success
2026-05-30T14:10:39,Germany,mirror.netcologne.de,HTTP,http://mirror.netcologne.de/ubuntu/ls-lR.gz,68,8.024486,success
2026-05-30T14:10:46,Germany,mirror.netcologne.de,HTTPS,https://mirror.netcologne.de/ubuntu/ls-lR.gz,68,6.996324,success
2026-05-30T14:10:55,Asia,aze.archive.ubuntu.com,FTP,ftp://aze.archive.ubuntu.com/ubuntu/ls-lR.gz,73,5.508416,success
2026-05-30T14:10:59,Asia,aze.archive.ubuntu.com,HTTP,http://aze.archive.ubuntu.com/ubuntu/ls-lR.gz,73,4.130512,success
2026-05-30T14:11:03,Asia,aze.archive.ubuntu.com,HTTPS,https://aze.archive.ubuntu.com/ubuntu/ls-lR.gz,73,4.003293,success
2026-05-30T14:11:23,USA,ftp.osuosl.org,FTP,ftp://ftp.osuosl.org/pub/ubuntu/ls-lR.gz,154,16.074300,success
2026-05-30T14:11:39,USA,ftp.osuosl.org,HTTP,http://ftp.osuosl.org/pub/ubuntu/ls-lR.gz,154,16.232003,success
2026-05-30T14:11:54,USA,ftp.osuosl.org,HTTPS,https://ftp.osuosl.org/pub/ubuntu/ls-lR.gz,154,14.718194,success
2026-05-30T14:22:07,Germany,mirror.netcologne.de,FTP,ftp://mirror.netcologne.de/ubuntu/ls-lR.gz,68,9.314301,success
2026-05-30T14:22:15,Germany,mirror.netcologne.de,HTTP,http://mirror.netcologne.de/ubuntu/ls-lR.gz,68,7.799634,success
2026-05-30T14:22:22,Germany,mirror.netcologne.de,HTTPS,https://mirror.netcologne.de/ubuntu/ls-lR.gz,68,7.745972,success
2026-05-30T14:22:33,Asia,aze.archive.ubuntu.com,FTP,ftp://aze.archive.ubuntu.com/ubuntu/ls-lR.gz,158,7.001068,success
2026-05-30T14:22:39,Asia,aze.archive.ubuntu.com,HTTP,http://aze.archive.ubuntu.com/ubuntu/ls-lR.gz,158,6.156221,success
2026-05-30T14:22:45,Asia,aze.archive.ubuntu.com,HTTPS,https://aze.archive.ubuntu.com/ubuntu/ls-lR.gz,158,6.160736,success
2026-05-30T14:23:09,USA,ftp.osuosl.org,FTP,ftp://ftp.osuosl.org/pub/ubuntu/ls-lR.gz,154,20.265050,success
2026-05-30T14:23:21,USA,ftp.osuosl.org,HTTP,http://ftp.osuosl.org/pub/ubuntu/ls-lR.gz,154,11.780317,success
2026-05-30T14:23:36,USA,ftp.osuosl.org,HTTPS,https://ftp.osuosl.org/pub/ubuntu/ls-lR.gz,154,15.228632,success
2026-05-30T14:33:49,Germany,mirror.netcologne.de,FTP,ftp://mirror.netcologne.de/ubuntu/ls-lR.gz,68,9.342107,success
2026-05-30T14:33:55,Germany,mirror.netcologne.de,HTTP,http://mirror.netcologne.de/ubuntu/ls-lR.gz,68,6.442226,success
2026-05-30T14:34:03,Germany,mirror.netcologne.de,HTTPS,https://mirror.netcologne.de/ubuntu/ls-lR.gz,68,7.496850,success
2026-05-30T14:34:13,Asia,aze.archive.ubuntu.com,FTP,ftp://aze.archive.ubuntu.com/ubuntu/ls-lR.gz,147,6.940341,success
2026-05-30T14:34:19,Asia,aze.archive.ubuntu.com,HTTP,http://aze.archive.ubuntu.com/ubuntu/ls-lR.gz,147,5.571237,success
2026-05-30T14:34:25,Asia,aze.archive.ubuntu.com,HTTPS,https://aze.archive.ubuntu.com/ubuntu/ls-lR.gz,147,6.065994,success
2026-05-30T14:34:46,USA,ftp.osuosl.org,FTP,ftp://ftp.osuosl.org/pub/ubuntu/ls-lR.gz,136,17.816867,success
2026-05-30T14:34:59,USA,ftp.osuosl.org,HTTP,http://ftp.osuosl.org/pub/ubuntu/ls-lR.gz,136,13.022948,success
2026-05-30T14:35:13,USA,ftp.osuosl.org,HTTPS,https://ftp.osuosl.org/pub/ubuntu/ls-lR.gz,136,13.822929,success
2026-05-30T14:45:25,Germany,mirror.netcologne.de,FTP,ftp://mirror.netcologne.de/ubuntu/ls-lR.gz,68,8.700503,success
2026-05-30T14:45:32,Germany,mirror.netcologne.de,HTTP,http://mirror.netcologne.de/ubuntu/ls-lR.gz,68,6.429724,success
2026-05-30T14:45:40,Germany,mirror.netcologne.de,HTTPS,https://mirror.netcologne.de/ubuntu/ls-lR.gz,68,8.545282,success
2026-05-30T14:45:53,Asia,aze.archive.ubuntu.com,FTP,ftp://aze.archive.ubuntu.com/ubuntu/ls-lR.gz,143,9.679403,success
2026-05-30T14:46:02,Asia,aze.archive.ubuntu.com,HTTP,http://aze.archive.ubuntu.com/ubuntu/ls-lR.gz,143,8.628390,success
2026-05-30T14:46:08,Asia,aze.archive.ubuntu.com,HTTPS,https://aze.archive.ubuntu.com/ubuntu/ls-lR.gz,143,5.548365,success
2026-05-30T14:46:59,USA,ftp.osuosl.org,FTP,ftp://ftp.osuosl.org/pub/ubuntu/ls-lR.gz,211,47.989814,success
2026-05-30T14:47:21,USA,ftp.osuosl.org,HTTP,http://ftp.osuosl.org/pub/ubuntu/ls-lR.gz,211,21.907467,success
2026-05-30T14:47:38,USA,ftp.osuosl.org,HTTPS,https://ftp.osuosl.org/pub/ubuntu/ls-lR.gz,211,17.398649,success
2026-05-30T14:57:50,Germany,mirror.netcologne.de,FTP,ftp://mirror.netcologne.de/ubuntu/ls-lR.gz,68,8.184900,success
2026-05-30T14:57:58,Germany,mirror.netcologne.de,HTTP,http://mirror.netcologne.de/ubuntu/ls-lR.gz,68,7.934437,success
2026-05-30T14:58:06,Germany,mirror.netcologne.de,HTTPS,https://mirror.netcologne.de/ubuntu/ls-lR.gz,68,7.731538,success
2026-05-30T14:58:14,Asia,aze.archive.ubuntu.com,FTP,ftp://aze.archive.ubuntu.com/ubuntu/ls-lR.gz,73,4.639542,success
2026-05-30T14:58:18,Asia,aze.archive.ubuntu.com,HTTP,http://aze.archive.ubuntu.com/ubuntu/ls-lR.gz,73,4.209892,success
2026-05-30T14:58:23,Asia,aze.archive.ubuntu.com,HTTPS,https://aze.archive.ubuntu.com/ubuntu/ls-lR.gz,73,4.761825,success
2026-05-30T14:58:42,USA,ftp.osuosl.org,FTP,ftp://ftp.osuosl.org/pub/ubuntu/ls-lR.gz,154,16.473563,success
2026-05-30T14:58:54,USA,ftp.osuosl.org,HTTP,http://ftp.osuosl.org/pub/ubuntu/ls-lR.gz,154,11.627478,success
2026-05-30T14:59:06,USA,ftp.osuosl.org,HTTPS,https://ftp.osuosl.org/pub/ubuntu/ls-lR.gz,154,12.003096,success
2026-05-30T15:09:19,Germany,mirror.netcologne.de,FTP,ftp://mirror.netcologne.de/ubuntu/ls-lR.gz,70,9.020060,success
2026-05-30T15:09:26,Germany,mirror.netcologne.de,HTTP,http://mirror.netcologne.de/ubuntu/ls-lR.gz,70,7.550140,success
2026-05-30T15:09:33,Germany,mirror.netcologne.de,HTTPS,https://mirror.netcologne.de/ubuntu/ls-lR.gz,70,7.340508,success
2026-05-30T15:09:42,Asia,aze.archive.ubuntu.com,FTP,ftp://aze.archive.ubuntu.com/ubuntu/ls-lR.gz,71,5.353266,success
2026-05-30T15:09:46,Asia,aze.archive.ubuntu.com,HTTP,http://aze.archive.ubuntu.com/ubuntu/ls-lR.gz,71,3.976446,success
2026-05-30T15:09:51,Asia,aze.archive.ubuntu.com,HTTPS,https://aze.archive.ubuntu.com/ubuntu/ls-lR.gz,71,4.480019,success
2026-05-30T15:10:10,USA,ftp.osuosl.org,FTP,ftp://ftp.osuosl.org/pub/ubuntu/ls-lR.gz,135,15.809050,success
2026-05-30T15:10:23,USA,ftp.osuosl.org,HTTP,http://ftp.osuosl.org/pub/ubuntu/ls-lR.gz,135,12.905088,success
2026-05-30T15:10:34,USA,ftp.osuosl.org,HTTPS,https://ftp.osuosl.org/pub/ubuntu/ls-lR.gz,135,11.491615,success
2026-05-30T15:20:47,Germany,mirror.netcologne.de,FTP,ftp://mirror.netcologne.de/ubuntu/ls-lR.gz,69,8.824446,success
2026-05-30T15:20:54,Germany,mirror.netcologne.de,HTTP,http://mirror.netcologne.de/ubuntu/ls-lR.gz,69,7.802908,success
2026-05-30T15:21:05,Germany,mirror.netcologne.de,HTTPS,https://mirror.netcologne.de/ubuntu/ls-lR.gz,69,10.118282,success
2026-05-30T15:21:16,Asia,aze.archive.ubuntu.com,FTP,ftp://aze.archive.ubuntu.com/ubuntu/ls-lR.gz,89,7.729561,success
2026-05-30T15:21:20,Asia,aze.archive.ubuntu.com,HTTP,http://aze.archive.ubuntu.com/ubuntu/ls-lR.gz,89,4.207805,success
2026-05-30T15:21:25,Asia,aze.archive.ubuntu.com,HTTPS,https://aze.archive.ubuntu.com/ubuntu/ls-lR.gz,89,4.644276,success
2026-05-30T15:22:24,USA,ftp.osuosl.org,FTP,ftp://ftp.osuosl.org/pub/ubuntu/ls-lR.gz,211,55.992784,success
2026-05-30T15:22:54,USA,ftp.osuosl.org,HTTP,http://ftp.osuosl.org/pub/ubuntu/ls-lR.gz,211,30.264154,success
2026-05-30T15:23:20,USA,ftp.osuosl.org,HTTPS,https://ftp.osuosl.org/pub/ubuntu/ls-lR.gz,211,25.888891,success
2026-05-30T15:33:32,Germany,mirror.netcologne.de,FTP,ftp://mirror.netcologne.de/ubuntu/ls-lR.gz,68,7.913028,success
2026-05-30T15:33:39,Germany,mirror.netcologne.de,HTTP,http://mirror.netcologne.de/ubuntu/ls-lR.gz,68,7.477766,success
2026-05-30T15:33:46,Germany,mirror.netcologne.de,HTTPS,https://mirror.netcologne.de/ubuntu/ls-lR.gz,68,6.575077,success
2026-05-30T15:33:55,Asia,aze.archive.ubuntu.com,FTP,ftp://aze.archive.ubuntu.com/ubuntu/ls-lR.gz,70,6.177726,success
2026-05-30T15:33:59,Asia,aze.archive.ubuntu.com,HTTP,http://aze.archive.ubuntu.com/ubuntu/ls-lR.gz,70,4.156670,success
2026-05-30T15:34:04,Asia,aze.archive.ubuntu.com,HTTPS,https://aze.archive.ubuntu.com/ubuntu/ls-lR.gz,70,4.578833,success
2026-05-30T15:34:23,USA,ftp.osuosl.org,FTP,ftp://ftp.osuosl.org/pub/ubuntu/ls-lR.gz,153,15.456646,success
2026-05-30T15:34:37,USA,ftp.osuosl.org,HTTP,http://ftp.osuosl.org/pub/ubuntu/ls-lR.gz,153,14.645704,success
2026-05-30T15:34:49,USA,ftp.osuosl.org,HTTPS,https://ftp.osuosl.org/pub/ubuntu/ls-lR.gz,153,11.629155,success
2026-05-30T15:45:00,Germany,mirror.netcologne.de,FTP,ftp://mirror.netcologne.de/ubuntu/ls-lR.gz,68,8.122096,success
2026-05-30T15:45:09,Germany,mirror.netcologne.de,HTTP,http://mirror.netcologne.de/ubuntu/ls-lR.gz,68,8.339617,success
2026-05-30T15:45:16,Germany,mirror.netcologne.de,HTTPS,https://mirror.netcologne.de/ubuntu/ls-lR.gz,68,7.338806,success
2026-05-30T15:45:27,Asia,aze.archive.ubuntu.com,FTP,ftp://aze.archive.ubuntu.com/ubuntu/ls-lR.gz,141,7.825205,success
2026-05-30T15:45:33,Asia,aze.archive.ubuntu.com,HTTP,http://aze.archive.ubuntu.com/ubuntu/ls-lR.gz,141,5.462527,success
2026-05-30T15:45:39,Asia,aze.archive.ubuntu.com,HTTPS,https://aze.archive.ubuntu.com/ubuntu/ls-lR.gz,141,5.726288,success
2026-05-30T15:45:57,USA,ftp.osuosl.org,FTP,ftp://ftp.osuosl.org/pub/ubuntu/ls-lR.gz,139,14.368336,success
2026-05-30T15:46:11,USA,ftp.osuosl.org,HTTP,http://ftp.osuosl.org/pub/ubuntu/ls-lR.gz,139,14.130402,success
2026-05-30T15:46:24,USA,ftp.osuosl.org,HTTPS,https://ftp.osuosl.org/pub/ubuntu/ls-lR.gz,139,13.618847,success
2026-05-30T15:56:36,Germany,mirror.netcologne.de,FTP,ftp://mirror.netcologne.de/ubuntu/ls-lR.gz,68,7.919856,success
2026-05-30T15:56:43,Germany,mirror.netcologne.de,HTTP,http://mirror.netcologne.de/ubuntu/ls-lR.gz,68,7.645350,success
2026-05-30T15:56:50,Germany,mirror.netcologne.de,HTTPS,https://mirror.netcologne.de/ubuntu/ls-lR.gz,68,6.672630,success
2026-05-30T15:56:59,Asia,aze.archive.ubuntu.com,FTP,ftp://aze.archive.ubuntu.com/ubuntu/ls-lR.gz,158,4.973316,success
2026-05-30T15:57:04,Asia,aze.archive.ubuntu.com,HTTP,http://aze.archive.ubuntu.com/ubuntu/ls-lR.gz,158,5.468562,success
2026-05-30T15:57:10,Asia,aze.archive.ubuntu.com,HTTPS,https://aze.archive.ubuntu.com/ubuntu/ls-lR.gz,158,5.712043,success
2026-05-30T15:57:27,USA,ftp.osuosl.org,FTP,ftp://ftp.osuosl.org/pub/ubuntu/ls-lR.gz,139,13.880113,success
2026-05-30T15:57:41,USA,ftp.osuosl.org,HTTP,http://ftp.osuosl.org/pub/ubuntu/ls-lR.gz,139,13.497529,success
2026-05-30T15:57:58,USA,ftp.osuosl.org,HTTPS,https://ftp.osuosl.org/pub/ubuntu/ls-lR.gz,139,17.470982,success
2026-05-30T16:08:09,Germany,mirror.netcologne.de,FTP,ftp://mirror.netcologne.de/ubuntu/ls-lR.gz,70,7.404714,success
2026-05-30T16:08:17,Germany,mirror.netcologne.de,HTTP,http://mirror.netcologne.de/ubuntu/ls-lR.gz,70,7.674563,success
2026-05-30T16:08:25,Germany,mirror.netcologne.de,HTTPS,https://mirror.netcologne.de/ubuntu/ls-lR.gz,70,8.595580,success
2026-05-30T16:08:36,Asia,aze.archive.ubuntu.com,FTP,ftp://aze.archive.ubuntu.com/ubuntu/ls-lR.gz,149,6.924822,success
2026-05-30T16:08:41,Asia,aze.archive.ubuntu.com,HTTP,http://aze.archive.ubuntu.com/ubuntu/ls-lR.gz,149,5.286517,success
2026-05-30T16:08:47,Asia,aze.archive.ubuntu.com,HTTPS,https://aze.archive.ubuntu.com/ubuntu/ls-lR.gz,149,5.745107,success
2026-05-30T16:09:05,USA,ftp.osuosl.org,FTP,ftp://ftp.osuosl.org/pub/ubuntu/ls-lR.gz,135,14.782619,success
2026-05-30T16:09:20,USA,ftp.osuosl.org,HTTP,http://ftp.osuosl.org/pub/ubuntu/ls-lR.gz,135,15.453577,success
2026-05-30T16:09:35,USA,ftp.osuosl.org,HTTPS,https://ftp.osuosl.org/pub/ubuntu/ls-lR.gz,135,14.955053,success
2026-05-30T16:19:48,Germany,mirror.netcologne.de,FTP,ftp://mirror.netcologne.de/ubuntu/ls-lR.gz,71,9.249541,success
2026-05-30T16:19:55,Germany,mirror.netcologne.de,HTTP,http://mirror.netcologne.de/ubuntu/ls-lR.gz,71,6.892334,success
2026-05-30T16:20:02,Germany,mirror.netcologne.de,HTTPS,https://mirror.netcologne.de/ubuntu/ls-lR.gz,71,7.513049,success
2026-05-30T16:20:14,Asia,aze.archive.ubuntu.com,FTP,ftp://aze.archive.ubuntu.com/ubuntu/ls-lR.gz,145,8.575565,success
2026-05-30T16:20:20,Asia,aze.archive.ubuntu.com,HTTP,http://aze.archive.ubuntu.com/ubuntu/ls-lR.gz,145,5.647503,success
2026-05-30T16:20:26,Asia,aze.archive.ubuntu.com,HTTPS,https://aze.archive.ubuntu.com/ubuntu/ls-lR.gz,145,5.844678,success
2026-05-30T16:20:46,USA,ftp.osuosl.org,FTP,ftp://ftp.osuosl.org/pub/ubuntu/ls-lR.gz,154,16.235588,success
2026-05-30T16:21:00,USA,ftp.osuosl.org,HTTP,http://ftp.osuosl.org/pub/ubuntu/ls-lR.gz,154,14.599959,success
2026-05-30T16:21:12,USA,ftp.osuosl.org,HTTPS,https://ftp.osuosl.org/pub/ubuntu/ls-lR.gz,154,11.414186,success
2026-05-30T16:31:23,Germany,mirror.netcologne.de,FTP,ftp://mirror.netcologne.de/ubuntu/ls-lR.gz,68,8.321979,success
2026-05-30T16:31:31,Germany,mirror.netcologne.de,HTTP,http://mirror.netcologne.de/ubuntu/ls-lR.gz,68,7.936746,success
2026-05-30T16:31:37,Germany,mirror.netcologne.de,HTTPS,https://mirror.netcologne.de/ubuntu/ls-lR.gz,68,6.039674,success
2026-05-30T16:31:48,Asia,aze.archive.ubuntu.com,FTP,ftp://aze.archive.ubuntu.com/ubuntu/ls-lR.gz,146,6.843962,success
2026-05-30T16:31:53,Asia,aze.archive.ubuntu.com,HTTP,http://aze.archive.ubuntu.com/ubuntu/ls-lR.gz,146,5.272746,success
2026-05-30T16:31:59,Asia,aze.archive.ubuntu.com,HTTPS,https://aze.archive.ubuntu.com/ubuntu/ls-lR.gz,146,5.810802,success
2026-05-30T16:32:20,USA,ftp.osuosl.org,FTP,ftp://ftp.osuosl.org/pub/ubuntu/ls-lR.gz,156,17.804479,success
2026-05-30T16:32:36,USA,ftp.osuosl.org,HTTP,http://ftp.osuosl.org/pub/ubuntu/ls-lR.gz,156,15.887881,success
2026-05-30T16:32:49,USA,ftp.osuosl.org,HTTPS,https://ftp.osuosl.org/pub/ubuntu/ls-lR.gz,156,13.345662,success
2026-05-30T16:43:01,Germany,mirror.netcologne.de,FTP,ftp://mirror.netcologne.de/ubuntu/ls-lR.gz,68,8.438633,success
2026-05-30T16:43:10,Germany,mirror.netcologne.de,HTTP,http://mirror.netcologne.de/ubuntu/ls-lR.gz,68,8.619319,success
2026-05-30T16:43:17,Germany,mirror.netcologne.de,HTTPS,https://mirror.netcologne.de/ubuntu/ls-lR.gz,68,7.012352,success
2026-05-30T16:43:25,Asia,aze.archive.ubuntu.com,FTP,ftp://aze.archive.ubuntu.com/ubuntu/ls-lR.gz,89,5.153713,success
2026-05-30T16:43:29,Asia,aze.archive.ubuntu.com,HTTP,http://aze.archive.ubuntu.com/ubuntu/ls-lR.gz,89,4.042286,success
2026-05-30T16:43:34,Asia,aze.archive.ubuntu.com,HTTPS,https://aze.archive.ubuntu.com/ubuntu/ls-lR.gz,89,4.228746,success
2026-05-30T16:44:31,USA,ftp.osuosl.org,FTP,ftp://ftp.osuosl.org/pub/ubuntu/ls-lR.gz,212,54.196349,success
2026-05-30T16:45:26,USA,ftp.osuosl.org,HTTP,http://ftp.osuosl.org/pub/ubuntu/ls-lR.gz,212,54.437864,success
2026-05-30T16:45:57,USA,ftp.osuosl.org,HTTPS,https://ftp.osuosl.org/pub/ubuntu/ls-lR.gz,212,31.246826,success
2026-05-30T16:56:09,Germany,mirror.netcologne.de,FTP,ftp://mirror.netcologne.de/ubuntu/ls-lR.gz,74,8.744578,success
2026-05-30T16:56:17,Germany,mirror.netcologne.de,HTTP,http://mirror.netcologne.de/ubuntu/ls-lR.gz,74,7.526416,success
2026-05-30T16:56:24,Germany,mirror.netcologne.de,HTTPS,https://mirror.netcologne.de/ubuntu/ls-lR.gz,74,7.660372,success
2026-05-30T16:56:32,Asia,aze.archive.ubuntu.com,FTP,ftp://aze.archive.ubuntu.com/ubuntu/ls-lR.gz,75,4.665682,success
2026-05-30T16:56:37,Asia,aze.archive.ubuntu.com,HTTP,http://aze.archive.ubuntu.com/ubuntu/ls-lR.gz,75,4.209589,success
2026-05-30T16:56:41,Asia,aze.archive.ubuntu.com,HTTPS,https://aze.archive.ubuntu.com/ubuntu/ls-lR.gz,75,4.122442,success
2026-05-30T16:56:59,USA,ftp.osuosl.org,FTP,ftp://ftp.osuosl.org/pub/ubuntu/ls-lR.gz,137,14.666416,success
2026-05-30T16:57:12,USA,ftp.osuosl.org,HTTP,http://ftp.osuosl.org/pub/ubuntu/ls-lR.gz,137,13.359270,success
2026-05-30T16:57:25,USA,ftp.osuosl.org,HTTPS,https://ftp.osuosl.org/pub/ubuntu/ls-lR.gz,137,13.163969,success
2026-05-30T17:07:36,Germany,mirror.netcologne.de,FTP,ftp://mirror.netcologne.de/ubuntu/ls-lR.gz,69,7.760442,success
2026-05-30T17:07:44,Germany,mirror.netcologne.de,HTTP,http://mirror.netcologne.de/ubuntu/ls-lR.gz,69,7.244925,success
2026-05-30T17:07:51,Germany,mirror.netcologne.de,HTTPS,https://mirror.netcologne.de/ubuntu/ls-lR.gz,69,7.661509,success
2026-05-30T17:08:00,Asia,aze.archive.ubuntu.com,FTP,ftp://aze.archive.ubuntu.com/ubuntu/ls-lR.gz,89,5.429995,success
2026-05-30T17:08:05,Asia,aze.archive.ubuntu.com,HTTP,http://aze.archive.ubuntu.com/ubuntu/ls-lR.gz,89,4.620692,success
2026-05-30T17:08:10,Asia,aze.archive.ubuntu.com,HTTPS,https://aze.archive.ubuntu.com/ubuntu/ls-lR.gz,89,4.736401,success
2026-05-30T17:08:37,USA,ftp.osuosl.org,FTP,ftp://ftp.osuosl.org/pub/ubuntu/ls-lR.gz,211,23.644957,success
2026-05-30T17:08:57,USA,ftp.osuosl.org,HTTP,http://ftp.osuosl.org/pub/ubuntu/ls-lR.gz,211,20.601564,success
2026-05-30T17:10:57,USA,ftp.osuosl.org,HTTPS,https://ftp.osuosl.org/pub/ubuntu/ls-lR.gz,211,119.972518,success
2026-05-30T17:21:08,Germany,mirror.netcologne.de,FTP,ftp://mirror.netcologne.de/ubuntu/ls-lR.gz,68,7.579972,success
2026-05-30T17:21:16,Germany,mirror.netcologne.de,HTTP,http://mirror.netcologne.de/ubuntu/ls-lR.gz,68,8.034604,success
2026-05-30T17:21:24,Germany,mirror.netcologne.de,HTTPS,https://mirror.netcologne.de/ubuntu/ls-lR.gz,68,7.296109,success
2026-05-30T17:21:32,Asia,aze.archive.ubuntu.com,FTP,ftp://aze.archive.ubuntu.com/ubuntu/ls-lR.gz,72,5.015124,success
2026-05-30T17:21:36,Asia,aze.archive.ubuntu.com,HTTP,http://aze.archive.ubuntu.com/ubuntu/ls-lR.gz,72,3.768926,success
2026-05-30T17:21:40,Asia,aze.archive.ubuntu.com,HTTPS,https://aze.archive.ubuntu.com/ubuntu/ls-lR.gz,72,4.091350,success
2026-05-30T17:22:32,USA,ftp.osuosl.org,FTP,ftp://ftp.osuosl.org/pub/ubuntu/ls-lR.gz,217,48.081170,success
2026-05-30T17:23:25,USA,ftp.osuosl.org,HTTP,http://ftp.osuosl.org/pub/ubuntu/ls-lR.gz,217,53.944010,success
2026-05-30T17:25:20,USA,ftp.osuosl.org,HTTPS,https://ftp.osuosl.org/pub/ubuntu/ls-lR.gz,217,114.757797,success
2026-05-30T17:35:33,Germany,mirror.netcologne.de,FTP,ftp://mirror.netcologne.de/ubuntu/ls-lR.gz,68,9.383379,success
2026-05-30T17:35:40,Germany,mirror.netcologne.de,HTTP,http://mirror.netcologne.de/ubuntu/ls-lR.gz,68,7.159684,success
2026-05-30T17:35:53,Germany,mirror.netcologne.de,HTTPS,https://mirror.netcologne.de/ubuntu/ls-lR.gz,68,12.357884,success
2026-05-30T17:36:03,Asia,aze.archive.ubuntu.com,FTP,ftp://aze.archive.ubuntu.com/ubuntu/ls-lR.gz,147,6.980717,success
2026-05-30T17:36:09,Asia,aze.archive.ubuntu.com,HTTP,http://aze.archive.ubuntu.com/ubuntu/ls-lR.gz,147,5.627725,success
2026-05-30T17:36:14,Asia,aze.archive.ubuntu.com,HTTPS,https://aze.archive.ubuntu.com/ubuntu/ls-lR.gz,147,5.471240,success
2026-05-30T17:36:52,USA,ftp.osuosl.org,FTP,ftp://ftp.osuosl.org/pub/ubuntu/ls-lR.gz,212,34.359386,success
2026-05-30T17:37:16,USA,ftp.osuosl.org,HTTP,http://ftp.osuosl.org/pub/ubuntu/ls-lR.gz,212,23.997075,success
2026-05-30T17:37:40,USA,ftp.osuosl.org,HTTPS,https://ftp.osuosl.org/pub/ubuntu/ls-lR.gz,212,24.402928,success
2026-05-30T17:47:54,Germany,mirror.netcologne.de,FTP,ftp://mirror.netcologne.de/ubuntu/ls-lR.gz,68,10.736195,success
2026-05-30T17:48:02,Germany,mirror.netcologne.de,HTTP,http://mirror.netcologne.de/ubuntu/ls-lR.gz,68,7.174308,success
2026-05-30T17:48:09,Germany,mirror.netcologne.de,HTTPS,https://mirror.netcologne.de/ubuntu/ls-lR.gz,68,7.427925,success
2026-05-30T17:48:19,Asia,aze.archive.ubuntu.com,FTP,ftp://aze.archive.ubuntu.com/ubuntu/ls-lR.gz,89,6.727863,success
2026-05-30T17:48:23,Asia,aze.archive.ubuntu.com,HTTP,http://aze.archive.ubuntu.com/ubuntu/ls-lR.gz,89,4.340263,success
2026-05-30T17:48:28,Asia,aze.archive.ubuntu.com,HTTPS,https://aze.archive.ubuntu.com/ubuntu/ls-lR.gz,89,4.373584,success
2026-05-30T17:49:19,USA,ftp.osuosl.org,FTP,ftp://ftp.osuosl.org/pub/ubuntu/ls-lR.gz,211,47.259225,success
2026-05-30T17:50:03,USA,ftp.osuosl.org,HTTP,http://ftp.osuosl.org/pub/ubuntu/ls-lR.gz,211,44.827081,success
2026-05-30T17:50:45,USA,ftp.osuosl.org,HTTPS,https://ftp.osuosl.org/pub/ubuntu/ls-lR.gz,211,41.062602,success
2026-05-30T18:00:58,Germany,mirror.netcologne.de,FTP,ftp://mirror.netcologne.de/ubuntu/ls-lR.gz,70,10.507401,success
2026-05-30T18:01:06,Germany,mirror.netcologne.de,HTTP,http://mirror.netcologne.de/ubuntu/ls-lR.gz,70,7.772803,success
2026-05-30T18:01:15,Germany,mirror.netcologne.de,HTTPS,https://mirror.netcologne.de/ubuntu/ls-lR.gz,70,8.794284,success
2026-05-30T18:01:23,Asia,aze.archive.ubuntu.com,FTP,ftp://aze.archive.ubuntu.com/ubuntu/ls-lR.gz,93,4.843803,success
2026-05-30T18:01:27,Asia,aze.archive.ubuntu.com,HTTP,http://aze.archive.ubuntu.com/ubuntu/ls-lR.gz,93,4.194802,success
2026-05-30T18:01:31,Asia,aze.archive.ubuntu.com,HTTPS,https://aze.archive.ubuntu.com/ubuntu/ls-lR.gz,93,4.003497,success
2026-05-30T18:01:49,USA,ftp.osuosl.org,FTP,ftp://ftp.osuosl.org/pub/ubuntu/ls-lR.gz,139,14.462033,success
2026-05-30T18:02:02,USA,ftp.osuosl.org,HTTP,http://ftp.osuosl.org/pub/ubuntu/ls-lR.gz,139,13.048531,success
2026-05-30T18:02:15,USA,ftp.osuosl.org,HTTPS,https://ftp.osuosl.org/pub/ubuntu/ls-lR.gz,139,12.874340,success
2026-05-30T18:12:27,Germany,mirror.netcologne.de,FTP,ftp://mirror.netcologne.de/ubuntu/ls-lR.gz,68,8.067700,success
2026-05-30T18:12:34,Germany,mirror.netcologne.de,HTTP,http://mirror.netcologne.de/ubuntu/ls-lR.gz,68,6.900893,success
2026-05-30T18:12:42,Germany,mirror.netcologne.de,HTTPS,https://mirror.netcologne.de/ubuntu/ls-lR.gz,68,8.449273,success
2026-05-30T18:13:00,Asia,aze.archive.ubuntu.com,FTP,ftp://aze.archive.ubuntu.com/ubuntu/ls-lR.gz,171,6.800741,success
2026-05-30T18:13:10,Asia,aze.archive.ubuntu.com,HTTP,http://aze.archive.ubuntu.com/ubuntu/ls-lR.gz,171,10.015230,success
2026-05-30T18:13:18,Asia,aze.archive.ubuntu.com,HTTPS,https://aze.archive.ubuntu.com/ubuntu/ls-lR.gz,171,7.586198,success
2026-05-30T18:14:19,USA,ftp.osuosl.org,FTP,ftp://ftp.osuosl.org/pub/ubuntu/ls-lR.gz,211,57.232525,success
2026-05-30T18:15:03,USA,ftp.osuosl.org,HTTP,http://ftp.osuosl.org/pub/ubuntu/ls-lR.gz,211,44.774530,success
2026-05-30T18:16:38,USA,ftp.osuosl.org,HTTPS,https://ftp.osuosl.org/pub/ubuntu/ls-lR.gz,211,94.726721,success
2026-05-30T18:27:37,Germany,mirror.netcologne.de,FTP,ftp://mirror.netcologne.de/ubuntu/ls-lR.gz,70,55.897143,success
2026-05-30T18:27:46,Germany,mirror.netcologne.de,HTTP,http://mirror.netcologne.de/ubuntu/ls-lR.gz,70,8.318109,success
2026-05-30T18:27:54,Germany,mirror.netcologne.de,HTTPS,https://mirror.netcologne.de/ubuntu/ls-lR.gz,70,8.533832,success
2026-05-30T18:28:04,Asia,aze.archive.ubuntu.com,FTP,ftp://aze.archive.ubuntu.com/ubuntu/ls-lR.gz,90,6.612514,success
2026-05-30T18:28:09,Asia,aze.archive.ubuntu.com,HTTP,http://aze.archive.ubuntu.com/ubuntu/ls-lR.gz,90,4.346590,success
2026-05-30T18:28:13,Asia,aze.archive.ubuntu.com,HTTPS,https://aze.archive.ubuntu.com/ubuntu/ls-lR.gz,90,4.139678,success
2026-05-30T18:28:33,USA,ftp.osuosl.org,FTP,ftp://ftp.osuosl.org/pub/ubuntu/ls-lR.gz,154,16.743382,success
2026-05-30T18:28:48,USA,ftp.osuosl.org,HTTP,http://ftp.osuosl.org/pub/ubuntu/ls-lR.gz,154,14.522114,success
2026-05-30T18:29:05,USA,ftp.osuosl.org,HTTPS,https://ftp.osuosl.org/pub/ubuntu/ls-lR.gz,154,17.006610,success
2026-05-30T18:39:17,Germany,mirror.netcologne.de,FTP,ftp://mirror.netcologne.de/ubuntu/ls-lR.gz,68,8.861181,success
2026-05-30T18:39:24,Germany,mirror.netcologne.de,HTTP,http://mirror.netcologne.de/ubuntu/ls-lR.gz,68,6.825560,success
2026-05-30T18:39:31,Germany,mirror.netcologne.de,HTTPS,https://mirror.netcologne.de/ubuntu/ls-lR.gz,68,7.618145,success
2026-05-30T18:39:42,Asia,aze.archive.ubuntu.com,FTP,ftp://aze.archive.ubuntu.com/ubuntu/ls-lR.gz,148,7.382040,success
2026-05-30T18:39:48,Asia,aze.archive.ubuntu.com,HTTP,http://aze.archive.ubuntu.com/ubuntu/ls-lR.gz,148,5.884502,success
2026-05-30T18:39:54,Asia,aze.archive.ubuntu.com,HTTPS,https://aze.archive.ubuntu.com/ubuntu/ls-lR.gz,148,5.533537,success
2026-05-30T18:40:11,USA,ftp.osuosl.org,FTP,ftp://ftp.osuosl.org/pub/ubuntu/ls-lR.gz,137,13.914823,success
2026-05-30T18:40:25,USA,ftp.osuosl.org,HTTP,http://ftp.osuosl.org/pub/ubuntu/ls-lR.gz,137,14.034332,success
2026-05-30T18:40:39,USA,ftp.osuosl.org,HTTPS,https://ftp.osuosl.org/pub/ubuntu/ls-lR.gz,137,13.832974,success
2026-05-30T18:50:53,Germany,mirror.netcologne.de,FTP,ftp://mirror.netcologne.de/ubuntu/ls-lR.gz,100,10.493052,success
2026-05-30T18:51:01,Germany,mirror.netcologne.de,HTTP,http://mirror.netcologne.de/ubuntu/ls-lR.gz,100,8.682356,success
2026-05-30T18:51:10,Germany,mirror.netcologne.de,HTTPS,https://mirror.netcologne.de/ubuntu/ls-lR.gz,100,8.491285,success
2026-05-30T18:51:20,Asia,aze.archive.ubuntu.com,FTP,ftp://aze.archive.ubuntu.com/ubuntu/ls-lR.gz,88,7.125525,success
2026-05-30T18:51:25,Asia,aze.archive.ubuntu.com,HTTP,http://aze.archive.ubuntu.com/ubuntu/ls-lR.gz,88,4.462222,success
2026-05-30T18:51:29,Asia,aze.archive.ubuntu.com,HTTPS,https://aze.archive.ubuntu.com/ubuntu/ls-lR.gz,88,4.467580,success
2026-05-30T18:52:05,USA,ftp.osuosl.org,FTP,ftp://ftp.osuosl.org/pub/ubuntu/ls-lR.gz,157,31.974202,success
2026-05-30T18:52:23,USA,ftp.osuosl.org,HTTP,http://ftp.osuosl.org/pub/ubuntu/ls-lR.gz,157,18.050619,success
2026-05-30T18:52:38,USA,ftp.osuosl.org,HTTPS,https://ftp.osuosl.org/pub/ubuntu/ls-lR.gz,157,14.685251,success
2026-05-30T19:02:50,Germany,mirror.netcologne.de,FTP,ftp://mirror.netcologne.de/ubuntu/ls-lR.gz,71,8.812828,success
2026-05-30T19:02:57,Germany,mirror.netcologne.de,HTTP,http://mirror.netcologne.de/ubuntu/ls-lR.gz,71,7.511059,success
2026-05-30T19:03:05,Germany,mirror.netcologne.de,HTTPS,https://mirror.netcologne.de/ubuntu/ls-lR.gz,71,7.724558,success
2026-05-30T19:03:16,Asia,aze.archive.ubuntu.com,FTP,ftp://aze.archive.ubuntu.com/ubuntu/ls-lR.gz,148,7.659664,success
2026-05-30T19:03:22,Asia,aze.archive.ubuntu.com,HTTP,http://aze.archive.ubuntu.com/ubuntu/ls-lR.gz,148,5.654664,success
2026-05-30T19:03:30,Asia,aze.archive.ubuntu.com,HTTPS,https://aze.archive.ubuntu.com/ubuntu/ls-lR.gz,148,8.464398,success
2026-05-30T19:03:53,USA,ftp.osuosl.org,FTP,ftp://ftp.osuosl.org/pub/ubuntu/ls-lR.gz,158,18.482005,success
2026-05-30T19:04:07,USA,ftp.osuosl.org,HTTP,http://ftp.osuosl.org/pub/ubuntu/ls-lR.gz,158,14.789337,success
2026-05-30T19:04:21,USA,ftp.osuosl.org,HTTPS,https://ftp.osuosl.org/pub/ubuntu/ls-lR.gz,158,14.026451,success
2026-05-30T19:14:34,Germany,mirror.netcologne.de,FTP,ftp://mirror.netcologne.de/ubuntu/ls-lR.gz,68,9.388186,success
2026-05-30T19:14:42,Germany,mirror.netcologne.de,HTTP,http://mirror.netcologne.de/ubuntu/ls-lR.gz,68,8.185016,success
2026-05-30T19:14:53,Germany,mirror.netcologne.de,HTTPS,https://mirror.netcologne.de/ubuntu/ls-lR.gz,68,10.103494,success
2026-05-30T19:15:00,Asia,aze.archive.ubuntu.com,FTP,ftp://aze.archive.ubuntu.com/ubuntu/ls-lR.gz,71,4.600583,success
2026-05-30T19:15:04,Asia,aze.archive.ubuntu.com,HTTP,http://aze.archive.ubuntu.com/ubuntu/ls-lR.gz,71,3.886448,success
2026-05-30T19:15:09,Asia,aze.archive.ubuntu.com,HTTPS,https://aze.archive.ubuntu.com/ubuntu/ls-lR.gz,71,4.221000,success
2026-05-30T19:15:44,USA,ftp.osuosl.org,FTP,ftp://ftp.osuosl.org/pub/ubuntu/ls-lR.gz,136,31.930592,success
2026-05-30T19:16:18,USA,ftp.osuosl.org,HTTP,http://ftp.osuosl.org/pub/ubuntu/ls-lR.gz,136,34.009319,success
2026-05-30T19:16:39,USA,ftp.osuosl.org,HTTPS,https://ftp.osuosl.org/pub/ubuntu/ls-lR.gz,136,21.055384,success
2026-05-30T19:26:49,Germany,mirror.netcologne.de,FTP,ftp://mirror.netcologne.de/ubuntu/ls-lR.gz,70,6.633861,success
2026-05-30T19:27:05,Germany,mirror.netcologne.de,HTTP,http://mirror.netcologne.de/ubuntu/ls-lR.gz,70,15.938785,success
2026-05-30T19:27:13,Germany,mirror.netcologne.de,HTTPS,https://mirror.netcologne.de/ubuntu/ls-lR.gz,70,7.734572,success
2026-05-30T19:27:22,Asia,aze.archive.ubuntu.com,FTP,ftp://aze.archive.ubuntu.com/ubuntu/ls-lR.gz,72,6.201276,success
2026-05-30T19:27:26,Asia,aze.archive.ubuntu.com,HTTP,http://aze.archive.ubuntu.com/ubuntu/ls-lR.gz,72,4.014371,success
2026-05-30T19:27:31,Asia,aze.archive.ubuntu.com,HTTPS,https://aze.archive.ubuntu.com/ubuntu/ls-lR.gz,72,4.129338,success
2026-05-30T19:27:49,USA,ftp.osuosl.org,FTP,ftp://ftp.osuosl.org/pub/ubuntu/ls-lR.gz,137,14.384682,success
2026-05-30T19:28:07,USA,ftp.osuosl.org,HTTP,http://ftp.osuosl.org/pub/ubuntu/ls-lR.gz,137,18.443984,success
2026-05-30T19:28:20,USA,ftp.osuosl.org,HTTPS,https://ftp.osuosl.org/pub/ubuntu/ls-lR.gz,137,12.930445,success
2026-05-30T19:38:31,Germany,mirror.netcologne.de,FTP,ftp://mirror.netcologne.de/ubuntu/ls-lR.gz,69,7.871506,success
2026-05-30T19:38:38,Germany,mirror.netcologne.de,HTTP,http://mirror.netcologne.de/ubuntu/ls-lR.gz,69,6.689910,success
2026-05-30T19:38:43,Germany,mirror.netcologne.de,HTTPS,https://mirror.netcologne.de/ubuntu/ls-lR.gz,69,5.597329,success
2026-05-30T19:38:56,Asia,aze.archive.ubuntu.com,FTP,ftp://aze.archive.ubuntu.com/ubuntu/ls-lR.gz,156,8.376787,success
2026-05-30T19:39:03,Asia,aze.archive.ubuntu.com,HTTP,http://aze.archive.ubuntu.com/ubuntu/ls-lR.gz,156,6.522518,success
2026-05-30T19:39:08,Asia,aze.archive.ubuntu.com,HTTPS,https://aze.archive.ubuntu.com/ubuntu/ls-lR.gz,156,5.314810,success
2026-05-30T19:40:02,USA,ftp.osuosl.org,FTP,ftp://ftp.osuosl.org/pub/ubuntu/ls-lR.gz,210,50.048471,success
2026-05-30T19:40:55,USA,ftp.osuosl.org,HTTP,http://ftp.osuosl.org/pub/ubuntu/ls-lR.gz,210,53.248718,success
2026-05-30T19:42:48,USA,ftp.osuosl.org,HTTPS,https://ftp.osuosl.org/pub/ubuntu/ls-lR.gz,210,113.022974,success
2026-05-30T19:52:59,Germany,mirror.netcologne.de,FTP,ftp://mirror.netcologne.de/ubuntu/ls-lR.gz,68,7.619107,success
2026-05-30T19:53:07,Germany,mirror.netcologne.de,HTTP,http://mirror.netcologne.de/ubuntu/ls-lR.gz,68,8.198892,success
2026-05-30T19:53:17,Germany,mirror.netcologne.de,HTTPS,https://mirror.netcologne.de/ubuntu/ls-lR.gz,68,9.854625,success
2026-05-30T19:53:25,Asia,aze.archive.ubuntu.com,FTP,ftp://aze.archive.ubuntu.com/ubuntu/ls-lR.gz,73,4.697996,success
2026-05-30T19:53:29,Asia,aze.archive.ubuntu.com,HTTP,http://aze.archive.ubuntu.com/ubuntu/ls-lR.gz,73,3.884769,success
2026-05-30T19:53:33,Asia,aze.archive.ubuntu.com,HTTPS,https://aze.archive.ubuntu.com/ubuntu/ls-lR.gz,73,4.195092,success
2026-05-30T19:53:55,USA,ftp.osuosl.org,FTP,ftp://ftp.osuosl.org/pub/ubuntu/ls-lR.gz,157,18.756162,success
2026-05-30T19:54:13,USA,ftp.osuosl.org,HTTP,http://ftp.osuosl.org/pub/ubuntu/ls-lR.gz,157,17.058070,success
2026-05-30T19:54:25,USA,ftp.osuosl.org,HTTPS,https://ftp.osuosl.org/pub/ubuntu/ls-lR.gz,157,12.593875,success
2026-05-30T20:04:36,Germany,mirror.netcologne.de,FTP,ftp://mirror.netcologne.de/ubuntu/ls-lR.gz,71,7.575754,success
2026-05-30T20:04:44,Germany,mirror.netcologne.de,HTTP,http://mirror.netcologne.de/ubuntu/ls-lR.gz,71,8.192383,success
2026-05-30T20:04:52,Germany,mirror.netcologne.de,HTTPS,https://mirror.netcologne.de/ubuntu/ls-lR.gz,71,7.711587,success
2026-05-30T20:05:00,Asia,aze.archive.ubuntu.com,FTP,ftp://aze.archive.ubuntu.com/ubuntu/ls-lR.gz,73,4.871104,success
2026-05-30T20:05:04,Asia,aze.archive.ubuntu.com,HTTP,http://aze.archive.ubuntu.com/ubuntu/ls-lR.gz,73,4.142347,success
2026-05-30T20:05:09,Asia,aze.archive.ubuntu.com,HTTPS,https://aze.archive.ubuntu.com/ubuntu/ls-lR.gz,73,4.329308,success
2026-05-30T20:05:28,USA,ftp.osuosl.org,FTP,ftp://ftp.osuosl.org/pub/ubuntu/ls-lR.gz,137,16.093526,success
2026-05-30T20:05:41,USA,ftp.osuosl.org,HTTP,http://ftp.osuosl.org/pub/ubuntu/ls-lR.gz,137,12.339295,success
2026-05-30T20:05:58,USA,ftp.osuosl.org,HTTPS,https://ftp.osuosl.org/pub/ubuntu/ls-lR.gz,137,17.365013,success
2026-05-30T20:16:11,Germany,mirror.netcologne.de,FTP,ftp://mirror.netcologne.de/ubuntu/ls-lR.gz,97,9.877477,success
2026-05-30T20:16:20,Germany,mirror.netcologne.de,HTTP,http://mirror.netcologne.de/ubuntu/ls-lR.gz,97,8.550373,success
2026-05-30T20:16:28,Germany,mirror.netcologne.de,HTTPS,https://mirror.netcologne.de/ubuntu/ls-lR.gz,97,8.535703,success
2026-05-30T20:16:39,Asia,aze.archive.ubuntu.com,FTP,ftp://aze.archive.ubuntu.com/ubuntu/ls-lR.gz,150,7.261876,success
2026-05-30T20:16:45,Asia,aze.archive.ubuntu.com,HTTP,http://aze.archive.ubuntu.com/ubuntu/ls-lR.gz,150,5.691221,success
2026-05-30T20:16:51,Asia,aze.archive.ubuntu.com,HTTPS,https://aze.archive.ubuntu.com/ubuntu/ls-lR.gz,150,5.819933,success
2026-05-30T20:17:11,USA,ftp.osuosl.org,FTP,ftp://ftp.osuosl.org/pub/ubuntu/ls-lR.gz,170,16.857638,success
2026-05-30T20:17:26,USA,ftp.osuosl.org,HTTP,http://ftp.osuosl.org/pub/ubuntu/ls-lR.gz,170,15.048565,success
2026-05-30T20:17:45,USA,ftp.osuosl.org,HTTPS,https://ftp.osuosl.org/pub/ubuntu/ls-lR.gz,170,18.954051,success
2026-05-30T20:27:58,Germany,mirror.netcologne.de,FTP,ftp://mirror.netcologne.de/ubuntu/ls-lR.gz,67,9.170081,success
2026-05-30T20:28:04,Germany,mirror.netcologne.de,HTTP,http://mirror.netcologne.de/ubuntu/ls-lR.gz,67,6.271411,success
2026-05-30T20:28:12,Germany,mirror.netcologne.de,HTTPS,https://mirror.netcologne.de/ubuntu/ls-lR.gz,67,7.635215,success
2026-05-30T20:28:20,Asia,aze.archive.ubuntu.com,FTP,ftp://aze.archive.ubuntu.com/ubuntu/ls-lR.gz,75,4.723649,success
2026-05-30T20:28:24,Asia,aze.archive.ubuntu.com,HTTP,http://aze.archive.ubuntu.com/ubuntu/ls-lR.gz,75,3.890498,success
2026-05-30T20:28:28,Asia,aze.archive.ubuntu.com,HTTPS,https://aze.archive.ubuntu.com/ubuntu/ls-lR.gz,75,4.241539,success
2026-05-30T20:28:55,USA,ftp.osuosl.org,FTP,ftp://ftp.osuosl.org/pub/ubuntu/ls-lR.gz,138,23.533878,success
2026-05-30T20:29:06,USA,ftp.osuosl.org,HTTP,http://ftp.osuosl.org/pub/ubuntu/ls-lR.gz,138,11.257855,success
2026-05-30T20:29:22,USA,ftp.osuosl.org,HTTPS,https://ftp.osuosl.org/pub/ubuntu/ls-lR.gz,138,15.604596,success
2026-05-30T20:39:34,Germany,mirror.netcologne.de,FTP,ftp://mirror.netcologne.de/ubuntu/ls-lR.gz,67,8.615763,success
2026-05-30T20:39:41,Germany,mirror.netcologne.de,HTTP,http://mirror.netcologne.de/ubuntu/ls-lR.gz,67,7.352544,success
2026-05-30T20:39:50,Germany,mirror.netcologne.de,HTTPS,https://mirror.netcologne.de/ubuntu/ls-lR.gz,67,8.756910,success
2026-05-30T20:40:02,Asia,aze.archive.ubuntu.com,FTP,ftp://aze.archive.ubuntu.com/ubuntu/ls-lR.gz,89,8.682563,success
2026-05-30T20:40:06,Asia,aze.archive.ubuntu.com,HTTP,http://aze.archive.ubuntu.com/ubuntu/ls-lR.gz,89,4.282126,success
2026-05-30T20:40:11,Asia,aze.archive.ubuntu.com,HTTPS,https://aze.archive.ubuntu.com/ubuntu/ls-lR.gz,89,4.310476,success
2026-05-30T20:40:29,USA,ftp.osuosl.org,FTP,ftp://ftp.osuosl.org/pub/ubuntu/ls-lR.gz,154,14.992746,success
2026-05-30T20:40:43,USA,ftp.osuosl.org,HTTP,http://ftp.osuosl.org/pub/ubuntu/ls-lR.gz,154,13.487427,success
2026-05-30T20:40:58,USA,ftp.osuosl.org,HTTPS,https://ftp.osuosl.org/pub/ubuntu/ls-lR.gz,154,15.565069,success
2026-05-30T20:51:11,Germany,mirror.netcologne.de,FTP,ftp://mirror.netcologne.de/ubuntu/ls-lR.gz,67,9.209597,success
2026-05-30T20:51:18,Germany,mirror.netcologne.de,HTTP,http://mirror.netcologne.de/ubuntu/ls-lR.gz,67,7.323775,success
2026-05-30T20:51:32,Germany,mirror.netcologne.de,HTTPS,https://mirror.netcologne.de/ubuntu/ls-lR.gz,67,13.824259,success
2026-05-30T20:51:42,Asia,aze.archive.ubuntu.com,FTP,ftp://aze.archive.ubuntu.com/ubuntu/ls-lR.gz,89,7.184719,success
2026-05-30T20:51:47,Asia,aze.archive.ubuntu.com,HTTP,http://aze.archive.ubuntu.com/ubuntu/ls-lR.gz,89,4.540624,success
2026-05-30T20:51:52,Asia,aze.archive.ubuntu.com,HTTPS,https://aze.archive.ubuntu.com/ubuntu/ls-lR.gz,89,5.253097,success
2026-05-30T20:53:00,USA,ftp.osuosl.org,FTP,ftp://ftp.osuosl.org/pub/ubuntu/ls-lR.gz,211,64.065708,success
2026-05-30T20:53:32,USA,ftp.osuosl.org,HTTP,http://ftp.osuosl.org/pub/ubuntu/ls-lR.gz,211,32.528622,success
2026-05-30T20:55:33,USA,ftp.osuosl.org,HTTPS,https://ftp.osuosl.org/pub/ubuntu/ls-lR.gz,211,120.312115,success
2026-05-30T21:05:45,Germany,mirror.netcologne.de,FTP,ftp://mirror.netcologne.de/ubuntu/ls-lR.gz,68,8.573572,success
2026-05-30T21:05:52,Germany,mirror.netcologne.de,HTTP,http://mirror.netcologne.de/ubuntu/ls-lR.gz,68,7.178539,success
2026-05-30T21:06:00,Germany,mirror.netcologne.de,HTTPS,https://mirror.netcologne.de/ubuntu/ls-lR.gz,68,7.855733,success
2026-05-30T21:06:11,Asia,aze.archive.ubuntu.com,FTP,ftp://aze.archive.ubuntu.com/ubuntu/ls-lR.gz,89,7.900330,success
2026-05-30T21:06:15,Asia,aze.archive.ubuntu.com,HTTP,http://aze.archive.ubuntu.com/ubuntu/ls-lR.gz,89,4.333945,success
2026-05-30T21:06:20,Asia,aze.archive.ubuntu.com,HTTPS,https://aze.archive.ubuntu.com/ubuntu/ls-lR.gz,89,4.761333,success
2026-05-30T21:06:41,USA,ftp.osuosl.org,FTP,ftp://ftp.osuosl.org/pub/ubuntu/ls-lR.gz,154,17.188912,success
2026-05-30T21:07:01,USA,ftp.osuosl.org,HTTP,http://ftp.osuosl.org/pub/ubuntu/ls-lR.gz,154,20.174476,success
2026-05-30T21:07:28,USA,ftp.osuosl.org,HTTPS,https://ftp.osuosl.org/pub/ubuntu/ls-lR.gz,154,27.082010,success
2026-05-30T21:17:40,Germany,mirror.netcologne.de,FTP,ftp://mirror.netcologne.de/ubuntu/ls-lR.gz,68,8.890323,success
2026-05-30T21:17:47,Germany,mirror.netcologne.de,HTTP,http://mirror.netcologne.de/ubuntu/ls-lR.gz,68,6.809207,success
2026-05-30T21:17:54,Germany,mirror.netcologne.de,HTTPS,https://mirror.netcologne.de/ubuntu/ls-lR.gz,68,6.616953,success
2026-05-30T21:18:03,Asia,aze.archive.ubuntu.com,FTP,ftp://aze.archive.ubuntu.com/ubuntu/ls-lR.gz,89,5.869151,success
2026-05-30T21:18:07,Asia,aze.archive.ubuntu.com,HTTP,http://aze.archive.ubuntu.com/ubuntu/ls-lR.gz,89,4.264373,success
2026-05-30T21:18:12,Asia,aze.archive.ubuntu.com,HTTPS,https://aze.archive.ubuntu.com/ubuntu/ls-lR.gz,89,4.253180,success
2026-05-30T21:18:33,USA,ftp.osuosl.org,FTP,ftp://ftp.osuosl.org/pub/ubuntu/ls-lR.gz,157,18.378584,success
2026-05-30T21:18:48,USA,ftp.osuosl.org,HTTP,http://ftp.osuosl.org/pub/ubuntu/ls-lR.gz,157,14.171236,success
2026-05-30T21:19:06,USA,ftp.osuosl.org,HTTPS,https://ftp.osuosl.org/pub/ubuntu/ls-lR.gz,157,18.154955,success
2026-05-30T21:29:17,Germany,mirror.netcologne.de,FTP,ftp://mirror.netcologne.de/ubuntu/ls-lR.gz,69,7.850036,success
2026-05-30T21:29:24,Germany,mirror.netcologne.de,HTTP,http://mirror.netcologne.de/ubuntu/ls-lR.gz,69,7.375991,success
2026-05-30T21:29:31,Germany,mirror.netcologne.de,HTTPS,https://mirror.netcologne.de/ubuntu/ls-lR.gz,69,6.476920,success
2026-05-30T21:29:42,Asia,aze.archive.ubuntu.com,FTP,ftp://aze.archive.ubuntu.com/ubuntu/ls-lR.gz,158,7.113077,success
2026-05-30T21:29:47,Asia,aze.archive.ubuntu.com,HTTP,http://aze.archive.ubuntu.com/ubuntu/ls-lR.gz,158,5.581676,success
2026-05-30T21:29:53,Asia,aze.archive.ubuntu.com,HTTPS,https://aze.archive.ubuntu.com/ubuntu/ls-lR.gz,158,5.981792,success
2026-05-30T21:30:15,USA,ftp.osuosl.org,FTP,ftp://ftp.osuosl.org/pub/ubuntu/ls-lR.gz,154,18.855114,success
2026-05-30T21:30:29,USA,ftp.osuosl.org,HTTP,http://ftp.osuosl.org/pub/ubuntu/ls-lR.gz,154,13.182082,success
2026-05-30T21:30:44,USA,ftp.osuosl.org,HTTPS,https://ftp.osuosl.org/pub/ubuntu/ls-lR.gz,154,15.129631,success
2026-05-30T21:40:54,Germany,mirror.netcologne.de,FTP,ftp://mirror.netcologne.de/ubuntu/ls-lR.gz,69,6.988820,success
2026-05-30T21:41:02,Germany,mirror.netcologne.de,HTTP,http://mirror.netcologne.de/ubuntu/ls-lR.gz,69,7.625909,success
2026-05-30T21:41:10,Germany,mirror.netcologne.de,HTTPS,https://mirror.netcologne.de/ubuntu/ls-lR.gz,69,8.398413,success
2026-05-30T21:41:19,Asia,aze.archive.ubuntu.com,FTP,ftp://aze.archive.ubuntu.com/ubuntu/ls-lR.gz,89,5.201334,success
2026-05-30T21:41:23,Asia,aze.archive.ubuntu.com,HTTP,http://aze.archive.ubuntu.com/ubuntu/ls-lR.gz,89,4.097234,success
2026-05-30T21:41:27,Asia,aze.archive.ubuntu.com,HTTPS,https://aze.archive.ubuntu.com/ubuntu/ls-lR.gz,89,4.301102,success
2026-05-30T21:42:12,USA,ftp.osuosl.org,FTP,ftp://ftp.osuosl.org/pub/ubuntu/ls-lR.gz,210,41.271774,success
2026-05-30T21:43:00,USA,ftp.osuosl.org,HTTP,http://ftp.osuosl.org/pub/ubuntu/ls-lR.gz,210,47.745983,success
2026-05-30T21:44:01,USA,ftp.osuosl.org,HTTPS,https://ftp.osuosl.org/pub/ubuntu/ls-lR.gz,210,61.358068,success
2026-05-30T21:54:14,Germany,mirror.netcologne.de,FTP,ftp://mirror.netcologne.de/ubuntu/ls-lR.gz,67,9.331343,success
2026-05-30T21:54:23,Germany,mirror.netcologne.de,HTTP,http://mirror.netcologne.de/ubuntu/ls-lR.gz,67,9.374793,success
2026-05-30T21:54:30,Germany,mirror.netcologne.de,HTTPS,https://mirror.netcologne.de/ubuntu/ls-lR.gz,67,7.163530,success
2026-05-30T21:54:40,Asia,aze.archive.ubuntu.com,FTP,ftp://aze.archive.ubuntu.com/ubuntu/ls-lR.gz,80,6.550577,success
2026-05-30T21:54:44,Asia,aze.archive.ubuntu.com,HTTP,http://aze.archive.ubuntu.com/ubuntu/ls-lR.gz,80,3.880960,success
2026-05-30T21:54:48,Asia,aze.archive.ubuntu.com,HTTPS,https://aze.archive.ubuntu.com/ubuntu/ls-lR.gz,80,4.205936,success
2026-05-30T21:55:13,USA,ftp.osuosl.org,FTP,ftp://ftp.osuosl.org/pub/ubuntu/ls-lR.gz,223,21.155742,success
2026-05-30T21:55:26,USA,ftp.osuosl.org,HTTP,http://ftp.osuosl.org/pub/ubuntu/ls-lR.gz,223,13.113157,success
2026-05-30T21:55:44,USA,ftp.osuosl.org,HTTPS,https://ftp.osuosl.org/pub/ubuntu/ls-lR.gz,223,17.817384,success
2026-05-30T22:05:56,Germany,mirror.netcologne.de,FTP,ftp://mirror.netcologne.de/ubuntu/ls-lR.gz,67,8.290922,success
2026-05-30T22:06:05,Germany,mirror.netcologne.de,HTTP,http://mirror.netcologne.de/ubuntu/ls-lR.gz,67,8.955304,success
2026-05-30T22:06:12,Germany,mirror.netcologne.de,HTTPS,https://mirror.netcologne.de/ubuntu/ls-lR.gz,67,7.195948,success
2026-05-30T22:06:20,Asia,aze.archive.ubuntu.com,FTP,ftp://aze.archive.ubuntu.com/ubuntu/ls-lR.gz,97,4.750886,success
2026-05-30T22:06:24,Asia,aze.archive.ubuntu.com,HTTP,http://aze.archive.ubuntu.com/ubuntu/ls-lR.gz,97,3.930303,success
2026-05-30T22:06:28,Asia,aze.archive.ubuntu.com,HTTPS,https://aze.archive.ubuntu.com/ubuntu/ls-lR.gz,97,3.986771,success
2026-05-30T22:07:15,USA,ftp.osuosl.org,FTP,ftp://ftp.osuosl.org/pub/ubuntu/ls-lR.gz,212,43.143694,success
2026-05-30T22:08:10,USA,ftp.osuosl.org,HTTP,http://ftp.osuosl.org/pub/ubuntu/ls-lR.gz,212,55.108566,success
2026-05-30T22:09:15,USA,ftp.osuosl.org,HTTPS,https://ftp.osuosl.org/pub/ubuntu/ls-lR.gz,212,64.710664,success
2026-05-30T22:19:27,Germany,mirror.netcologne.de,FTP,ftp://mirror.netcologne.de/ubuntu/ls-lR.gz,69,9.191263,success
2026-05-30T22:19:34,Germany,mirror.netcologne.de,HTTP,http://mirror.netcologne.de/ubuntu/ls-lR.gz,69,7.073017,success
2026-05-30T22:19:43,Germany,mirror.netcologne.de,HTTPS,https://mirror.netcologne.de/ubuntu/ls-lR.gz,69,8.861115,success
2026-05-30T22:19:51,Asia,aze.archive.ubuntu.com,FTP,ftp://aze.archive.ubuntu.com/ubuntu/ls-lR.gz,71,4.822091,success
2026-05-30T22:19:56,Asia,aze.archive.ubuntu.com,HTTP,http://aze.archive.ubuntu.com/ubuntu/ls-lR.gz,71,4.376844,success
2026-05-30T22:20:00,Asia,aze.archive.ubuntu.com,HTTPS,https://aze.archive.ubuntu.com/ubuntu/ls-lR.gz,71,4.456987,success
2026-05-30T22:20:21,USA,ftp.osuosl.org,FTP,ftp://ftp.osuosl.org/pub/ubuntu/ls-lR.gz,136,17.013598,success
2026-05-30T22:20:36,USA,ftp.osuosl.org,HTTP,http://ftp.osuosl.org/pub/ubuntu/ls-lR.gz,136,14.893055,success
2026-05-30T22:20:49,USA,ftp.osuosl.org,HTTPS,https://ftp.osuosl.org/pub/ubuntu/ls-lR.gz,136,13.561892,success
2026-05-30T22:31:02,Germany,mirror.netcologne.de,FTP,ftp://mirror.netcologne.de/ubuntu/ls-lR.gz,71,9.063651,success
2026-05-30T22:31:09,Germany,mirror.netcologne.de,HTTP,http://mirror.netcologne.de/ubuntu/ls-lR.gz,71,7.361863,success
2026-05-30T22:31:17,Germany,mirror.netcologne.de,HTTPS,https://mirror.netcologne.de/ubuntu/ls-lR.gz,71,8.254866,success
2026-05-30T22:31:25,Asia,aze.archive.ubuntu.com,FTP,ftp://aze.archive.ubuntu.com/ubuntu/ls-lR.gz,72,4.782813,success
2026-05-30T22:31:29,Asia,aze.archive.ubuntu.com,HTTP,http://aze.archive.ubuntu.com/ubuntu/ls-lR.gz,72,3.962177,success
2026-05-30T22:31:34,Asia,aze.archive.ubuntu.com,HTTPS,https://aze.archive.ubuntu.com/ubuntu/ls-lR.gz,72,4.394028,success
2026-05-30T22:31:56,USA,ftp.osuosl.org,FTP,ftp://ftp.osuosl.org/pub/ubuntu/ls-lR.gz,138,18.699146,success
2026-05-30T22:32:12,USA,ftp.osuosl.org,HTTP,http://ftp.osuosl.org/pub/ubuntu/ls-lR.gz,138,16.464794,success
2026-05-30T22:32:27,USA,ftp.osuosl.org,HTTPS,https://ftp.osuosl.org/pub/ubuntu/ls-lR.gz,138,14.444650,success
2026-05-30T22:42:38,Germany,mirror.netcologne.de,FTP,ftp://mirror.netcologne.de/ubuntu/ls-lR.gz,68,8.131660,success
2026-05-30T22:42:46,Germany,mirror.netcologne.de,HTTP,http://mirror.netcologne.de/ubuntu/ls-lR.gz,68,8.165402,success
2026-05-30T22:42:55,Germany,mirror.netcologne.de,HTTPS,https://mirror.netcologne.de/ubuntu/ls-lR.gz,68,8.544674,success
2026-05-30T22:43:03,Asia,aze.archive.ubuntu.com,FTP,ftp://aze.archive.ubuntu.com/ubuntu/ls-lR.gz,73,4.979410,success
2026-05-30T22:43:07,Asia,aze.archive.ubuntu.com,HTTP,http://aze.archive.ubuntu.com/ubuntu/ls-lR.gz,73,3.897900,success
2026-05-30T22:43:11,Asia,aze.archive.ubuntu.com,HTTPS,https://aze.archive.ubuntu.com/ubuntu/ls-lR.gz,73,4.100564,success
2026-05-30T22:43:52,USA,ftp.osuosl.org,FTP,ftp://ftp.osuosl.org/pub/ubuntu/ls-lR.gz,214,36.943746,success
2026-05-30T22:44:39,USA,ftp.osuosl.org,HTTP,http://ftp.osuosl.org/pub/ubuntu/ls-lR.gz,214,46.763275,success
2026-05-30T22:46:32,USA,ftp.osuosl.org,HTTPS,https://ftp.osuosl.org/pub/ubuntu/ls-lR.gz,214,113.548768,success
2026-05-30T22:56:44,Germany,mirror.netcologne.de,FTP,ftp://mirror.netcologne.de/ubuntu/ls-lR.gz,68,8.900165,success
2026-05-30T22:56:52,Germany,mirror.netcologne.de,HTTP,http://mirror.netcologne.de/ubuntu/ls-lR.gz,68,7.891814,success
2026-05-30T22:57:00,Germany,mirror.netcologne.de,HTTPS,https://mirror.netcologne.de/ubuntu/ls-lR.gz,68,7.713877,success
2026-05-30T22:57:09,Asia,aze.archive.ubuntu.com,FTP,ftp://aze.archive.ubuntu.com/ubuntu/ls-lR.gz,88,5.623959,success
2026-05-30T22:57:13,Asia,aze.archive.ubuntu.com,HTTP,http://aze.archive.ubuntu.com/ubuntu/ls-lR.gz,88,4.238762,success
2026-05-30T22:57:18,Asia,aze.archive.ubuntu.com,HTTPS,https://aze.archive.ubuntu.com/ubuntu/ls-lR.gz,88,4.805422,success
2026-05-30T22:57:37,USA,ftp.osuosl.org,FTP,ftp://ftp.osuosl.org/pub/ubuntu/ls-lR.gz,138,16.015548,success
2026-05-30T22:57:54,USA,ftp.osuosl.org,HTTP,http://ftp.osuosl.org/pub/ubuntu/ls-lR.gz,138,16.685966,success
2026-05-30T22:58:09,USA,ftp.osuosl.org,HTTPS,https://ftp.osuosl.org/pub/ubuntu/ls-lR.gz,138,14.936504,success
2026-05-30T23:08:18,Germany,mirror.netcologne.de,FTP,ftp://mirror.netcologne.de/ubuntu/ls-lR.gz,68,5.987320,success
2026-05-30T23:08:26,Germany,mirror.netcologne.de,HTTP,http://mirror.netcologne.de/ubuntu/ls-lR.gz,68,7.471190,success
2026-05-30T23:08:33,Germany,mirror.netcologne.de,HTTPS,https://mirror.netcologne.de/ubuntu/ls-lR.gz,68,6.591130,success
2026-05-30T23:08:43,Asia,aze.archive.ubuntu.com,FTP,ftp://aze.archive.ubuntu.com/ubuntu/ls-lR.gz,143,6.636397,success
2026-05-30T23:08:48,Asia,aze.archive.ubuntu.com,HTTP,http://aze.archive.ubuntu.com/ubuntu/ls-lR.gz,143,5.627160,success
2026-05-30T23:08:54,Asia,aze.archive.ubuntu.com,HTTPS,https://aze.archive.ubuntu.com/ubuntu/ls-lR.gz,143,5.598979,success
2026-05-30T23:09:53,USA,ftp.osuosl.org,FTP,ftp://ftp.osuosl.org/pub/ubuntu/ls-lR.gz,211,55.981926,success
2026-05-30T23:10:48,USA,ftp.osuosl.org,HTTP,http://ftp.osuosl.org/pub/ubuntu/ls-lR.gz,211,54.640699,success
2026-05-30T23:12:41,USA,ftp.osuosl.org,HTTPS,https://ftp.osuosl.org/pub/ubuntu/ls-lR.gz,211,112.713844,success
2026-05-30T23:22:53,Germany,mirror.netcologne.de,FTP,ftp://mirror.netcologne.de/ubuntu/ls-lR.gz,69,8.895866,success
2026-05-30T23:23:01,Germany,mirror.netcologne.de,HTTP,http://mirror.netcologne.de/ubuntu/ls-lR.gz,69,7.784283,success
2026-05-30T23:23:09,Germany,mirror.netcologne.de,HTTPS,https://mirror.netcologne.de/ubuntu/ls-lR.gz,69,8.139640,success
2026-05-30T23:23:20,Asia,aze.archive.ubuntu.com,FTP,ftp://aze.archive.ubuntu.com/ubuntu/ls-lR.gz,151,7.338695,success
2026-05-30T23:23:25,Asia,aze.archive.ubuntu.com,HTTP,http://aze.archive.ubuntu.com/ubuntu/ls-lR.gz,151,5.480810,success
2026-05-30T23:23:31,Asia,aze.archive.ubuntu.com,HTTPS,https://aze.archive.ubuntu.com/ubuntu/ls-lR.gz,151,5.657038,success
2026-05-30T23:23:49,USA,ftp.osuosl.org,FTP,ftp://ftp.osuosl.org/pub/ubuntu/ls-lR.gz,138,14.946612,success
2026-05-30T23:24:05,USA,ftp.osuosl.org,HTTP,http://ftp.osuosl.org/pub/ubuntu/ls-lR.gz,138,16.022495,success
2026-05-30T23:24:20,USA,ftp.osuosl.org,HTTPS,https://ftp.osuosl.org/pub/ubuntu/ls-lR.gz,138,14.184382,success
2026-05-30T23:34:32,Germany,mirror.netcologne.de,FTP,ftp://mirror.netcologne.de/ubuntu/ls-lR.gz,69,8.581513,success
2026-05-30T23:34:40,Germany,mirror.netcologne.de,HTTP,http://mirror.netcologne.de/ubuntu/ls-lR.gz,69,8.421057,success
2026-05-30T23:34:47,Germany,mirror.netcologne.de,HTTPS,https://mirror.netcologne.de/ubuntu/ls-lR.gz,69,6.888785,success
2026-05-30T23:34:57,Asia,aze.archive.ubuntu.com,FTP,ftp://aze.archive.ubuntu.com/ubuntu/ls-lR.gz,147,7.097616,success
2026-05-30T23:35:03,Asia,aze.archive.ubuntu.com,HTTP,http://aze.archive.ubuntu.com/ubuntu/ls-lR.gz,147,5.764816,success
2026-05-30T23:35:09,Asia,aze.archive.ubuntu.com,HTTPS,https://aze.archive.ubuntu.com/ubuntu/ls-lR.gz,147,5.545259,success
2026-05-30T23:35:27,USA,ftp.osuosl.org,FTP,ftp://ftp.osuosl.org/pub/ubuntu/ls-lR.gz,138,14.768764,success
2026-05-30T23:35:41,USA,ftp.osuosl.org,HTTP,http://ftp.osuosl.org/pub/ubuntu/ls-lR.gz,138,14.309660,success
2026-05-30T23:35:56,USA,ftp.osuosl.org,HTTPS,https://ftp.osuosl.org/pub/ubuntu/ls-lR.gz,138,14.370635,success
2026-05-30T23:46:07,Germany,mirror.netcologne.de,FTP,ftp://mirror.netcologne.de/ubuntu/ls-lR.gz,68,7.525891,success
2026-05-30T23:46:14,Germany,mirror.netcologne.de,HTTP,http://mirror.netcologne.de/ubuntu/ls-lR.gz,68,7.133624,success
2026-05-30T23:46:21,Germany,mirror.netcologne.de,HTTPS,https://mirror.netcologne.de/ubuntu/ls-lR.gz,68,7.510850,success
2026-05-30T23:46:30,Asia,aze.archive.ubuntu.com,FTP,ftp://aze.archive.ubuntu.com/ubuntu/ls-lR.gz,91,5.102986,success
2026-05-30T23:46:34,Asia,aze.archive.ubuntu.com,HTTP,http://aze.archive.ubuntu.com/ubuntu/ls-lR.gz,91,4.191545,success
2026-05-30T23:46:38,Asia,aze.archive.ubuntu.com,HTTPS,https://aze.archive.ubuntu.com/ubuntu/ls-lR.gz,91,4.385339,success
2026-05-30T23:46:59,USA,ftp.osuosl.org,FTP,ftp://ftp.osuosl.org/pub/ubuntu/ls-lR.gz,154,16.786669,success
2026-05-30T23:47:12,USA,ftp.osuosl.org,HTTP,http://ftp.osuosl.org/pub/ubuntu/ls-lR.gz,154,13.843709,success
2026-05-30T23:47:28,USA,ftp.osuosl.org,HTTPS,https://ftp.osuosl.org/pub/ubuntu/ls-lR.gz,154,16.011274,success
2026-05-30T23:57:40,Germany,mirror.netcologne.de,FTP,ftp://mirror.netcologne.de/ubuntu/ls-lR.gz,67,8.694100,success
2026-05-30T23:57:49,Germany,mirror.netcologne.de,HTTP,http://mirror.netcologne.de/ubuntu/ls-lR.gz,67,8.166405,success
2026-05-30T23:57:57,Germany,mirror.netcologne.de,HTTPS,https://mirror.netcologne.de/ubuntu/ls-lR.gz,67,8.267907,success
2026-05-30T23:58:05,Asia,aze.archive.ubuntu.com,FTP,ftp://aze.archive.ubuntu.com/ubuntu/ls-lR.gz,74,4.616264,success
2026-05-30T23:58:09,Asia,aze.archive.ubuntu.com,HTTP,http://aze.archive.ubuntu.com/ubuntu/ls-lR.gz,74,3.898411,success
2026-05-30T23:58:13,Asia,aze.archive.ubuntu.com,HTTPS,https://aze.archive.ubuntu.com/ubuntu/ls-lR.gz,74,4.228775,success
2026-05-30T23:58:28,USA,ftp.osuosl.org,FTP,ftp://ftp.osuosl.org/pub/ubuntu/ls-lR.gz,154,12.061417,success
2026-05-30T23:58:44,USA,ftp.osuosl.org,HTTP,http://ftp.osuosl.org/pub/ubuntu/ls-lR.gz,154,15.463553,success
2026-05-30T23:58:59,USA,ftp.osuosl.org,HTTPS,https://ftp.osuosl.org/pub/ubuntu/ls-lR.gz,154,14.635496,success
2026-05-31T00:09:10,Germany,mirror.netcologne.de,FTP,ftp://mirror.netcologne.de/ubuntu/ls-lR.gz,69,8.562473,success
2026-05-31T00:09:19,Germany,mirror.netcologne.de,HTTP,http://mirror.netcologne.de/ubuntu/ls-lR.gz,69,8.138310,success
2026-05-31T00:09:27,Germany,mirror.netcologne.de,HTTPS,https://mirror.netcologne.de/ubuntu/ls-lR.gz,69,8.317650,success
2026-05-31T00:09:35,Asia,aze.archive.ubuntu.com,FTP,ftp://aze.archive.ubuntu.com/ubuntu/ls-lR.gz,89,5.030037,success
2026-05-31T00:09:40,Asia,aze.archive.ubuntu.com,HTTP,http://aze.archive.ubuntu.com/ubuntu/ls-lR.gz,89,4.438403,success
2026-05-31T00:09:44,Asia,aze.archive.ubuntu.com,HTTPS,https://aze.archive.ubuntu.com/ubuntu/ls-lR.gz,89,4.276698,success
2026-05-31T00:10:44,USA,ftp.osuosl.org,FTP,ftp://ftp.osuosl.org/pub/ubuntu/ls-lR.gz,213,56.126339,success
2026-05-31T00:11:35,USA,ftp.osuosl.org,HTTP,http://ftp.osuosl.org/pub/ubuntu/ls-lR.gz,213,50.674199,success
2026-05-31T00:12:36,USA,ftp.osuosl.org,HTTPS,https://ftp.osuosl.org/pub/ubuntu/ls-lR.gz,213,61.800570,success
2026-05-31T00:22:48,Germany,mirror.netcologne.de,FTP,ftp://mirror.netcologne.de/ubuntu/ls-lR.gz,69,8.323229,success
2026-05-31T00:22:57,Germany,mirror.netcologne.de,HTTP,http://mirror.netcologne.de/ubuntu/ls-lR.gz,69,8.639174,success
2026-05-31T00:23:04,Germany,mirror.netcologne.de,HTTPS,https://mirror.netcologne.de/ubuntu/ls-lR.gz,69,6.832153,success
2026-05-31T00:23:12,Asia,aze.archive.ubuntu.com,FTP,ftp://aze.archive.ubuntu.com/ubuntu/ls-lR.gz,72,4.805648,success
2026-05-31T00:23:16,Asia,aze.archive.ubuntu.com,HTTP,http://aze.archive.ubuntu.com/ubuntu/ls-lR.gz,72,4.185697,success
2026-05-31T00:23:20,Asia,aze.archive.ubuntu.com,HTTPS,https://aze.archive.ubuntu.com/ubuntu/ls-lR.gz,72,4.220993,success
2026-05-31T00:23:43,USA,ftp.osuosl.org,FTP,ftp://ftp.osuosl.org/pub/ubuntu/ls-lR.gz,156,19.243002,success
2026-05-31T00:23:59,USA,ftp.osuosl.org,HTTP,http://ftp.osuosl.org/pub/ubuntu/ls-lR.gz,156,15.979108,success
2026-05-31T00:24:11,USA,ftp.osuosl.org,HTTPS,https://ftp.osuosl.org/pub/ubuntu/ls-lR.gz,156,11.952096,success
2026-05-31T00:34:22,Germany,mirror.netcologne.de,FTP,ftp://mirror.netcologne.de/ubuntu/ls-lR.gz,68,7.783355,success
2026-05-31T00:34:29,Germany,mirror.netcologne.de,HTTP,http://mirror.netcologne.de/ubuntu/ls-lR.gz,68,7.171998,success
2026-05-31T00:34:37,Germany,mirror.netcologne.de,HTTPS,https://mirror.netcologne.de/ubuntu/ls-lR.gz,68,8.081168,success
2026-05-31T00:34:45,Asia,aze.archive.ubuntu.com,FTP,ftp://aze.archive.ubuntu.com/ubuntu/ls-lR.gz,88,4.947028,success
2026-05-31T00:34:50,Asia,aze.archive.ubuntu.com,HTTP,http://aze.archive.ubuntu.com/ubuntu/ls-lR.gz,88,4.100000,success
2026-05-31T00:34:54,Asia,aze.archive.ubuntu.com,HTTPS,https://aze.archive.ubuntu.com/ubuntu/ls-lR.gz,88,4.409912,success
2026-05-31T00:35:10,USA,ftp.osuosl.org,FTP,ftp://ftp.osuosl.org/pub/ubuntu/ls-lR.gz,135,12.601435,success
2026-05-31T00:35:25,USA,ftp.osuosl.org,HTTP,http://ftp.osuosl.org/pub/ubuntu/ls-lR.gz,135,15.215887,success
2026-05-31T00:35:44,USA,ftp.osuosl.org,HTTPS,https://ftp.osuosl.org/pub/ubuntu/ls-lR.gz,135,18.256493,success
2026-05-31T00:45:56,Germany,mirror.netcologne.de,FTP,ftp://mirror.netcologne.de/ubuntu/ls-lR.gz,67,9.062361,success
2026-05-31T00:46:04,Germany,mirror.netcologne.de,HTTP,http://mirror.netcologne.de/ubuntu/ls-lR.gz,67,8.224718,success
2026-05-31T00:46:12,Germany,mirror.netcologne.de,HTTPS,https://mirror.netcologne.de/ubuntu/ls-lR.gz,67,8.209624,success
2026-05-31T00:46:20,Asia,aze.archive.ubuntu.com,FTP,ftp://aze.archive.ubuntu.com/ubuntu/ls-lR.gz,70,4.630154,success
2026-05-31T00:46:24,Asia,aze.archive.ubuntu.com,HTTP,http://aze.archive.ubuntu.com/ubuntu/ls-lR.gz,70,3.947778,success
2026-05-31T00:46:29,Asia,aze.archive.ubuntu.com,HTTPS,https://aze.archive.ubuntu.com/ubuntu/ls-lR.gz,70,4.373806,success
2026-05-31T00:46:46,USA,ftp.osuosl.org,FTP,ftp://ftp.osuosl.org/pub/ubuntu/ls-lR.gz,136,14.087749,success
2026-05-31T00:47:00,USA,ftp.osuosl.org,HTTP,http://ftp.osuosl.org/pub/ubuntu/ls-lR.gz,136,13.948797,success
2026-05-31T00:47:20,USA,ftp.osuosl.org,HTTPS,https://ftp.osuosl.org/pub/ubuntu/ls-lR.gz,136,19.467602,success
2026-05-31T00:57:32,Germany,mirror.netcologne.de,FTP,ftp://mirror.netcologne.de/ubuntu/ls-lR.gz,68,8.789612,success
2026-05-31T00:57:41,Germany,mirror.netcologne.de,HTTP,http://mirror.netcologne.de/ubuntu/ls-lR.gz,68,8.790375,success
2026-05-31T00:57:48,Germany,mirror.netcologne.de,HTTPS,https://mirror.netcologne.de/ubuntu/ls-lR.gz,68,7.400679,success
2026-05-31T00:57:56,Asia,aze.archive.ubuntu.com,FTP,ftp://aze.archive.ubuntu.com/ubuntu/ls-lR.gz,73,4.756409,success
2026-05-31T00:58:01,Asia,aze.archive.ubuntu.com,HTTP,http://aze.archive.ubuntu.com/ubuntu/ls-lR.gz,73,4.682026,success
2026-05-31T00:58:05,Asia,aze.archive.ubuntu.com,HTTPS,https://aze.archive.ubuntu.com/ubuntu/ls-lR.gz,73,4.310359,success
2026-05-31T00:58:28,USA,ftp.osuosl.org,FTP,ftp://ftp.osuosl.org/pub/ubuntu/ls-lR.gz,154,19.404245,success
2026-05-31T00:58:42,USA,ftp.osuosl.org,HTTP,http://ftp.osuosl.org/pub/ubuntu/ls-lR.gz,154,14.183916,success
2026-05-31T00:58:53,USA,ftp.osuosl.org,HTTPS,https://ftp.osuosl.org/pub/ubuntu/ls-lR.gz,154,10.910841,success
2026-05-31T01:09:05,Germany,mirror.netcologne.de,FTP,ftp://mirror.netcologne.de/ubuntu/ls-lR.gz,67,8.800640,success
2026-05-31T01:09:13,Germany,mirror.netcologne.de,HTTP,http://mirror.netcologne.de/ubuntu/ls-lR.gz,67,8.203907,success
2026-05-31T01:09:21,Germany,mirror.netcologne.de,HTTPS,https://mirror.netcologne.de/ubuntu/ls-lR.gz,67,7.689744,success
2026-05-31T01:09:31,Asia,aze.archive.ubuntu.com,FTP,ftp://aze.archive.ubuntu.com/ubuntu/ls-lR.gz,90,6.006131,success
2026-05-31T01:09:35,Asia,aze.archive.ubuntu.com,HTTP,http://aze.archive.ubuntu.com/ubuntu/ls-lR.gz,90,4.513700,success
2026-05-31T01:09:40,Asia,aze.archive.ubuntu.com,HTTPS,https://aze.archive.ubuntu.com/ubuntu/ls-lR.gz,90,4.769164,success
2026-05-31T01:10:01,USA,ftp.osuosl.org,FTP,ftp://ftp.osuosl.org/pub/ubuntu/ls-lR.gz,136,17.336312,success
2026-05-31T01:10:13,USA,ftp.osuosl.org,HTTP,http://ftp.osuosl.org/pub/ubuntu/ls-lR.gz,136,12.790388,success
2026-05-31T01:10:28,USA,ftp.osuosl.org,HTTPS,https://ftp.osuosl.org/pub/ubuntu/ls-lR.gz,136,14.563505,success
2026-05-31T01:20:40,Germany,mirror.netcologne.de,FTP,ftp://mirror.netcologne.de/ubuntu/ls-lR.gz,67,8.842512,success
2026-05-31T01:20:47,Germany,mirror.netcologne.de,HTTP,http://mirror.netcologne.de/ubuntu/ls-lR.gz,67,7.071590,success
2026-05-31T01:20:54,Germany,mirror.netcologne.de,HTTPS,https://mirror.netcologne.de/ubuntu/ls-lR.gz,67,6.908469,success
2026-05-31T01:21:02,Asia,aze.archive.ubuntu.com,FTP,ftp://aze.archive.ubuntu.com/ubuntu/ls-lR.gz,72,4.672863,success
2026-05-31T01:21:06,Asia,aze.archive.ubuntu.com,HTTP,http://aze.archive.ubuntu.com/ubuntu/ls-lR.gz,72,4.088445,success
2026-05-31T01:21:11,Asia,aze.archive.ubuntu.com,HTTPS,https://aze.archive.ubuntu.com/ubuntu/ls-lR.gz,72,4.275668,success
2026-05-31T01:22:12,USA,ftp.osuosl.org,FTP,ftp://ftp.osuosl.org/pub/ubuntu/ls-lR.gz,211,57.521775,success
2026-05-31T01:22:38,USA,ftp.osuosl.org,HTTP,http://ftp.osuosl.org/pub/ubuntu/ls-lR.gz,211,26.589309,success
2026-05-31T01:24:30,USA,ftp.osuosl.org,HTTPS,https://ftp.osuosl.org/pub/ubuntu/ls-lR.gz,211,111.967102,success
2026-05-31T01:34:41,Germany,mirror.netcologne.de,FTP,ftp://mirror.netcologne.de/ubuntu/ls-lR.gz,68,7.696761,success
2026-05-31T01:34:48,Germany,mirror.netcologne.de,HTTP,http://mirror.netcologne.de/ubuntu/ls-lR.gz,68,6.449225,success
2026-05-31T01:34:56,Germany,mirror.netcologne.de,HTTPS,https://mirror.netcologne.de/ubuntu/ls-lR.gz,68,8.345613,success
2026-05-31T01:35:07,Asia,aze.archive.ubuntu.com,FTP,ftp://aze.archive.ubuntu.com/ubuntu/ls-lR.gz,91,7.158210,success
2026-05-31T01:35:11,Asia,aze.archive.ubuntu.com,HTTP,http://aze.archive.ubuntu.com/ubuntu/ls-lR.gz,91,4.297846,success
2026-05-31T01:35:15,Asia,aze.archive.ubuntu.com,HTTPS,https://aze.archive.ubuntu.com/ubuntu/ls-lR.gz,91,4.510684,success
2026-05-31T01:36:08,USA,ftp.osuosl.org,FTP,ftp://ftp.osuosl.org/pub/ubuntu/ls-lR.gz,211,48.847643,success
2026-05-31T01:36:52,USA,ftp.osuosl.org,HTTP,http://ftp.osuosl.org/pub/ubuntu/ls-lR.gz,211,44.536520,success
2026-05-31T01:38:44,USA,ftp.osuosl.org,HTTPS,https://ftp.osuosl.org/pub/ubuntu/ls-lR.gz,211,111.315307,success
2026-05-31T01:48:56,Germany,mirror.netcologne.de,FTP,ftp://mirror.netcologne.de/ubuntu/ls-lR.gz,69,8.789452,success
2026-05-31T01:49:03,Germany,mirror.netcologne.de,HTTP,http://mirror.netcologne.de/ubuntu/ls-lR.gz,69,6.999691,success
2026-05-31T01:49:11,Germany,mirror.netcologne.de,HTTPS,https://mirror.netcologne.de/ubuntu/ls-lR.gz,69,8.405834,success
2026-05-31T01:49:19,Asia,aze.archive.ubuntu.com,FTP,ftp://aze.archive.ubuntu.com/ubuntu/ls-lR.gz,72,4.809991,success
2026-05-31T01:49:23,Asia,aze.archive.ubuntu.com,HTTP,http://aze.archive.ubuntu.com/ubuntu/ls-lR.gz,72,3.826994,success
2026-05-31T01:49:28,Asia,aze.archive.ubuntu.com,HTTPS,https://aze.archive.ubuntu.com/ubuntu/ls-lR.gz,72,4.157560,success
2026-05-31T01:49:46,USA,ftp.osuosl.org,FTP,ftp://ftp.osuosl.org/pub/ubuntu/ls-lR.gz,137,14.898364,success
2026-05-31T01:50:00,USA,ftp.osuosl.org,HTTP,http://ftp.osuosl.org/pub/ubuntu/ls-lR.gz,137,14.611160,success
2026-05-31T01:50:18,USA,ftp.osuosl.org,HTTPS,https://ftp.osuosl.org/pub/ubuntu/ls-lR.gz,137,17.172314,success
2026-05-31T02:00:29,Germany,mirror.netcologne.de,FTP,ftp://mirror.netcologne.de/ubuntu/ls-lR.gz,67,8.312991,success
2026-05-31T02:00:37,Germany,mirror.netcologne.de,HTTP,http://mirror.netcologne.de/ubuntu/ls-lR.gz,67,7.902683,success
2026-05-31T02:00:45,Germany,mirror.netcologne.de,HTTPS,https://mirror.netcologne.de/ubuntu/ls-lR.gz,67,7.951598,success
2026-05-31T02:00:56,Asia,aze.archive.ubuntu.com,FTP,ftp://aze.archive.ubuntu.com/ubuntu/ls-lR.gz,93,7.804889,success
2026-05-31T02:01:01,Asia,aze.archive.ubuntu.com,HTTP,http://aze.archive.ubuntu.com/ubuntu/ls-lR.gz,93,4.469242,success
2026-05-31T02:01:05,Asia,aze.archive.ubuntu.com,HTTPS,https://aze.archive.ubuntu.com/ubuntu/ls-lR.gz,93,4.302854,success
2026-05-31T02:01:25,USA,ftp.osuosl.org,FTP,ftp://ftp.osuosl.org/pub/ubuntu/ls-lR.gz,154,16.691004,success
2026-05-31T02:01:40,USA,ftp.osuosl.org,HTTP,http://ftp.osuosl.org/pub/ubuntu/ls-lR.gz,154,14.601385,success
2026-05-31T02:01:55,USA,ftp.osuosl.org,HTTPS,https://ftp.osuosl.org/pub/ubuntu/ls-lR.gz,154,15.107524,success
2026-05-31T02:12:06,Germany,mirror.netcologne.de,FTP,ftp://mirror.netcologne.de/ubuntu/ls-lR.gz,68,7.489413,success
2026-05-31T02:12:14,Germany,mirror.netcologne.de,HTTP,http://mirror.netcologne.de/ubuntu/ls-lR.gz,68,7.888582,success
2026-05-31T02:12:21,Germany,mirror.netcologne.de,HTTPS,https://mirror.netcologne.de/ubuntu/ls-lR.gz,68,7.475437,success
2026-05-31T02:12:29,Asia,aze.archive.ubuntu.com,FTP,ftp://aze.archive.ubuntu.com/ubuntu/ls-lR.gz,71,4.854598,success
2026-05-31T02:12:33,Asia,aze.archive.ubuntu.com,HTTP,http://aze.archive.ubuntu.com/ubuntu/ls-lR.gz,71,3.767307,success
2026-05-31T02:12:37,Asia,aze.archive.ubuntu.com,HTTPS,https://aze.archive.ubuntu.com/ubuntu/ls-lR.gz,71,4.060021,success
2026-05-31T02:12:56,USA,ftp.osuosl.org,FTP,ftp://ftp.osuosl.org/pub/ubuntu/ls-lR.gz,138,15.606270,success
2026-05-31T02:13:12,USA,ftp.osuosl.org,HTTP,http://ftp.osuosl.org/pub/ubuntu/ls-lR.gz,138,15.270395,success
2026-05-31T02:13:23,USA,ftp.osuosl.org,HTTPS,https://ftp.osuosl.org/pub/ubuntu/ls-lR.gz,138,11.616908,success
2026-05-31T02:23:36,Germany,mirror.netcologne.de,FTP,ftp://mirror.netcologne.de/ubuntu/ls-lR.gz,68,9.220042,success
2026-05-31T02:23:44,Germany,mirror.netcologne.de,HTTP,http://mirror.netcologne.de/ubuntu/ls-lR.gz,68,8.062390,success
2026-05-31T02:23:52,Germany,mirror.netcologne.de,HTTPS,https://mirror.netcologne.de/ubuntu/ls-lR.gz,68,8.307641,success
2026-05-31T02:24:03,Asia,aze.archive.ubuntu.com,FTP,ftp://aze.archive.ubuntu.com/ubuntu/ls-lR.gz,89,7.483845,success
2026-05-31T02:24:07,Asia,aze.archive.ubuntu.com,HTTP,http://aze.archive.ubuntu.com/ubuntu/ls-lR.gz,89,4.035149,success
2026-05-31T02:24:12,Asia,aze.archive.ubuntu.com,HTTPS,https://aze.archive.ubuntu.com/ubuntu/ls-lR.gz,89,4.641024,success
2026-05-31T02:24:30,USA,ftp.osuosl.org,FTP,ftp://ftp.osuosl.org/pub/ubuntu/ls-lR.gz,138,14.957817,success
2026-05-31T02:24:45,USA,ftp.osuosl.org,HTTP,http://ftp.osuosl.org/pub/ubuntu/ls-lR.gz,138,14.816967,success
2026-05-31T02:24:56,USA,ftp.osuosl.org,HTTPS,https://ftp.osuosl.org/pub/ubuntu/ls-lR.gz,138,11.366285,success
2026-05-31T02:35:08,Germany,mirror.netcologne.de,FTP,ftp://mirror.netcologne.de/ubuntu/ls-lR.gz,67,8.693234,success
2026-05-31T02:35:16,Germany,mirror.netcologne.de,HTTP,http://mirror.netcologne.de/ubuntu/ls-lR.gz,67,7.430859,success
2026-05-31T02:35:23,Germany,mirror.netcologne.de,HTTPS,https://mirror.netcologne.de/ubuntu/ls-lR.gz,67,7.425236,success
2026-05-31T02:35:32,Asia,aze.archive.ubuntu.com,FTP,ftp://aze.archive.ubuntu.com/ubuntu/ls-lR.gz,73,5.019002,success
2026-05-31T02:35:36,Asia,aze.archive.ubuntu.com,HTTP,http://aze.archive.ubuntu.com/ubuntu/ls-lR.gz,73,3.975207,success
2026-05-31T02:35:40,Asia,aze.archive.ubuntu.com,HTTPS,https://aze.archive.ubuntu.com/ubuntu/ls-lR.gz,73,4.293820,success
2026-05-31T02:36:01,USA,ftp.osuosl.org,FTP,ftp://ftp.osuosl.org/pub/ubuntu/ls-lR.gz,136,17.222352,success
2026-05-31T02:36:15,USA,ftp.osuosl.org,HTTP,http://ftp.osuosl.org/pub/ubuntu/ls-lR.gz,136,14.429783,success
2026-05-31T02:36:29,USA,ftp.osuosl.org,HTTPS,https://ftp.osuosl.org/pub/ubuntu/ls-lR.gz,136,13.863656,success
2026-05-31T02:46:40,Germany,mirror.netcologne.de,FTP,ftp://mirror.netcologne.de/ubuntu/ls-lR.gz,69,7.839672,success
2026-05-31T02:46:47,Germany,mirror.netcologne.de,HTTP,http://mirror.netcologne.de/ubuntu/ls-lR.gz,69,6.816313,success
2026-05-31T02:46:55,Germany,mirror.netcologne.de,HTTPS,https://mirror.netcologne.de/ubuntu/ls-lR.gz,69,8.171133,success
2026-05-31T02:47:07,Asia,aze.archive.ubuntu.com,FTP,ftp://aze.archive.ubuntu.com/ubuntu/ls-lR.gz,148,7.977937,success
2026-05-31T02:47:12,Asia,aze.archive.ubuntu.com,HTTP,http://aze.archive.ubuntu.com/ubuntu/ls-lR.gz,148,5.596231,success
2026-05-31T02:47:18,Asia,aze.archive.ubuntu.com,HTTPS,https://aze.archive.ubuntu.com/ubuntu/ls-lR.gz,148,6.056645,success
2026-05-31T02:47:44,USA,ftp.osuosl.org,FTP,ftp://ftp.osuosl.org/pub/ubuntu/ls-lR.gz,213,22.115368,success
2026-05-31T02:48:09,USA,ftp.osuosl.org,HTTP,http://ftp.osuosl.org/pub/ubuntu/ls-lR.gz,213,24.578103,success
2026-05-31T02:48:27,USA,ftp.osuosl.org,HTTPS,https://ftp.osuosl.org/pub/ubuntu/ls-lR.gz,213,18.837297,success
2026-05-31T02:58:38,Germany,mirror.netcologne.de,FTP,ftp://mirror.netcologne.de/ubuntu/ls-lR.gz,69,7.737174,success
2026-05-31T02:58:47,Germany,mirror.netcologne.de,HTTP,http://mirror.netcologne.de/ubuntu/ls-lR.gz,69,8.305783,success
2026-05-31T02:58:56,Germany,mirror.netcologne.de,HTTPS,https://mirror.netcologne.de/ubuntu/ls-lR.gz,69,8.889434,success
2026-05-31T02:59:07,Asia,aze.archive.ubuntu.com,FTP,ftp://aze.archive.ubuntu.com/ubuntu/ls-lR.gz,143,7.517031,success
2026-05-31T02:59:12,Asia,aze.archive.ubuntu.com,HTTP,http://aze.archive.ubuntu.com/ubuntu/ls-lR.gz,143,5.204507,success
2026-05-31T02:59:18,Asia,aze.archive.ubuntu.com,HTTPS,https://aze.archive.ubuntu.com/ubuntu/ls-lR.gz,143,5.573189,success
2026-05-31T02:59:39,USA,ftp.osuosl.org,FTP,ftp://ftp.osuosl.org/pub/ubuntu/ls-lR.gz,155,17.889642,success
2026-05-31T02:59:55,USA,ftp.osuosl.org,HTTP,http://ftp.osuosl.org/pub/ubuntu/ls-lR.gz,155,15.843358,success
2026-05-31T03:00:06,USA,ftp.osuosl.org,HTTPS,https://ftp.osuosl.org/pub/ubuntu/ls-lR.gz,155,10.928961,success
2026-05-31T03:10:17,Germany,mirror.netcologne.de,FTP,ftp://mirror.netcologne.de/ubuntu/ls-lR.gz,68,8.013662,success
2026-05-31T03:10:25,Germany,mirror.netcologne.de,HTTP,http://mirror.netcologne.de/ubuntu/ls-lR.gz,68,7.478492,success
2026-05-31T03:10:31,Germany,mirror.netcologne.de,HTTPS,https://mirror.netcologne.de/ubuntu/ls-lR.gz,68,5.890832,success
2026-05-31T03:10:41,Asia,aze.archive.ubuntu.com,FTP,ftp://aze.archive.ubuntu.com/ubuntu/ls-lR.gz,147,6.842965,success
2026-05-31T03:10:46,Asia,aze.archive.ubuntu.com,HTTP,http://aze.archive.ubuntu.com/ubuntu/ls-lR.gz,147,5.218772,success
2026-05-31T03:10:52,Asia,aze.archive.ubuntu.com,HTTPS,https://aze.archive.ubuntu.com/ubuntu/ls-lR.gz,147,5.613391,success
2026-05-31T03:11:16,USA,ftp.osuosl.org,FTP,ftp://ftp.osuosl.org/pub/ubuntu/ls-lR.gz,154,20.790166,success
2026-05-31T03:11:31,USA,ftp.osuosl.org,HTTP,http://ftp.osuosl.org/pub/ubuntu/ls-lR.gz,154,14.651891,success
2026-05-31T03:11:48,USA,ftp.osuosl.org,HTTPS,https://ftp.osuosl.org/pub/ubuntu/ls-lR.gz,154,17.150603,success
2026-05-31T03:22:00,Germany,mirror.netcologne.de,FTP,ftp://mirror.netcologne.de/ubuntu/ls-lR.gz,72,8.984237,success
2026-05-31T03:22:09,Germany,mirror.netcologne.de,HTTP,http://mirror.netcologne.de/ubuntu/ls-lR.gz,72,8.340781,success
2026-05-31T03:22:16,Germany,mirror.netcologne.de,HTTPS,https://mirror.netcologne.de/ubuntu/ls-lR.gz,72,7.684474,success
2026-05-31T03:22:28,Asia,aze.archive.ubuntu.com,FTP,ftp://aze.archive.ubuntu.com/ubuntu/ls-lR.gz,89,8.236150,success
2026-05-31T03:22:33,Asia,aze.archive.ubuntu.com,HTTP,http://aze.archive.ubuntu.com/ubuntu/ls-lR.gz,89,4.810628,success
2026-05-31T03:22:37,Asia,aze.archive.ubuntu.com,HTTPS,https://aze.archive.ubuntu.com/ubuntu/ls-lR.gz,89,4.265858,success
2026-05-31T03:22:57,USA,ftp.osuosl.org,FTP,ftp://ftp.osuosl.org/pub/ubuntu/ls-lR.gz,158,15.899066,success
2026-05-31T03:23:09,USA,ftp.osuosl.org,HTTP,http://ftp.osuosl.org/pub/ubuntu/ls-lR.gz,158,12.071827,success
2026-05-31T03:23:24,USA,ftp.osuosl.org,HTTPS,https://ftp.osuosl.org/pub/ubuntu/ls-lR.gz,158,14.849446,success
2026-05-31T03:33:35,Germany,mirror.netcologne.de,FTP,ftp://mirror.netcologne.de/ubuntu/ls-lR.gz,69,8.118553,success
2026-05-31T03:33:43,Germany,mirror.netcologne.de,HTTP,http://mirror.netcologne.de/ubuntu/ls-lR.gz,69,7.488347,success
2026-05-31T03:33:51,Germany,mirror.netcologne.de,HTTPS,https://mirror.netcologne.de/ubuntu/ls-lR.gz,69,8.376798,success
2026-05-31T03:33:59,Asia,aze.archive.ubuntu.com,FTP,ftp://aze.archive.ubuntu.com/ubuntu/ls-lR.gz,75,4.801190,success
2026-05-31T03:34:03,Asia,aze.archive.ubuntu.com,HTTP,http://aze.archive.ubuntu.com/ubuntu/ls-lR.gz,75,4.305278,success
2026-05-31T03:34:08,Asia,aze.archive.ubuntu.com,HTTPS,https://aze.archive.ubuntu.com/ubuntu/ls-lR.gz,75,4.629570,success
2026-05-31T03:34:25,USA,ftp.osuosl.org,FTP,ftp://ftp.osuosl.org/pub/ubuntu/ls-lR.gz,157,13.577812,success
2026-05-31T03:34:42,USA,ftp.osuosl.org,HTTP,http://ftp.osuosl.org/pub/ubuntu/ls-lR.gz,157,16.217221,success
2026-05-31T03:34:53,USA,ftp.osuosl.org,HTTPS,https://ftp.osuosl.org/pub/ubuntu/ls-lR.gz,157,11.192015,success
2026-05-31T03:45:04,Germany,mirror.netcologne.de,FTP,ftp://mirror.netcologne.de/ubuntu/ls-lR.gz,69,8.148480,success
2026-05-31T03:45:12,Germany,mirror.netcologne.de,HTTP,http://mirror.netcologne.de/ubuntu/ls-lR.gz,69,8.190487,success
2026-05-31T03:45:20,Germany,mirror.netcologne.de,HTTPS,https://mirror.netcologne.de/ubuntu/ls-lR.gz,69,7.320145,success
2026-05-31T03:45:28,Asia,aze.archive.ubuntu.com,FTP,ftp://aze.archive.ubuntu.com/ubuntu/ls-lR.gz,72,4.663333,success
2026-05-31T03:45:32,Asia,aze.archive.ubuntu.com,HTTP,http://aze.archive.ubuntu.com/ubuntu/ls-lR.gz,72,3.954339,success
2026-05-31T03:45:36,Asia,aze.archive.ubuntu.com,HTTPS,https://aze.archive.ubuntu.com/ubuntu/ls-lR.gz,72,4.095200,success
2026-05-31T03:46:21,USA,ftp.osuosl.org,FTP,ftp://ftp.osuosl.org/pub/ubuntu/ls-lR.gz,212,42.110249,success
2026-05-31T03:46:47,USA,ftp.osuosl.org,HTTP,http://ftp.osuosl.org/pub/ubuntu/ls-lR.gz,212,25.311313,success
2026-05-31T03:47:16,USA,ftp.osuosl.org,HTTPS,https://ftp.osuosl.org/pub/ubuntu/ls-lR.gz,212,29.587470,success
2026-05-31T03:57:28,Germany,mirror.netcologne.de,FTP,ftp://mirror.netcologne.de/ubuntu/ls-lR.gz,68,8.362432,success
2026-05-31T03:57:36,Germany,mirror.netcologne.de,HTTP,http://mirror.netcologne.de/ubuntu/ls-lR.gz,68,8.253812,success
2026-05-31T03:57:44,Germany,mirror.netcologne.de,HTTPS,https://mirror.netcologne.de/ubuntu/ls-lR.gz,68,7.087453,success
2026-05-31T03:57:54,Asia,aze.archive.ubuntu.com,FTP,ftp://aze.archive.ubuntu.com/ubuntu/ls-lR.gz,157,7.260207,success
2026-05-31T03:58:01,Asia,aze.archive.ubuntu.com,HTTP,http://aze.archive.ubuntu.com/ubuntu/ls-lR.gz,157,7.217581,success
2026-05-31T03:58:07,Asia,aze.archive.ubuntu.com,HTTPS,https://aze.archive.ubuntu.com/ubuntu/ls-lR.gz,157,5.531181,success
2026-05-31T03:58:27,USA,ftp.osuosl.org,FTP,ftp://ftp.osuosl.org/pub/ubuntu/ls-lR.gz,157,16.795875,success
2026-05-31T03:58:39,USA,ftp.osuosl.org,HTTP,http://ftp.osuosl.org/pub/ubuntu/ls-lR.gz,157,11.700423,success
2026-05-31T03:58:55,USA,ftp.osuosl.org,HTTPS,https://ftp.osuosl.org/pub/ubuntu/ls-lR.gz,157,15.747723,success
2026-05-31T04:09:06,Germany,mirror.netcologne.de,FTP,ftp://mirror.netcologne.de/ubuntu/ls-lR.gz,69,8.082020,success
2026-05-31T04:09:15,Germany,mirror.netcologne.de,HTTP,http://mirror.netcologne.de/ubuntu/ls-lR.gz,69,8.525592,success
2026-05-31T04:09:22,Germany,mirror.netcologne.de,HTTPS,https://mirror.netcologne.de/ubuntu/ls-lR.gz,69,7.682876,success
2026-05-31T04:09:33,Asia,aze.archive.ubuntu.com,FTP,ftp://aze.archive.ubuntu.com/ubuntu/ls-lR.gz,158,7.314149,success
2026-05-31T04:09:37,Asia,aze.archive.ubuntu.com,HTTP,http://aze.archive.ubuntu.com/ubuntu/ls-lR.gz,158,4.343999,success
2026-05-31T04:09:42,Asia,aze.archive.ubuntu.com,HTTPS,https://aze.archive.ubuntu.com/ubuntu/ls-lR.gz,158,4.518619,success
2026-05-31T04:10:41,USA,ftp.osuosl.org,FTP,ftp://ftp.osuosl.org/pub/ubuntu/ls-lR.gz,212,55.683154,success
2026-05-31T04:11:34,USA,ftp.osuosl.org,HTTP,http://ftp.osuosl.org/pub/ubuntu/ls-lR.gz,212,52.700467,success
2026-05-31T04:13:21,USA,ftp.osuosl.org,HTTPS,https://ftp.osuosl.org/pub/ubuntu/ls-lR.gz,212,106.593419,success
2026-05-31T04:23:32,Germany,mirror.netcologne.de,FTP,ftp://mirror.netcologne.de/ubuntu/ls-lR.gz,67,7.822103,success
2026-05-31T04:23:39,Germany,mirror.netcologne.de,HTTP,http://mirror.netcologne.de/ubuntu/ls-lR.gz,67,7.419006,success
2026-05-31T04:23:47,Germany,mirror.netcologne.de,HTTPS,https://mirror.netcologne.de/ubuntu/ls-lR.gz,67,8.232807,success
2026-05-31T04:23:55,Asia,aze.archive.ubuntu.com,FTP,ftp://aze.archive.ubuntu.com/ubuntu/ls-lR.gz,72,4.662462,success
2026-05-31T04:23:59,Asia,aze.archive.ubuntu.com,HTTP,http://aze.archive.ubuntu.com/ubuntu/ls-lR.gz,72,3.945207,success
2026-05-31T04:24:04,Asia,aze.archive.ubuntu.com,HTTPS,https://aze.archive.ubuntu.com/ubuntu/ls-lR.gz,72,4.553788,success
2026-05-31T04:24:25,USA,ftp.osuosl.org,FTP,ftp://ftp.osuosl.org/pub/ubuntu/ls-lR.gz,154,17.868292,success
2026-05-31T04:24:41,USA,ftp.osuosl.org,HTTP,http://ftp.osuosl.org/pub/ubuntu/ls-lR.gz,154,15.527329,success
2026-05-31T04:24:54,USA,ftp.osuosl.org,HTTPS,https://ftp.osuosl.org/pub/ubuntu/ls-lR.gz,154,13.144965,success
2026-05-31T04:35:06,Germany,mirror.netcologne.de,FTP,ftp://mirror.netcologne.de/ubuntu/ls-lR.gz,68,8.647123,success
2026-05-31T04:35:13,Germany,mirror.netcologne.de,HTTP,http://mirror.netcologne.de/ubuntu/ls-lR.gz,68,6.865403,success
2026-05-31T04:35:21,Germany,mirror.netcologne.de,HTTPS,https://mirror.netcologne.de/ubuntu/ls-lR.gz,68,8.385200,success
2026-05-31T04:35:32,Asia,aze.archive.ubuntu.com,FTP,ftp://aze.archive.ubuntu.com/ubuntu/ls-lR.gz,89,7.053594,success
2026-05-31T04:35:36,Asia,aze.archive.ubuntu.com,HTTP,http://aze.archive.ubuntu.com/ubuntu/ls-lR.gz,89,4.387251,success
2026-05-31T04:35:41,Asia,aze.archive.ubuntu.com,HTTPS,https://aze.archive.ubuntu.com/ubuntu/ls-lR.gz,89,4.707647,success
2026-05-31T04:36:02,USA,ftp.osuosl.org,FTP,ftp://ftp.osuosl.org/pub/ubuntu/ls-lR.gz,136,18.086071,success
2026-05-31T04:36:20,USA,ftp.osuosl.org,HTTP,http://ftp.osuosl.org/pub/ubuntu/ls-lR.gz,136,17.763363,success
2026-05-31T04:36:36,USA,ftp.osuosl.org,HTTPS,https://ftp.osuosl.org/pub/ubuntu/ls-lR.gz,136,16.216418,success
2026-05-31T04:46:49,Germany,mirror.netcologne.de,FTP,ftp://mirror.netcologne.de/ubuntu/ls-lR.gz,103,9.748573,success
2026-05-31T04:46:56,Germany,mirror.netcologne.de,HTTP,http://mirror.netcologne.de/ubuntu/ls-lR.gz,103,6.455387,success
2026-05-31T04:47:04,Germany,mirror.netcologne.de,HTTPS,https://mirror.netcologne.de/ubuntu/ls-lR.gz,103,8.289309,success
2026-05-31T04:47:12,Asia,aze.archive.ubuntu.com,FTP,ftp://aze.archive.ubuntu.com/ubuntu/ls-lR.gz,72,4.712977,success
2026-05-31T04:47:17,Asia,aze.archive.ubuntu.com,HTTP,http://aze.archive.ubuntu.com/ubuntu/ls-lR.gz,72,4.970409,success
2026-05-31T04:47:23,Asia,aze.archive.ubuntu.com,HTTPS,https://aze.archive.ubuntu.com/ubuntu/ls-lR.gz,72,5.542752,success
2026-05-31T04:47:41,USA,ftp.osuosl.org,FTP,ftp://ftp.osuosl.org/pub/ubuntu/ls-lR.gz,136,14.388870,success
2026-05-31T04:47:57,USA,ftp.osuosl.org,HTTP,http://ftp.osuosl.org/pub/ubuntu/ls-lR.gz,136,16.125770,success
2026-05-31T04:48:09,USA,ftp.osuosl.org,HTTPS,https://ftp.osuosl.org/pub/ubuntu/ls-lR.gz,136,12.387998,success
2026-05-31T04:58:22,Germany,mirror.netcologne.de,FTP,ftp://mirror.netcologne.de/ubuntu/ls-lR.gz,71,9.559678,success
2026-05-31T04:58:30,Germany,mirror.netcologne.de,HTTP,http://mirror.netcologne.de/ubuntu/ls-lR.gz,71,7.537315,success
2026-05-31T04:58:37,Germany,mirror.netcologne.de,HTTPS,https://mirror.netcologne.de/ubuntu/ls-lR.gz,71,6.908199,success
2026-05-31T04:58:47,Asia,aze.archive.ubuntu.com,FTP,ftp://aze.archive.ubuntu.com/ubuntu/ls-lR.gz,157,6.664002,success
2026-05-31T04:58:52,Asia,aze.archive.ubuntu.com,HTTP,http://aze.archive.ubuntu.com/ubuntu/ls-lR.gz,157,5.575359,success
2026-05-31T04:58:58,Asia,aze.archive.ubuntu.com,HTTPS,https://aze.archive.ubuntu.com/ubuntu/ls-lR.gz,157,5.677937,success
2026-05-31T04:59:16,USA,ftp.osuosl.org,FTP,ftp://ftp.osuosl.org/pub/ubuntu/ls-lR.gz,136,14.937394,success
2026-05-31T04:59:31,USA,ftp.osuosl.org,HTTP,http://ftp.osuosl.org/pub/ubuntu/ls-lR.gz,136,14.448016,success
2026-05-31T04:59:41,USA,ftp.osuosl.org,HTTPS,https://ftp.osuosl.org/pub/ubuntu/ls-lR.gz,136,10.670095,success
2026-05-31T05:09:52,Germany,mirror.netcologne.de,FTP,ftp://mirror.netcologne.de/ubuntu/ls-lR.gz,68,7.427604,success
2026-05-31T05:10:01,Germany,mirror.netcologne.de,HTTP,http://mirror.netcologne.de/ubuntu/ls-lR.gz,68,8.787972,success
2026-05-31T05:10:07,Germany,mirror.netcologne.de,HTTPS,https://mirror.netcologne.de/ubuntu/ls-lR.gz,68,6.177086,success
2026-05-31T05:10:16,Asia,aze.archive.ubuntu.com,FTP,ftp://aze.archive.ubuntu.com/ubuntu/ls-lR.gz,71,4.969353,success
2026-05-31T05:10:20,Asia,aze.archive.ubuntu.com,HTTP,http://aze.archive.ubuntu.com/ubuntu/ls-lR.gz,71,4.028068,success
2026-05-31T05:10:23,Asia,aze.archive.ubuntu.com,HTTPS,https://aze.archive.ubuntu.com/ubuntu/ls-lR.gz,71,3.762111,success
2026-05-31T05:11:23,USA,ftp.osuosl.org,FTP,ftp://ftp.osuosl.org/pub/ubuntu/ls-lR.gz,212,55.787430,success
2026-05-31T05:12:16,USA,ftp.osuosl.org,HTTP,http://ftp.osuosl.org/pub/ubuntu/ls-lR.gz,212,53.013633,success
2026-05-31T05:13:34,USA,ftp.osuosl.org,HTTPS,https://ftp.osuosl.org/pub/ubuntu/ls-lR.gz,212,78.410230,success
2026-05-31T05:23:45,Germany,mirror.netcologne.de,FTP,ftp://mirror.netcologne.de/ubuntu/ls-lR.gz,67,7.706395,success
2026-05-31T05:23:53,Germany,mirror.netcologne.de,HTTP,http://mirror.netcologne.de/ubuntu/ls-lR.gz,67,7.290467,success
2026-05-31T05:24:00,Germany,mirror.netcologne.de,HTTPS,https://mirror.netcologne.de/ubuntu/ls-lR.gz,67,7.933218,success
2026-05-31T05:24:09,Asia,aze.archive.ubuntu.com,FTP,ftp://aze.archive.ubuntu.com/ubuntu/ls-lR.gz,74,4.699722,success
2026-05-31T05:24:13,Asia,aze.archive.ubuntu.com,HTTP,http://aze.archive.ubuntu.com/ubuntu/ls-lR.gz,74,4.769465,success
2026-05-31T05:24:18,Asia,aze.archive.ubuntu.com,HTTPS,https://aze.archive.ubuntu.com/ubuntu/ls-lR.gz,74,4.637100,success
2026-05-31T05:24:43,USA,ftp.osuosl.org,FTP,ftp://ftp.osuosl.org/pub/ubuntu/ls-lR.gz,211,20.981934,success
2026-05-31T05:25:02,USA,ftp.osuosl.org,HTTP,http://ftp.osuosl.org/pub/ubuntu/ls-lR.gz,211,19.330353,success
2026-05-31T05:25:23,USA,ftp.osuosl.org,HTTPS,https://ftp.osuosl.org/pub/ubuntu/ls-lR.gz,211,20.681381,success
2026-05-31T05:35:35,Germany,mirror.netcologne.de,FTP,ftp://mirror.netcologne.de/ubuntu/ls-lR.gz,67,8.970980,success
2026-05-31T05:35:42,Germany,mirror.netcologne.de,HTTP,http://mirror.netcologne.de/ubuntu/ls-lR.gz,67,7.177866,success
2026-05-31T05:35:49,Germany,mirror.netcologne.de,HTTPS,https://mirror.netcologne.de/ubuntu/ls-lR.gz,67,7.099057,success
2026-05-31T05:35:58,Asia,aze.archive.ubuntu.com,FTP,ftp://aze.archive.ubuntu.com/ubuntu/ls-lR.gz,90,4.842522,success
2026-05-31T05:36:02,Asia,aze.archive.ubuntu.com,HTTP,http://aze.archive.ubuntu.com/ubuntu/ls-lR.gz,90,4.174464,success
2026-05-31T05:36:06,Asia,aze.archive.ubuntu.com,HTTPS,https://aze.archive.ubuntu.com/ubuntu/ls-lR.gz,90,4.275584,success
2026-05-31T05:36:26,USA,ftp.osuosl.org,FTP,ftp://ftp.osuosl.org/pub/ubuntu/ls-lR.gz,154,16.681531,success
2026-05-31T05:36:44,USA,ftp.osuosl.org,HTTP,http://ftp.osuosl.org/pub/ubuntu/ls-lR.gz,154,17.683497,success
2026-05-31T05:37:01,USA,ftp.osuosl.org,HTTPS,https://ftp.osuosl.org/pub/ubuntu/ls-lR.gz,154,16.862690,success
2026-05-31T05:47:13,Germany,mirror.netcologne.de,FTP,ftp://mirror.netcologne.de/ubuntu/ls-lR.gz,68,8.956347,success
2026-05-31T05:47:20,Germany,mirror.netcologne.de,HTTP,http://mirror.netcologne.de/ubuntu/ls-lR.gz,68,6.536207,success
2026-05-31T05:47:28,Germany,mirror.netcologne.de,HTTPS,https://mirror.netcologne.de/ubuntu/ls-lR.gz,68,8.664970,success
2026-05-31T05:47:37,Asia,aze.archive.ubuntu.com,FTP,ftp://aze.archive.ubuntu.com/ubuntu/ls-lR.gz,71,4.986310,success
2026-05-31T05:47:41,Asia,aze.archive.ubuntu.com,HTTP,http://aze.archive.ubuntu.com/ubuntu/ls-lR.gz,71,4.083282,success
2026-05-31T05:47:45,Asia,aze.archive.ubuntu.com,HTTPS,https://aze.archive.ubuntu.com/ubuntu/ls-lR.gz,71,4.312890,success
2026-05-31T05:48:04,USA,ftp.osuosl.org,FTP,ftp://ftp.osuosl.org/pub/ubuntu/ls-lR.gz,136,15.066629,success
2026-05-31T05:48:18,USA,ftp.osuosl.org,HTTP,http://ftp.osuosl.org/pub/ubuntu/ls-lR.gz,136,13.853255,success
2026-05-31T05:48:32,USA,ftp.osuosl.org,HTTPS,https://ftp.osuosl.org/pub/ubuntu/ls-lR.gz,136,14.162230,success
2026-05-31T05:58:44,Germany,mirror.netcologne.de,FTP,ftp://mirror.netcologne.de/ubuntu/ls-lR.gz,69,8.587554,success
2026-05-31T05:58:51,Germany,mirror.netcologne.de,HTTP,http://mirror.netcologne.de/ubuntu/ls-lR.gz,69,7.383360,success
2026-05-31T05:58:59,Germany,mirror.netcologne.de,HTTPS,https://mirror.netcologne.de/ubuntu/ls-lR.gz,69,7.615504,success
2026-05-31T05:59:07,Asia,aze.archive.ubuntu.com,FTP,ftp://aze.archive.ubuntu.com/ubuntu/ls-lR.gz,89,5.331279,success
2026-05-31T05:59:12,Asia,aze.archive.ubuntu.com,HTTP,http://aze.archive.ubuntu.com/ubuntu/ls-lR.gz,89,4.927213,success
2026-05-31T05:59:17,Asia,aze.archive.ubuntu.com,HTTPS,https://aze.archive.ubuntu.com/ubuntu/ls-lR.gz,89,4.755100,success
2026-05-31T06:00:06,USA,ftp.osuosl.org,FTP,ftp://ftp.osuosl.org/pub/ubuntu/ls-lR.gz,213,44.858915,success
2026-05-31T06:00:27,USA,ftp.osuosl.org,HTTP,http://ftp.osuosl.org/pub/ubuntu/ls-lR.gz,213,21.674941,success
2026-05-31T06:00:54,USA,ftp.osuosl.org,HTTPS,https://ftp.osuosl.org/pub/ubuntu/ls-lR.gz,213,26.444639,success
2026-05-31T06:11:05,Germany,mirror.netcologne.de,FTP,ftp://mirror.netcologne.de/ubuntu/ls-lR.gz,70,7.435505,success
2026-05-31T06:11:12,Germany,mirror.netcologne.de,HTTP,http://mirror.netcologne.de/ubuntu/ls-lR.gz,70,7.400864,success
2026-05-31T06:11:20,Germany,mirror.netcologne.de,HTTPS,https://mirror.netcologne.de/ubuntu/ls-lR.gz,70,8.259664,success
2026-05-31T06:11:29,Asia,aze.archive.ubuntu.com,FTP,ftp://aze.archive.ubuntu.com/ubuntu/ls-lR.gz,102,5.463686,success
2026-05-31T06:11:34,Asia,aze.archive.ubuntu.com,HTTP,http://aze.archive.ubuntu.com/ubuntu/ls-lR.gz,102,4.699420,success
2026-05-31T06:11:39,Asia,aze.archive.ubuntu.com,HTTPS,https://aze.archive.ubuntu.com/ubuntu/ls-lR.gz,102,4.721640,success
2026-05-31T06:12:31,USA,ftp.osuosl.org,FTP,ftp://ftp.osuosl.org/pub/ubuntu/ls-lR.gz,211,48.652387,success
2026-05-31T06:12:49,USA,ftp.osuosl.org,HTTP,http://ftp.osuosl.org/pub/ubuntu/ls-lR.gz,211,18.231270,success
2026-05-31T06:13:37,USA,ftp.osuosl.org,HTTPS,https://ftp.osuosl.org/pub/ubuntu/ls-lR.gz,211,47.976468,success
2026-05-31T06:23:50,Germany,mirror.netcologne.de,FTP,ftp://mirror.netcologne.de/ubuntu/ls-lR.gz,70,8.872543,success
2026-05-31T06:23:58,Germany,mirror.netcologne.de,HTTP,http://mirror.netcologne.de/ubuntu/ls-lR.gz,70,8.459272,success
2026-05-31T06:24:07,Germany,mirror.netcologne.de,HTTPS,https://mirror.netcologne.de/ubuntu/ls-lR.gz,70,8.532598,success
2026-05-31T06:24:15,Asia,aze.archive.ubuntu.com,FTP,ftp://aze.archive.ubuntu.com/ubuntu/ls-lR.gz,72,4.727304,success
2026-05-31T06:24:19,Asia,aze.archive.ubuntu.com,HTTP,http://aze.archive.ubuntu.com/ubuntu/ls-lR.gz,72,3.857816,success
2026-05-31T06:24:24,Asia,aze.archive.ubuntu.com,HTTPS,https://aze.archive.ubuntu.com/ubuntu/ls-lR.gz,72,5.011835,success
2026-05-31T06:24:45,USA,ftp.osuosl.org,FTP,ftp://ftp.osuosl.org/pub/ubuntu/ls-lR.gz,136,18.176490,success
2026-05-31T06:24:58,USA,ftp.osuosl.org,HTTP,http://ftp.osuosl.org/pub/ubuntu/ls-lR.gz,136,12.394475,success
2026-05-31T06:25:11,USA,ftp.osuosl.org,HTTPS,https://ftp.osuosl.org/pub/ubuntu/ls-lR.gz,136,13.313763,success
2026-05-31T06:35:22,Germany,mirror.netcologne.de,FTP,ftp://mirror.netcologne.de/ubuntu/ls-lR.gz,73,7.663017,success
2026-05-31T06:35:31,Germany,mirror.netcologne.de,HTTP,http://mirror.netcologne.de/ubuntu/ls-lR.gz,73,8.917434,success
2026-05-31T06:35:40,Germany,mirror.netcologne.de,HTTPS,https://mirror.netcologne.de/ubuntu/ls-lR.gz,73,8.582927,success
2026-05-31T06:35:49,Asia,aze.archive.ubuntu.com,FTP,ftp://aze.archive.ubuntu.com/ubuntu/ls-lR.gz,89,5.795289,success
2026-05-31T06:35:53,Asia,aze.archive.ubuntu.com,HTTP,http://aze.archive.ubuntu.com/ubuntu/ls-lR.gz,89,4.356407,success
2026-05-31T06:35:58,Asia,aze.archive.ubuntu.com,HTTPS,https://aze.archive.ubuntu.com/ubuntu/ls-lR.gz,89,4.414047,success
2026-05-31T06:36:16,USA,ftp.osuosl.org,FTP,ftp://ftp.osuosl.org/pub/ubuntu/ls-lR.gz,137,15.111858,success
2026-05-31T06:36:32,USA,ftp.osuosl.org,HTTP,http://ftp.osuosl.org/pub/ubuntu/ls-lR.gz,137,15.695339,success
2026-05-31T06:36:45,USA,ftp.osuosl.org,HTTPS,https://ftp.osuosl.org/pub/ubuntu/ls-lR.gz,137,13.249906,success
2026-05-31T06:46:57,Germany,mirror.netcologne.de,FTP,ftp://mirror.netcologne.de/ubuntu/ls-lR.gz,69,8.066444,success
2026-05-31T06:47:06,Germany,mirror.netcologne.de,HTTP,http://mirror.netcologne.de/ubuntu/ls-lR.gz,69,8.971360,success
2026-05-31T06:47:12,Germany,mirror.netcologne.de,HTTPS,https://mirror.netcologne.de/ubuntu/ls-lR.gz,69,6.836659,success
2026-05-31T06:47:23,Asia,aze.archive.ubuntu.com,FTP,ftp://aze.archive.ubuntu.com/ubuntu/ls-lR.gz,149,7.232857,success
2026-05-31T06:47:29,Asia,aze.archive.ubuntu.com,HTTP,http://aze.archive.ubuntu.com/ubuntu/ls-lR.gz,149,5.493106,success
2026-05-31T06:47:35,Asia,aze.archive.ubuntu.com,HTTPS,https://aze.archive.ubuntu.com/ubuntu/ls-lR.gz,149,6.028131,success
2026-05-31T06:48:02,USA,ftp.osuosl.org,FTP,ftp://ftp.osuosl.org/pub/ubuntu/ls-lR.gz,211,23.400558,success
2026-05-31T06:48:21,USA,ftp.osuosl.org,HTTP,http://ftp.osuosl.org/pub/ubuntu/ls-lR.gz,211,19.330006,success
2026-05-31T06:48:50,USA,ftp.osuosl.org,HTTPS,https://ftp.osuosl.org/pub/ubuntu/ls-lR.gz,211,29.102869,success
2026-05-31T06:59:03,Germany,mirror.netcologne.de,FTP,ftp://mirror.netcologne.de/ubuntu/ls-lR.gz,71,8.936648,success
2026-05-31T06:59:10,Germany,mirror.netcologne.de,HTTP,http://mirror.netcologne.de/ubuntu/ls-lR.gz,71,7.336054,success
2026-05-31T06:59:17,Germany,mirror.netcologne.de,HTTPS,https://mirror.netcologne.de/ubuntu/ls-lR.gz,71,6.960021,success
2026-05-31T06:59:26,Asia,aze.archive.ubuntu.com,FTP,ftp://aze.archive.ubuntu.com/ubuntu/ls-lR.gz,85,5.237891,success
2026-05-31T06:59:29,Asia,aze.archive.ubuntu.com,HTTP,http://aze.archive.ubuntu.com/ubuntu/ls-lR.gz,85,3.937707,success
2026-05-31T06:59:34,Asia,aze.archive.ubuntu.com,HTTPS,https://aze.archive.ubuntu.com/ubuntu/ls-lR.gz,85,4.750383,success
2026-05-31T06:59:50,USA,ftp.osuosl.org,FTP,ftp://ftp.osuosl.org/pub/ubuntu/ls-lR.gz,156,12.541559,success
2026-05-31T07:00:03,USA,ftp.osuosl.org,HTTP,http://ftp.osuosl.org/pub/ubuntu/ls-lR.gz,156,12.806472,success
2026-05-31T07:00:18,USA,ftp.osuosl.org,HTTPS,https://ftp.osuosl.org/pub/ubuntu/ls-lR.gz,156,14.819361,success
2026-05-31T07:10:29,Germany,mirror.netcologne.de,FTP,ftp://mirror.netcologne.de/ubuntu/ls-lR.gz,71,7.769138,success
2026-05-31T07:10:36,Germany,mirror.netcologne.de,HTTP,http://mirror.netcologne.de/ubuntu/ls-lR.gz,71,6.646458,success
2026-05-31T07:10:43,Germany,mirror.netcologne.de,HTTPS,https://mirror.netcologne.de/ubuntu/ls-lR.gz,71,7.004466,success
2026-05-31T07:10:53,Asia,aze.archive.ubuntu.com,FTP,ftp://aze.archive.ubuntu.com/ubuntu/ls-lR.gz,145,6.995418,success
2026-05-31T07:10:59,Asia,aze.archive.ubuntu.com,HTTP,http://aze.archive.ubuntu.com/ubuntu/ls-lR.gz,145,5.971059,success
2026-05-31T07:11:05,Asia,aze.archive.ubuntu.com,HTTPS,https://aze.archive.ubuntu.com/ubuntu/ls-lR.gz,145,5.782371,success
2026-05-31T07:11:25,USA,ftp.osuosl.org,FTP,ftp://ftp.osuosl.org/pub/ubuntu/ls-lR.gz,143,16.635048,success
2026-05-31T07:11:39,USA,ftp.osuosl.org,HTTP,http://ftp.osuosl.org/pub/ubuntu/ls-lR.gz,143,13.993155,success
2026-05-31T07:11:56,USA,ftp.osuosl.org,HTTPS,https://ftp.osuosl.org/pub/ubuntu/ls-lR.gz,143,16.748788,success
2026-05-31T07:22:07,Germany,mirror.netcologne.de,FTP,ftp://mirror.netcologne.de/ubuntu/ls-lR.gz,70,7.433684,success
2026-05-31T07:22:14,Germany,mirror.netcologne.de,HTTP,http://mirror.netcologne.de/ubuntu/ls-lR.gz,70,6.691435,success
2026-05-31T07:22:21,Germany,mirror.netcologne.de,HTTPS,https://mirror.netcologne.de/ubuntu/ls-lR.gz,70,7.500905,success
2026-05-31T07:22:30,Asia,aze.archive.ubuntu.com,FTP,ftp://aze.archive.ubuntu.com/ubuntu/ls-lR.gz,72,5.226132,success
2026-05-31T07:22:34,Asia,aze.archive.ubuntu.com,HTTP,http://aze.archive.ubuntu.com/ubuntu/ls-lR.gz,72,3.931092,success
2026-05-31T07:22:38,Asia,aze.archive.ubuntu.com,HTTPS,https://aze.archive.ubuntu.com/ubuntu/ls-lR.gz,72,4.184398,success
2026-05-31T07:23:00,USA,ftp.osuosl.org,FTP,ftp://ftp.osuosl.org/pub/ubuntu/ls-lR.gz,138,18.152023,success
2026-05-31T07:23:16,USA,ftp.osuosl.org,HTTP,http://ftp.osuosl.org/pub/ubuntu/ls-lR.gz,138,15.955481,success
2026-05-31T07:23:29,USA,ftp.osuosl.org,HTTPS,https://ftp.osuosl.org/pub/ubuntu/ls-lR.gz,138,13.388714,success
2026-05-31T07:33:42,Germany,mirror.netcologne.de,FTP,ftp://mirror.netcologne.de/ubuntu/ls-lR.gz,70,9.363159,success
2026-05-31T07:33:50,Germany,mirror.netcologne.de,HTTP,http://mirror.netcologne.de/ubuntu/ls-lR.gz,70,7.942739,success
2026-05-31T07:33:58,Germany,mirror.netcologne.de,HTTPS,https://mirror.netcologne.de/ubuntu/ls-lR.gz,70,8.350818,success
2026-05-31T07:34:06,Asia,aze.archive.ubuntu.com,FTP,ftp://aze.archive.ubuntu.com/ubuntu/ls-lR.gz,84,5.142695,success
2026-05-31T07:34:11,Asia,aze.archive.ubuntu.com,HTTP,http://aze.archive.ubuntu.com/ubuntu/ls-lR.gz,84,4.268274,success
2026-05-31T07:34:15,Asia,aze.archive.ubuntu.com,HTTPS,https://aze.archive.ubuntu.com/ubuntu/ls-lR.gz,84,3.979813,success
2026-05-31T07:34:36,USA,ftp.osuosl.org,FTP,ftp://ftp.osuosl.org/pub/ubuntu/ls-lR.gz,155,17.484936,success
2026-05-31T07:34:46,USA,ftp.osuosl.org,HTTP,http://ftp.osuosl.org/pub/ubuntu/ls-lR.gz,155,10.582991,success
2026-05-31T07:35:04,USA,ftp.osuosl.org,HTTPS,https://ftp.osuosl.org/pub/ubuntu/ls-lR.gz,155,17.696432,success
2026-05-31T07:45:16,Germany,mirror.netcologne.de,FTP,ftp://mirror.netcologne.de/ubuntu/ls-lR.gz,69,9.000262,success
2026-05-31T07:45:23,Germany,mirror.netcologne.de,HTTP,http://mirror.netcologne.de/ubuntu/ls-lR.gz,69,6.914568,success
2026-05-31T07:45:31,Germany,mirror.netcologne.de,HTTPS,https://mirror.netcologne.de/ubuntu/ls-lR.gz,69,7.699041,success
2026-05-31T07:45:42,Asia,aze.archive.ubuntu.com,FTP,ftp://aze.archive.ubuntu.com/ubuntu/ls-lR.gz,148,7.246787,success
2026-05-31T07:45:48,Asia,aze.archive.ubuntu.com,HTTP,http://aze.archive.ubuntu.com/ubuntu/ls-lR.gz,148,5.636273,success
2026-05-31T07:45:54,Asia,aze.archive.ubuntu.com,HTTPS,https://aze.archive.ubuntu.com/ubuntu/ls-lR.gz,148,6.045072,success
2026-05-31T07:46:14,USA,ftp.osuosl.org,FTP,ftp://ftp.osuosl.org/pub/ubuntu/ls-lR.gz,156,16.866724,success
2026-05-31T07:46:26,USA,ftp.osuosl.org,HTTP,http://ftp.osuosl.org/pub/ubuntu/ls-lR.gz,156,12.253054,success
2026-05-31T07:46:41,USA,ftp.osuosl.org,HTTPS,https://ftp.osuosl.org/pub/ubuntu/ls-lR.gz,156,14.595634,success
2026-05-31T07:56:52,Germany,mirror.netcologne.de,FTP,ftp://mirror.netcologne.de/ubuntu/ls-lR.gz,69,8.063538,success
2026-05-31T07:57:01,Germany,mirror.netcologne.de,HTTP,http://mirror.netcologne.de/ubuntu/ls-lR.gz,69,8.206879,success
2026-05-31T07:57:07,Germany,mirror.netcologne.de,HTTPS,https://mirror.netcologne.de/ubuntu/ls-lR.gz,69,6.661203,success
2026-05-31T07:57:20,Asia,aze.archive.ubuntu.com,FTP,ftp://aze.archive.ubuntu.com/ubuntu/ls-lR.gz,146,9.156639,success
2026-05-31T07:57:26,Asia,aze.archive.ubuntu.com,HTTP,http://aze.archive.ubuntu.com/ubuntu/ls-lR.gz,146,5.849670,success
2026-05-31T07:57:32,Asia,aze.archive.ubuntu.com,HTTPS,https://aze.archive.ubuntu.com/ubuntu/ls-lR.gz,146,6.301761,success
2026-05-31T07:57:56,USA,ftp.osuosl.org,FTP,ftp://ftp.osuosl.org/pub/ubuntu/ls-lR.gz,155,20.428261,success
2026-05-31T07:58:14,USA,ftp.osuosl.org,HTTP,http://ftp.osuosl.org/pub/ubuntu/ls-lR.gz,155,17.459263,success
2026-05-31T07:58:28,USA,ftp.osuosl.org,HTTPS,https://ftp.osuosl.org/pub/ubuntu/ls-lR.gz,155,14.325541,success
2026-05-31T08:08:38,Germany,mirror.netcologne.de,FTP,ftp://mirror.netcologne.de/ubuntu/ls-lR.gz,69,6.408824,success
2026-05-31T08:08:45,Germany,mirror.netcologne.de,HTTP,http://mirror.netcologne.de/ubuntu/ls-lR.gz,69,7.106915,success
2026-05-31T08:08:53,Germany,mirror.netcologne.de,HTTPS,https://mirror.netcologne.de/ubuntu/ls-lR.gz,69,7.915132,success
2026-05-31T08:09:01,Asia,aze.archive.ubuntu.com,FTP,ftp://aze.archive.ubuntu.com/ubuntu/ls-lR.gz,103,4.955605,success
2026-05-31T08:09:06,Asia,aze.archive.ubuntu.com,HTTP,http://aze.archive.ubuntu.com/ubuntu/ls-lR.gz,103,4.491652,success
2026-05-31T08:09:11,Asia,aze.archive.ubuntu.com,HTTPS,https://aze.archive.ubuntu.com/ubuntu/ls-lR.gz,103,4.758273,success
2026-05-31T08:09:38,USA,ftp.osuosl.org,FTP,ftp://ftp.osuosl.org/pub/ubuntu/ls-lR.gz,211,23.635378,success
2026-05-31T08:10:05,USA,ftp.osuosl.org,HTTP,http://ftp.osuosl.org/pub/ubuntu/ls-lR.gz,211,27.080429,success
2026-05-31T08:10:36,USA,ftp.osuosl.org,HTTPS,https://ftp.osuosl.org/pub/ubuntu/ls-lR.gz,211,31.423687,success
2026-05-31T08:20:50,Germany,mirror.netcologne.de,FTP,ftp://mirror.netcologne.de/ubuntu/ls-lR.gz,69,9.845625,success
2026-05-31T08:20:57,Germany,mirror.netcologne.de,HTTP,http://mirror.netcologne.de/ubuntu/ls-lR.gz,69,7.087680,success
2026-05-31T08:21:04,Germany,mirror.netcologne.de,HTTPS,https://mirror.netcologne.de/ubuntu/ls-lR.gz,69,7.322168,success
2026-05-31T08:21:15,Asia,aze.archive.ubuntu.com,FTP,ftp://aze.archive.ubuntu.com/ubuntu/ls-lR.gz,145,6.965889,success
2026-05-31T08:21:20,Asia,aze.archive.ubuntu.com,HTTP,http://aze.archive.ubuntu.com/ubuntu/ls-lR.gz,145,4.964309,success
2026-05-31T08:21:25,Asia,aze.archive.ubuntu.com,HTTPS,https://aze.archive.ubuntu.com/ubuntu/ls-lR.gz,145,5.605154,success
2026-05-31T08:21:45,USA,ftp.osuosl.org,FTP,ftp://ftp.osuosl.org/pub/ubuntu/ls-lR.gz,136,16.094712,success
2026-05-31T08:22:03,USA,ftp.osuosl.org,HTTP,http://ftp.osuosl.org/pub/ubuntu/ls-lR.gz,136,18.511462,success
2026-05-31T08:22:21,USA,ftp.osuosl.org,HTTPS,https://ftp.osuosl.org/pub/ubuntu/ls-lR.gz,136,17.186541,success
2026-05-31T08:32:33,Germany,mirror.netcologne.de,FTP,ftp://mirror.netcologne.de/ubuntu/ls-lR.gz,71,9.025540,success
2026-05-31T08:32:40,Germany,mirror.netcologne.de,HTTP,http://mirror.netcologne.de/ubuntu/ls-lR.gz,71,7.252289,success
2026-05-31T08:32:48,Germany,mirror.netcologne.de,HTTPS,https://mirror.netcologne.de/ubuntu/ls-lR.gz,71,7.998248,success
2026-05-31T08:32:59,Asia,aze.archive.ubuntu.com,FTP,ftp://aze.archive.ubuntu.com/ubuntu/ls-lR.gz,146,7.602615,success
2026-05-31T08:33:04,Asia,aze.archive.ubuntu.com,HTTP,http://aze.archive.ubuntu.com/ubuntu/ls-lR.gz,146,5.170255,success
2026-05-31T08:33:10,Asia,aze.archive.ubuntu.com,HTTPS,https://aze.archive.ubuntu.com/ubuntu/ls-lR.gz,146,5.644127,success
2026-05-31T08:34:12,USA,ftp.osuosl.org,FTP,ftp://ftp.osuosl.org/pub/ubuntu/ls-lR.gz,211,57.836885,success
2026-05-31T08:35:04,USA,ftp.osuosl.org,HTTP,http://ftp.osuosl.org/pub/ubuntu/ls-lR.gz,211,51.859752,success
2026-05-31T08:35:36,USA,ftp.osuosl.org,HTTPS,https://ftp.osuosl.org/pub/ubuntu/ls-lR.gz,211,31.921943,success
2026-05-31T08:45:48,Germany,mirror.netcologne.de,FTP,ftp://mirror.netcologne.de/ubuntu/ls-lR.gz,69,9.375696,success
2026-05-31T08:45:57,Germany,mirror.netcologne.de,HTTP,http://mirror.netcologne.de/ubuntu/ls-lR.gz,69,9.081331,success
2026-05-31T08:46:05,Germany,mirror.netcologne.de,HTTPS,https://mirror.netcologne.de/ubuntu/ls-lR.gz,69,7.113121,success
2026-05-31T08:46:18,Asia,aze.archive.ubuntu.com,FTP,ftp://aze.archive.ubuntu.com/ubuntu/ls-lR.gz,146,9.874535,success
2026-05-31T08:46:24,Asia,aze.archive.ubuntu.com,HTTP,http://aze.archive.ubuntu.com/ubuntu/ls-lR.gz,146,6.109307,success
2026-05-31T08:46:29,Asia,aze.archive.ubuntu.com,HTTPS,https://aze.archive.ubuntu.com/ubuntu/ls-lR.gz,146,5.410388,success
2026-05-31T08:46:48,USA,ftp.osuosl.org,FTP,ftp://ftp.osuosl.org/pub/ubuntu/ls-lR.gz,156,14.837054,success
2026-05-31T08:46:58,USA,ftp.osuosl.org,HTTP,http://ftp.osuosl.org/pub/ubuntu/ls-lR.gz,156,10.765112,success
2026-05-31T08:47:17,USA,ftp.osuosl.org,HTTPS,https://ftp.osuosl.org/pub/ubuntu/ls-lR.gz,156,18.614858,success
2026-05-31T08:57:30,Germany,mirror.netcologne.de,FTP,ftp://mirror.netcologne.de/ubuntu/ls-lR.gz,73,9.930244,success
2026-05-31T08:57:38,Germany,mirror.netcologne.de,HTTP,http://mirror.netcologne.de/ubuntu/ls-lR.gz,73,7.977142,success
2026-05-31T08:57:48,Germany,mirror.netcologne.de,HTTPS,https://mirror.netcologne.de/ubuntu/ls-lR.gz,73,9.985661,success
2026-05-31T08:57:58,Asia,aze.archive.ubuntu.com,FTP,ftp://aze.archive.ubuntu.com/ubuntu/ls-lR.gz,80,6.265545,success
2026-05-31T08:58:03,Asia,aze.archive.ubuntu.com,HTTP,http://aze.archive.ubuntu.com/ubuntu/ls-lR.gz,80,4.747554,success
2026-05-31T08:58:08,Asia,aze.archive.ubuntu.com,HTTPS,https://aze.archive.ubuntu.com/ubuntu/ls-lR.gz,80,4.866637,success
2026-05-31T08:58:32,USA,ftp.osuosl.org,FTP,ftp://ftp.osuosl.org/pub/ubuntu/ls-lR.gz,162,20.950634,success
2026-05-31T08:58:47,USA,ftp.osuosl.org,HTTP,http://ftp.osuosl.org/pub/ubuntu/ls-lR.gz,162,14.901922,success
2026-05-31T08:59:06,USA,ftp.osuosl.org,HTTPS,https://ftp.osuosl.org/pub/ubuntu/ls-lR.gz,162,19.238016,success
2026-05-31T09:09:18,Germany,mirror.netcologne.de,FTP,ftp://mirror.netcologne.de/ubuntu/ls-lR.gz,68,8.544006,success
2026-05-31T09:09:27,Germany,mirror.netcologne.de,HTTP,http://mirror.netcologne.de/ubuntu/ls-lR.gz,68,8.556938,success
2026-05-31T09:09:35,Germany,mirror.netcologne.de,HTTPS,https://mirror.netcologne.de/ubuntu/ls-lR.gz,68,7.933637,success
2026-05-31T09:09:43,Asia,aze.archive.ubuntu.com,FTP,ftp://aze.archive.ubuntu.com/ubuntu/ls-lR.gz,72,4.941888,success
2026-05-31T09:09:47,Asia,aze.archive.ubuntu.com,HTTP,http://aze.archive.ubuntu.com/ubuntu/ls-lR.gz,72,4.370778,success
2026-05-31T09:09:52,Asia,aze.archive.ubuntu.com,HTTPS,https://aze.archive.ubuntu.com/ubuntu/ls-lR.gz,72,4.322886,success
2026-05-31T09:10:09,USA,ftp.osuosl.org,FTP,ftp://ftp.osuosl.org/pub/ubuntu/ls-lR.gz,137,13.338318,success
2026-05-31T09:10:21,USA,ftp.osuosl.org,HTTP,http://ftp.osuosl.org/pub/ubuntu/ls-lR.gz,137,11.994183,success
2026-05-31T09:10:37,USA,ftp.osuosl.org,HTTPS,https://ftp.osuosl.org/pub/ubuntu/ls-lR.gz,137,15.901362,success
2026-05-31T09:20:48,Germany,mirror.netcologne.de,FTP,ftp://mirror.netcologne.de/ubuntu/ls-lR.gz,69,8.230126,success
2026-05-31T09:20:56,Germany,mirror.netcologne.de,HTTP,http://mirror.netcologne.de/ubuntu/ls-lR.gz,69,8.088342,success
2026-05-31T09:21:04,Germany,mirror.netcologne.de,HTTPS,https://mirror.netcologne.de/ubuntu/ls-lR.gz,69,8.240132,success
2026-05-31T09:21:14,Asia,aze.archive.ubuntu.com,FTP,ftp://aze.archive.ubuntu.com/ubuntu/ls-lR.gz,77,5.706300,success
2026-05-31T09:21:19,Asia,aze.archive.ubuntu.com,HTTP,http://aze.archive.ubuntu.com/ubuntu/ls-lR.gz,77,5.061030,success
2026-05-31T09:21:23,Asia,aze.archive.ubuntu.com,HTTPS,https://aze.archive.ubuntu.com/ubuntu/ls-lR.gz,77,4.725773,success
2026-05-31T09:21:57,USA,ftp.osuosl.org,FTP,ftp://ftp.osuosl.org/pub/ubuntu/ls-lR.gz,212,29.725173,success
2026-05-31T09:22:24,USA,ftp.osuosl.org,HTTP,http://ftp.osuosl.org/pub/ubuntu/ls-lR.gz,212,27.346222,success
2026-05-31T09:22:46,USA,ftp.osuosl.org,HTTPS,https://ftp.osuosl.org/pub/ubuntu/ls-lR.gz,212,21.617767,success
2026-05-31T09:32:57,Germany,mirror.netcologne.de,FTP,ftp://mirror.netcologne.de/ubuntu/ls-lR.gz,72,7.840850,success
2026-05-31T09:33:04,Germany,mirror.netcologne.de,HTTP,http://mirror.netcologne.de/ubuntu/ls-lR.gz,72,7.015637,success
2026-05-31T09:33:11,Germany,mirror.netcologne.de,HTTPS,https://mirror.netcologne.de/ubuntu/ls-lR.gz,72,7.214664,success
2026-05-31T09:33:24,Asia,aze.archive.ubuntu.com,FTP,ftp://aze.archive.ubuntu.com/ubuntu/ls-lR.gz,103,9.392919,success
2026-05-31T09:33:28,Asia,aze.archive.ubuntu.com,HTTP,http://aze.archive.ubuntu.com/ubuntu/ls-lR.gz,103,4.358347,success
2026-05-31T09:33:33,Asia,aze.archive.ubuntu.com,HTTPS,https://aze.archive.ubuntu.com/ubuntu/ls-lR.gz,103,4.435935,success
2026-05-31T09:33:55,USA,ftp.osuosl.org,FTP,ftp://ftp.osuosl.org/pub/ubuntu/ls-lR.gz,156,18.725635,success
2026-05-31T09:34:07,USA,ftp.osuosl.org,HTTP,http://ftp.osuosl.org/pub/ubuntu/ls-lR.gz,156,11.665072,success
2026-05-31T09:34:25,USA,ftp.osuosl.org,HTTPS,https://ftp.osuosl.org/pub/ubuntu/ls-lR.gz,156,17.653275,success
2026-05-31T09:44:36,Germany,mirror.netcologne.de,FTP,ftp://mirror.netcologne.de/ubuntu/ls-lR.gz,70,8.454817,success
2026-05-31T09:44:47,Germany,mirror.netcologne.de,HTTP,http://mirror.netcologne.de/ubuntu/ls-lR.gz,70,10.215743,success
2026-05-31T09:44:55,Germany,mirror.netcologne.de,HTTPS,https://mirror.netcologne.de/ubuntu/ls-lR.gz,70,8.581444,success
2026-05-31T09:45:06,Asia,aze.archive.ubuntu.com,FTP,ftp://aze.archive.ubuntu.com/ubuntu/ls-lR.gz,153,7.270799,success
2026-05-31T09:45:11,Asia,aze.archive.ubuntu.com,HTTP,http://aze.archive.ubuntu.com/ubuntu/ls-lR.gz,153,5.355596,success
2026-05-31T09:45:18,Asia,aze.archive.ubuntu.com,HTTPS,https://aze.archive.ubuntu.com/ubuntu/ls-lR.gz,153,6.168116,success
2026-05-31T09:45:38,USA,ftp.osuosl.org,FTP,ftp://ftp.osuosl.org/pub/ubuntu/ls-lR.gz,157,16.560639,success
2026-05-31T09:45:55,USA,ftp.osuosl.org,HTTP,http://ftp.osuosl.org/pub/ubuntu/ls-lR.gz,157,17.638938,success
2026-05-31T09:46:10,USA,ftp.osuosl.org,HTTPS,https://ftp.osuosl.org/pub/ubuntu/ls-lR.gz,157,14.158744,success
2026-05-31T09:56:20,Germany,mirror.netcologne.de,FTP,ftp://mirror.netcologne.de/ubuntu/ls-lR.gz,69,7.038069,success
2026-05-31T09:56:27,Germany,mirror.netcologne.de,HTTP,http://mirror.netcologne.de/ubuntu/ls-lR.gz,69,7.373241,success
2026-05-31T09:56:35,Germany,mirror.netcologne.de,HTTPS,https://mirror.netcologne.de/ubuntu/ls-lR.gz,69,8.027693,success
2026-05-31T09:56:49,Asia,aze.archive.ubuntu.com,FTP,ftp://aze.archive.ubuntu.com/ubuntu/ls-lR.gz,148,10.384223,success
2026-05-31T09:56:55,Asia,aze.archive.ubuntu.com,HTTP,http://aze.archive.ubuntu.com/ubuntu/ls-lR.gz,148,5.969284,success
2026-05-31T09:57:01,Asia,aze.archive.ubuntu.com,HTTPS,https://aze.archive.ubuntu.com/ubuntu/ls-lR.gz,148,6.117812,success
2026-05-31T09:56:56,USA,ftp.osuosl.org,FTP,ftp://ftp.osuosl.org/pub/ubuntu/ls-lR.gz,157,14.149276,success
2026-05-31T09:57:07,USA,ftp.osuosl.org,HTTP,http://ftp.osuosl.org/pub/ubuntu/ls-lR.gz,157,10.669806,success
2026-05-31T09:57:22,USA,ftp.osuosl.org,HTTPS,https://ftp.osuosl.org/pub/ubuntu/ls-lR.gz,157,14.824715,success
2026-05-31T10:07:34,Germany,mirror.netcologne.de,FTP,ftp://mirror.netcologne.de/ubuntu/ls-lR.gz,72,8.461166,success
2026-05-31T10:07:41,Germany,mirror.netcologne.de,HTTP,http://mirror.netcologne.de/ubuntu/ls-lR.gz,72,6.987900,success
2026-05-31T10:07:49,Germany,mirror.netcologne.de,HTTPS,https://mirror.netcologne.de/ubuntu/ls-lR.gz,72,8.168350,success
2026-05-31T10:07:59,Asia,aze.archive.ubuntu.com,FTP,ftp://aze.archive.ubuntu.com/ubuntu/ls-lR.gz,148,7.061454,success
2026-05-31T10:08:05,Asia,aze.archive.ubuntu.com,HTTP,http://aze.archive.ubuntu.com/ubuntu/ls-lR.gz,148,5.862330,success
2026-05-31T10:08:11,Asia,aze.archive.ubuntu.com,HTTPS,https://aze.archive.ubuntu.com/ubuntu/ls-lR.gz,148,5.478444,success
2026-05-31T10:08:34,USA,ftp.osuosl.org,FTP,ftp://ftp.osuosl.org/pub/ubuntu/ls-lR.gz,157,19.876314,success
2026-05-31T10:08:51,USA,ftp.osuosl.org,HTTP,http://ftp.osuosl.org/pub/ubuntu/ls-lR.gz,157,16.488942,success
2026-05-31T10:09:06,USA,ftp.osuosl.org,HTTPS,https://ftp.osuosl.org/pub/ubuntu/ls-lR.gz,157,14.833170,success
2026-05-31T10:19:18,Germany,mirror.netcologne.de,FTP,ftp://mirror.netcologne.de/ubuntu/ls-lR.gz,85,9.213362,success
2026-05-31T10:19:26,Germany,mirror.netcologne.de,HTTP,http://mirror.netcologne.de/ubuntu/ls-lR.gz,85,7.929380,success
2026-05-31T10:19:35,Germany,mirror.netcologne.de,HTTPS,https://mirror.netcologne.de/ubuntu/ls-lR.gz,85,9.148819,success
2026-05-31T10:19:46,Asia,aze.archive.ubuntu.com,FTP,ftp://aze.archive.ubuntu.com/ubuntu/ls-lR.gz,150,7.079877,success
2026-05-31T10:19:51,Asia,aze.archive.ubuntu.com,HTTP,http://aze.archive.ubuntu.com/ubuntu/ls-lR.gz,150,5.317104,success
2026-05-31T10:19:56,Asia,aze.archive.ubuntu.com,HTTPS,https://aze.archive.ubuntu.com/ubuntu/ls-lR.gz,150,5.410596,success
2026-05-31T10:20:28,USA,ftp.osuosl.org,FTP,ftp://ftp.osuosl.org/pub/ubuntu/ls-lR.gz,136,28.327635,success
2026-05-31T10:20:47,USA,ftp.osuosl.org,HTTP,http://ftp.osuosl.org/pub/ubuntu/ls-lR.gz,136,18.957197,success
2026-05-31T10:21:02,USA,ftp.osuosl.org,HTTPS,https://ftp.osuosl.org/pub/ubuntu/ls-lR.gz,136,14.312507,success
2026-05-31T10:31:15,Germany,mirror.netcologne.de,FTP,ftp://mirror.netcologne.de/ubuntu/ls-lR.gz,72,10.141343,success
2026-05-31T10:31:23,Germany,mirror.netcologne.de,HTTP,http://mirror.netcologne.de/ubuntu/ls-lR.gz,72,8.247956,success
2026-05-31T10:31:31,Germany,mirror.netcologne.de,HTTPS,https://mirror.netcologne.de/ubuntu/ls-lR.gz,72,8.066263,success
2026-05-31T10:31:42,Asia,aze.archive.ubuntu.com,FTP,ftp://aze.archive.ubuntu.com/ubuntu/ls-lR.gz,149,7.141961,success
2026-05-31T10:31:48,Asia,aze.archive.ubuntu.com,HTTP,http://aze.archive.ubuntu.com/ubuntu/ls-lR.gz,149,5.488752,success
2026-05-31T10:31:53,Asia,aze.archive.ubuntu.com,HTTPS,https://aze.archive.ubuntu.com/ubuntu/ls-lR.gz,149,5.384176,success
2026-05-31T10:32:18,USA,ftp.osuosl.org,FTP,ftp://ftp.osuosl.org/pub/ubuntu/ls-lR.gz,139,21.792023,success
2026-05-31T10:32:34,USA,ftp.osuosl.org,HTTP,http://ftp.osuosl.org/pub/ubuntu/ls-lR.gz,139,16.091172,success
2026-05-31T10:32:50,USA,ftp.osuosl.org,HTTPS,https://ftp.osuosl.org/pub/ubuntu/ls-lR.gz,139,15.469320,success
2026-05-31T10:43:02,Germany,mirror.netcologne.de,FTP,ftp://mirror.netcologne.de/ubuntu/ls-lR.gz,69,8.602965,success
2026-05-31T10:43:10,Germany,mirror.netcologne.de,HTTP,http://mirror.netcologne.de/ubuntu/ls-lR.gz,69,8.469447,success
2026-05-31T10:43:18,Germany,mirror.netcologne.de,HTTPS,https://mirror.netcologne.de/ubuntu/ls-lR.gz,69,7.916355,success
2026-05-31T10:43:27,Asia,aze.archive.ubuntu.com,FTP,ftp://aze.archive.ubuntu.com/ubuntu/ls-lR.gz,100,5.483676,success
2026-05-31T10:43:32,Asia,aze.archive.ubuntu.com,HTTP,http://aze.archive.ubuntu.com/ubuntu/ls-lR.gz,100,5.148540,success
2026-05-31T10:43:37,Asia,aze.archive.ubuntu.com,HTTPS,https://aze.archive.ubuntu.com/ubuntu/ls-lR.gz,100,4.787251,success
2026-05-31T10:43:58,USA,ftp.osuosl.org,FTP,ftp://ftp.osuosl.org/pub/ubuntu/ls-lR.gz,148,17.634928,success
2026-05-31T10:44:12,USA,ftp.osuosl.org,HTTP,http://ftp.osuosl.org/pub/ubuntu/ls-lR.gz,148,13.853631,success
2026-05-31T10:44:25,USA,ftp.osuosl.org,HTTPS,https://ftp.osuosl.org/pub/ubuntu/ls-lR.gz,148,13.259515,success
2026-05-31T10:54:38,Germany,mirror.netcologne.de,FTP,ftp://mirror.netcologne.de/ubuntu/ls-lR.gz,72,8.935222,success
2026-05-31T10:54:47,Germany,mirror.netcologne.de,HTTP,http://mirror.netcologne.de/ubuntu/ls-lR.gz,72,9.745454,success
2026-05-31T10:54:55,Germany,mirror.netcologne.de,HTTPS,https://mirror.netcologne.de/ubuntu/ls-lR.gz,72,7.549288,success
2026-05-31T10:55:06,Asia,aze.archive.ubuntu.com,FTP,ftp://aze.archive.ubuntu.com/ubuntu/ls-lR.gz,103,7.660421,success
2026-05-31T10:55:11,Asia,aze.archive.ubuntu.com,HTTP,http://aze.archive.ubuntu.com/ubuntu/ls-lR.gz,103,4.473001,success
2026-05-31T10:55:15,Asia,aze.archive.ubuntu.com,HTTPS,https://aze.archive.ubuntu.com/ubuntu/ls-lR.gz,103,4.550191,success
2026-05-31T10:55:40,USA,ftp.osuosl.org,FTP,ftp://ftp.osuosl.org/pub/ubuntu/ls-lR.gz,165,20.862573,success
2026-05-31T10:55:59,USA,ftp.osuosl.org,HTTP,http://ftp.osuosl.org/pub/ubuntu/ls-lR.gz,165,19.202460,success
2026-05-31T10:56:16,USA,ftp.osuosl.org,HTTPS,https://ftp.osuosl.org/pub/ubuntu/ls-lR.gz,165,17.058965,success
2026-05-31T11:06:28,Germany,mirror.netcologne.de,FTP,ftp://mirror.netcologne.de/ubuntu/ls-lR.gz,70,8.805268,success
2026-05-31T11:06:34,Germany,mirror.netcologne.de,HTTP,http://mirror.netcologne.de/ubuntu/ls-lR.gz,70,6.481625,success
2026-05-31T11:06:42,Germany,mirror.netcologne.de,HTTPS,https://mirror.netcologne.de/ubuntu/ls-lR.gz,70,7.927572,success
2026-05-31T11:06:53,Asia,aze.archive.ubuntu.com,FTP,ftp://aze.archive.ubuntu.com/ubuntu/ls-lR.gz,148,7.401541,success
2026-05-31T11:06:59,Asia,aze.archive.ubuntu.com,HTTP,http://aze.archive.ubuntu.com/ubuntu/ls-lR.gz,148,5.226246,success
2026-05-31T11:07:04,Asia,aze.archive.ubuntu.com,HTTPS,https://aze.archive.ubuntu.com/ubuntu/ls-lR.gz,148,5.523817,success
2026-05-31T11:07:33,USA,ftp.osuosl.org,FTP,ftp://ftp.osuosl.org/pub/ubuntu/ls-lR.gz,231,24.628663,success
2026-05-31T11:08:18,USA,ftp.osuosl.org,HTTP,http://ftp.osuosl.org/pub/ubuntu/ls-lR.gz,231,45.546562,success
2026-05-31T11:08:43,USA,ftp.osuosl.org,HTTPS,https://ftp.osuosl.org/pub/ubuntu/ls-lR.gz,231,24.421090,success
2026-05-31T11:18:55,Germany,mirror.netcologne.de,FTP,ftp://mirror.netcologne.de/ubuntu/ls-lR.gz,80,9.536541,success
2026-05-31T11:19:03,Germany,mirror.netcologne.de,HTTP,http://mirror.netcologne.de/ubuntu/ls-lR.gz,80,7.895396,success
2026-05-31T11:19:11,Germany,mirror.netcologne.de,HTTPS,https://mirror.netcologne.de/ubuntu/ls-lR.gz,80,7.841416,success
2026-05-31T11:19:19,Asia,aze.archive.ubuntu.com,FTP,ftp://aze.archive.ubuntu.com/ubuntu/ls-lR.gz,96,4.785126,success
2026-05-31T11:19:24,Asia,aze.archive.ubuntu.com,HTTP,http://aze.archive.ubuntu.com/ubuntu/ls-lR.gz,96,4.173372,success
2026-05-31T11:19:29,Asia,aze.archive.ubuntu.com,HTTPS,https://aze.archive.ubuntu.com/ubuntu/ls-lR.gz,96,5.158772,success
2026-05-31T11:19:50,USA,ftp.osuosl.org,FTP,ftp://ftp.osuosl.org/pub/ubuntu/ls-lR.gz,138,17.862073,success
2026-05-31T11:20:04,USA,ftp.osuosl.org,HTTP,http://ftp.osuosl.org/pub/ubuntu/ls-lR.gz,138,13.948946,success
2026-05-31T11:20:19,USA,ftp.osuosl.org,HTTPS,https://ftp.osuosl.org/pub/ubuntu/ls-lR.gz,138,15.215769,success
2026-05-31T11:30:31,Germany,mirror.netcologne.de,FTP,ftp://mirror.netcologne.de/ubuntu/ls-lR.gz,69,8.503884,success
2026-05-31T11:30:40,Germany,mirror.netcologne.de,HTTP,http://mirror.netcologne.de/ubuntu/ls-lR.gz,69,9.031714,success
2026-05-31T11:30:48,Germany,mirror.netcologne.de,HTTPS,https://mirror.netcologne.de/ubuntu/ls-lR.gz,69,7.522483,success
2026-05-31T11:31:00,Asia,aze.archive.ubuntu.com,FTP,ftp://aze.archive.ubuntu.com/ubuntu/ls-lR.gz,144,8.892869,success
2026-05-31T11:31:05,Asia,aze.archive.ubuntu.com,HTTP,http://aze.archive.ubuntu.com/ubuntu/ls-lR.gz,144,5.284445,success
2026-05-31T11:31:13,Asia,aze.archive.ubuntu.com,HTTPS,https://aze.archive.ubuntu.com/ubuntu/ls-lR.gz,144,7.576443,success
2026-05-31T11:31:33,USA,ftp.osuosl.org,FTP,ftp://ftp.osuosl.org/pub/ubuntu/ls-lR.gz,165,16.294599,success
2026-05-31T11:31:48,USA,ftp.osuosl.org,HTTP,http://ftp.osuosl.org/pub/ubuntu/ls-lR.gz,165,15.547406,success
2026-05-31T11:32:03,USA,ftp.osuosl.org,HTTPS,https://ftp.osuosl.org/pub/ubuntu/ls-lR.gz,165,14.927412,success
2026-05-31T11:42:18,Germany,mirror.netcologne.de,FTP,ftp://mirror.netcologne.de/ubuntu/ls-lR.gz,79,10.942429,success
2026-05-31T11:42:27,Germany,mirror.netcologne.de,HTTP,http://mirror.netcologne.de/ubuntu/ls-lR.gz,79,8.941406,success
2026-05-31T11:42:35,Germany,mirror.netcologne.de,HTTPS,https://mirror.netcologne.de/ubuntu/ls-lR.gz,79,8.034181,success
2026-05-31T11:42:43,Asia,aze.archive.ubuntu.com,FTP,ftp://aze.archive.ubuntu.com/ubuntu/ls-lR.gz,82,4.772412,success
2026-05-31T11:42:49,Asia,aze.archive.ubuntu.com,HTTP,http://aze.archive.ubuntu.com/ubuntu/ls-lR.gz,82,5.705144,success
2026-05-31T11:42:53,Asia,aze.archive.ubuntu.com,HTTPS,https://aze.archive.ubuntu.com/ubuntu/ls-lR.gz,82,4.280485,success
2026-05-31T11:43:15,USA,ftp.osuosl.org,FTP,ftp://ftp.osuosl.org/pub/ubuntu/ls-lR.gz,137,18.386868,success
2026-05-31T11:43:29,USA,ftp.osuosl.org,HTTP,http://ftp.osuosl.org/pub/ubuntu/ls-lR.gz,137,14.474821,success
2026-05-31T11:43:43,USA,ftp.osuosl.org,HTTPS,https://ftp.osuosl.org/pub/ubuntu/ls-lR.gz,137,14.054300,success
2026-05-31T11:53:53,Germany,mirror.netcologne.de,FTP,ftp://mirror.netcologne.de/ubuntu/ls-lR.gz,72,6.341013,success
2026-05-31T11:54:01,Germany,mirror.netcologne.de,HTTP,http://mirror.netcologne.de/ubuntu/ls-lR.gz,72,8.033998,success
2026-05-31T11:54:10,Germany,mirror.netcologne.de,HTTPS,https://mirror.netcologne.de/ubuntu/ls-lR.gz,72,8.541734,success
2026-05-31T11:54:17,Asia,aze.archive.ubuntu.com,FTP,ftp://aze.archive.ubuntu.com/ubuntu/ls-lR.gz,83,4.587823,success
2026-05-31T11:54:22,Asia,aze.archive.ubuntu.com,HTTP,http://aze.archive.ubuntu.com/ubuntu/ls-lR.gz,83,4.209117,success
2026-05-31T11:54:26,Asia,aze.archive.ubuntu.com,HTTPS,https://aze.archive.ubuntu.com/ubuntu/ls-lR.gz,83,4.314269,success
2026-05-31T11:54:42,USA,ftp.osuosl.org,FTP,ftp://ftp.osuosl.org/pub/ubuntu/ls-lR.gz,136,12.844060,success
2026-05-31T11:54:58,USA,ftp.osuosl.org,HTTP,http://ftp.osuosl.org/pub/ubuntu/ls-lR.gz,136,15.774498,success
2026-05-31T11:55:12,USA,ftp.osuosl.org,HTTPS,https://ftp.osuosl.org/pub/ubuntu/ls-lR.gz,136,13.979705,success
2026-05-31T12:05:24,Germany,mirror.netcologne.de,FTP,ftp://mirror.netcologne.de/ubuntu/ls-lR.gz,70,9.178508,success
2026-05-31T12:05:32,Germany,mirror.netcologne.de,HTTP,http://mirror.netcologne.de/ubuntu/ls-lR.gz,70,7.789998,success
2026-05-31T12:05:41,Germany,mirror.netcologne.de,HTTPS,https://mirror.netcologne.de/ubuntu/ls-lR.gz,70,8.768791,success
2026-05-31T12:05:52,Asia,aze.archive.ubuntu.com,FTP,ftp://aze.archive.ubuntu.com/ubuntu/ls-lR.gz,152,7.442435,success
2026-05-31T12:05:58,Asia,aze.archive.ubuntu.com,HTTP,http://aze.archive.ubuntu.com/ubuntu/ls-lR.gz,152,5.584116,success
2026-05-31T12:06:03,Asia,aze.archive.ubuntu.com,HTTPS,https://aze.archive.ubuntu.com/ubuntu/ls-lR.gz,152,5.475031,success
2026-05-31T12:06:28,USA,ftp.osuosl.org,FTP,ftp://ftp.osuosl.org/pub/ubuntu/ls-lR.gz,219,21.201307,success
2026-05-31T12:06:58,USA,ftp.osuosl.org,HTTP,http://ftp.osuosl.org/pub/ubuntu/ls-lR.gz,219,30.420817,success
2026-05-31T12:07:22,USA,ftp.osuosl.org,HTTPS,https://ftp.osuosl.org/pub/ubuntu/ls-lR.gz,219,23.734517,success
2026-05-31T12:17:33,Germany,mirror.netcologne.de,FTP,ftp://mirror.netcologne.de/ubuntu/ls-lR.gz,70,7.463459,success
2026-05-31T12:17:40,Germany,mirror.netcologne.de,HTTP,http://mirror.netcologne.de/ubuntu/ls-lR.gz,70,7.036671,success
2026-05-31T12:17:47,Germany,mirror.netcologne.de,HTTPS,https://mirror.netcologne.de/ubuntu/ls-lR.gz,70,7.353054,success
2026-05-31T12:18:01,Asia,aze.archive.ubuntu.com,FTP,ftp://aze.archive.ubuntu.com/ubuntu/ls-lR.gz,151,6.980862,success
2026-05-31T12:18:09,Asia,aze.archive.ubuntu.com,HTTP,http://aze.archive.ubuntu.com/ubuntu/ls-lR.gz,151,7.347770,success
2026-05-31T12:18:14,Asia,aze.archive.ubuntu.com,HTTPS,https://aze.archive.ubuntu.com/ubuntu/ls-lR.gz,151,5.482834,success
2026-05-31T12:18:33,USA,ftp.osuosl.org,FTP,ftp://ftp.osuosl.org/pub/ubuntu/ls-lR.gz,136,14.996688,success
2026-05-31T12:18:47,USA,ftp.osuosl.org,HTTP,http://ftp.osuosl.org/pub/ubuntu/ls-lR.gz,136,13.759456,success
2026-05-31T12:19:01,USA,ftp.osuosl.org,HTTPS,https://ftp.osuosl.org/pub/ubuntu/ls-lR.gz,136,14.730679,success
2026-05-31T12:29:15,Germany,mirror.netcologne.de,FTP,ftp://mirror.netcologne.de/ubuntu/ls-lR.gz,78,10.729387,success
2026-05-31T12:29:26,Germany,mirror.netcologne.de,HTTP,http://mirror.netcologne.de/ubuntu/ls-lR.gz,78,10.445060,success
2026-05-31T12:29:36,Germany,mirror.netcologne.de,HTTPS,https://mirror.netcologne.de/ubuntu/ls-lR.gz,78,10.261767,success
2026-05-31T12:29:48,Asia,aze.archive.ubuntu.com,FTP,ftp://aze.archive.ubuntu.com/ubuntu/ls-lR.gz,127,7.784287,success
2026-05-31T12:29:52,Asia,aze.archive.ubuntu.com,HTTP,http://aze.archive.ubuntu.com/ubuntu/ls-lR.gz,127,4.542800,success
2026-05-31T12:29:57,Asia,aze.archive.ubuntu.com,HTTPS,https://aze.archive.ubuntu.com/ubuntu/ls-lR.gz,127,4.392143,success
2026-05-31T12:30:16,USA,ftp.osuosl.org,FTP,ftp://ftp.osuosl.org/pub/ubuntu/ls-lR.gz,142,15.546156,success
2026-05-31T12:30:30,USA,ftp.osuosl.org,HTTP,http://ftp.osuosl.org/pub/ubuntu/ls-lR.gz,142,14.122615,success
2026-05-31T12:30:46,USA,ftp.osuosl.org,HTTPS,https://ftp.osuosl.org/pub/ubuntu/ls-lR.gz,142,15.912642,success
2026-05-31T12:40:59,Germany,mirror.netcologne.de,FTP,ftp://mirror.netcologne.de/ubuntu/ls-lR.gz,72,10.118475,success
2026-05-31T12:41:06,Germany,mirror.netcologne.de,HTTP,http://mirror.netcologne.de/ubuntu/ls-lR.gz,72,6.467534,success
2026-05-31T12:41:16,Germany,mirror.netcologne.de,HTTPS,https://mirror.netcologne.de/ubuntu/ls-lR.gz,72,10.152953,success
2026-05-31T12:41:24,Asia,aze.archive.ubuntu.com,FTP,ftp://aze.archive.ubuntu.com/ubuntu/ls-lR.gz,86,4.805432,success
2026-05-31T12:41:28,Asia,aze.archive.ubuntu.com,HTTP,http://aze.archive.ubuntu.com/ubuntu/ls-lR.gz,86,4.375867,success
2026-05-31T12:41:33,Asia,aze.archive.ubuntu.com,HTTPS,https://aze.archive.ubuntu.com/ubuntu/ls-lR.gz,86,4.192837,success
2026-05-31T12:41:51,USA,ftp.osuosl.org,FTP,ftp://ftp.osuosl.org/pub/ubuntu/ls-lR.gz,138,15.323807,success
2026-05-31T12:42:10,USA,ftp.osuosl.org,HTTP,http://ftp.osuosl.org/pub/ubuntu/ls-lR.gz,138,18.484379,success
2026-05-31T12:42:31,USA,ftp.osuosl.org,HTTPS,https://ftp.osuosl.org/pub/ubuntu/ls-lR.gz,138,20.942923,success
2026-05-31T12:52:44,Germany,mirror.netcologne.de,FTP,ftp://mirror.netcologne.de/ubuntu/ls-lR.gz,70,9.607792,success
2026-05-31T12:52:52,Germany,mirror.netcologne.de,HTTP,http://mirror.netcologne.de/ubuntu/ls-lR.gz,70,8.359517,success
2026-05-31T12:53:01,Germany,mirror.netcologne.de,HTTPS,https://mirror.netcologne.de/ubuntu/ls-lR.gz,70,8.275150,success
2026-05-31T12:53:14,Asia,aze.archive.ubuntu.com,FTP,ftp://aze.archive.ubuntu.com/ubuntu/ls-lR.gz,164,9.564750,success
2026-05-31T12:53:19,Asia,aze.archive.ubuntu.com,HTTP,http://aze.archive.ubuntu.com/ubuntu/ls-lR.gz,164,5.429446,success
2026-05-31T12:53:25,Asia,aze.archive.ubuntu.com,HTTPS,https://aze.archive.ubuntu.com/ubuntu/ls-lR.gz,164,5.700597,success
2026-05-31T12:54:09,USA,ftp.osuosl.org,FTP,ftp://ftp.osuosl.org/pub/ubuntu/ls-lR.gz,211,41.068961,success
2026-05-31T12:54:25,USA,ftp.osuosl.org,HTTP,http://ftp.osuosl.org/pub/ubuntu/ls-lR.gz,211,15.518515,success
2026-05-31T12:54:54,USA,ftp.osuosl.org,HTTPS,https://ftp.osuosl.org/pub/ubuntu/ls-lR.gz,211,29.054279,success
2026-05-31T13:05:06,Germany,mirror.netcologne.de,FTP,ftp://mirror.netcologne.de/ubuntu/ls-lR.gz,80,8.709353,success
2026-05-31T13:05:14,Germany,mirror.netcologne.de,HTTP,http://mirror.netcologne.de/ubuntu/ls-lR.gz,80,7.720511,success
2026-05-31T13:05:22,Germany,mirror.netcologne.de,HTTPS,https://mirror.netcologne.de/ubuntu/ls-lR.gz,80,8.636055,success
2026-05-31T13:05:33,Asia,aze.archive.ubuntu.com,FTP,ftp://aze.archive.ubuntu.com/ubuntu/ls-lR.gz,149,7.275047,success
2026-05-31T13:05:39,Asia,aze.archive.ubuntu.com,HTTP,http://aze.archive.ubuntu.com/ubuntu/ls-lR.gz,149,5.519102,success
2026-05-31T13:05:44,Asia,aze.archive.ubuntu.com,HTTPS,https://aze.archive.ubuntu.com/ubuntu/ls-lR.gz,149,5.575255,success
2026-05-31T13:06:09,USA,ftp.osuosl.org,FTP,ftp://ftp.osuosl.org/pub/ubuntu/ls-lR.gz,156,21.106225,success
2026-05-31T13:06:24,USA,ftp.osuosl.org,HTTP,http://ftp.osuosl.org/pub/ubuntu/ls-lR.gz,156,15.029126,success
2026-05-31T13:06:39,USA,ftp.osuosl.org,HTTPS,https://ftp.osuosl.org/pub/ubuntu/ls-lR.gz,156,14.978534,success
2026-05-31T13:16:50,Germany,mirror.netcologne.de,FTP,ftp://mirror.netcologne.de/ubuntu/ls-lR.gz,69,7.430492,success
2026-05-31T13:16:57,Germany,mirror.netcologne.de,HTTP,http://mirror.netcologne.de/ubuntu/ls-lR.gz,69,7.310447,success
2026-05-31T13:17:05,Germany,mirror.netcologne.de,HTTPS,https://mirror.netcologne.de/ubuntu/ls-lR.gz,69,7.481029,success
2026-05-31T13:17:13,Asia,aze.archive.ubuntu.com,FTP,ftp://aze.archive.ubuntu.com/ubuntu/ls-lR.gz,76,4.985075,success
2026-05-31T13:17:17,Asia,aze.archive.ubuntu.com,HTTP,http://aze.archive.ubuntu.com/ubuntu/ls-lR.gz,76,3.888517,success
2026-05-31T13:17:21,Asia,aze.archive.ubuntu.com,HTTPS,https://aze.archive.ubuntu.com/ubuntu/ls-lR.gz,76,4.101443,success
2026-05-31T13:17:43,USA,ftp.osuosl.org,FTP,ftp://ftp.osuosl.org/pub/ubuntu/ls-lR.gz,212,18.228000,success
2026-05-31T13:18:37,USA,ftp.osuosl.org,HTTP,http://ftp.osuosl.org/pub/ubuntu/ls-lR.gz,212,54.049284,success
2026-05-31T13:19:28,USA,ftp.osuosl.org,HTTPS,https://ftp.osuosl.org/pub/ubuntu/ls-lR.gz,212,51.087669,success
2026-05-31T13:29:41,Germany,mirror.netcologne.de,FTP,ftp://mirror.netcologne.de/ubuntu/ls-lR.gz,76,9.449143,success
2026-05-31T13:29:50,Germany,mirror.netcologne.de,HTTP,http://mirror.netcologne.de/ubuntu/ls-lR.gz,76,9.323149,success
2026-05-31T13:30:00,Germany,mirror.netcologne.de,HTTPS,https://mirror.netcologne.de/ubuntu/ls-lR.gz,76,9.106226,success
2026-05-31T13:30:11,Asia,aze.archive.ubuntu.com,FTP,ftp://aze.archive.ubuntu.com/ubuntu/ls-lR.gz,152,7.668114,success
2026-05-31T13:30:16,Asia,aze.archive.ubuntu.com,HTTP,http://aze.archive.ubuntu.com/ubuntu/ls-lR.gz,152,5.271936,success
2026-05-31T13:30:22,Asia,aze.archive.ubuntu.com,HTTPS,https://aze.archive.ubuntu.com/ubuntu/ls-lR.gz,152,5.600421,success
2026-05-31T13:30:43,USA,ftp.osuosl.org,FTP,ftp://ftp.osuosl.org/pub/ubuntu/ls-lR.gz,138,18.271458,success
2026-05-31T13:31:02,USA,ftp.osuosl.org,HTTP,http://ftp.osuosl.org/pub/ubuntu/ls-lR.gz,138,18.620295,success
2026-05-31T13:31:14,USA,ftp.osuosl.org,HTTPS,https://ftp.osuosl.org/pub/ubuntu/ls-lR.gz,138,12.384748,success
2026-05-31T13:41:26,Germany,mirror.netcologne.de,FTP,ftp://mirror.netcologne.de/ubuntu/ls-lR.gz,70,8.703260,success
2026-05-31T13:41:34,Germany,mirror.netcologne.de,HTTP,http://mirror.netcologne.de/ubuntu/ls-lR.gz,70,8.111111,success
2026-05-31T13:41:44,Germany,mirror.netcologne.de,HTTPS,https://mirror.netcologne.de/ubuntu/ls-lR.gz,70,9.634863,success
2026-05-31T13:41:54,Asia,aze.archive.ubuntu.com,FTP,ftp://aze.archive.ubuntu.com/ubuntu/ls-lR.gz,148,6.516707,success
2026-05-31T13:42:00,Asia,aze.archive.ubuntu.com,HTTP,http://aze.archive.ubuntu.com/ubuntu/ls-lR.gz,148,5.776533,success
2026-05-31T13:42:07,Asia,aze.archive.ubuntu.com,HTTPS,https://aze.archive.ubuntu.com/ubuntu/ls-lR.gz,148,6.921287,success
2026-05-31T13:42:27,USA,ftp.osuosl.org,FTP,ftp://ftp.osuosl.org/pub/ubuntu/ls-lR.gz,157,16.717207,success
2026-05-31T13:42:41,USA,ftp.osuosl.org,HTTP,http://ftp.osuosl.org/pub/ubuntu/ls-lR.gz,157,13.303695,success
2026-05-31T13:42:53,USA,ftp.osuosl.org,HTTPS,https://ftp.osuosl.org/pub/ubuntu/ls-lR.gz,157,12.437752,success
2026-05-31T13:53:04,Germany,mirror.netcologne.de,FTP,ftp://mirror.netcologne.de/ubuntu/ls-lR.gz,71,7.470089,success
2026-05-31T13:53:13,Germany,mirror.netcologne.de,HTTP,http://mirror.netcologne.de/ubuntu/ls-lR.gz,71,8.782851,success
2026-05-31T13:53:21,Germany,mirror.netcologne.de,HTTPS,https://mirror.netcologne.de/ubuntu/ls-lR.gz,71,8.592950,success
2026-05-31T13:53:31,Asia,aze.archive.ubuntu.com,FTP,ftp://aze.archive.ubuntu.com/ubuntu/ls-lR.gz,102,6.686268,success
2026-05-31T13:53:36,Asia,aze.archive.ubuntu.com,HTTP,http://aze.archive.ubuntu.com/ubuntu/ls-lR.gz,102,4.318725,success
2026-05-31T13:53:40,Asia,aze.archive.ubuntu.com,HTTPS,https://aze.archive.ubuntu.com/ubuntu/ls-lR.gz,102,4.227133,success
2026-05-31T13:54:02,USA,ftp.osuosl.org,FTP,ftp://ftp.osuosl.org/pub/ubuntu/ls-lR.gz,156,17.994011,success
2026-05-31T13:54:16,USA,ftp.osuosl.org,HTTP,http://ftp.osuosl.org/pub/ubuntu/ls-lR.gz,156,14.684941,success
2026-05-31T13:54:33,USA,ftp.osuosl.org,HTTPS,https://ftp.osuosl.org/pub/ubuntu/ls-lR.gz,156,17.048789,success
2026-05-31T14:04:45,Germany,mirror.netcologne.de,FTP,ftp://mirror.netcologne.de/ubuntu/ls-lR.gz,69,8.285729,success
2026-05-31T14:04:53,Germany,mirror.netcologne.de,HTTP,http://mirror.netcologne.de/ubuntu/ls-lR.gz,69,7.976184,success
2026-05-31T14:05:01,Germany,mirror.netcologne.de,HTTPS,https://mirror.netcologne.de/ubuntu/ls-lR.gz,69,8.166626,success
2026-05-31T14:05:10,Asia,aze.archive.ubuntu.com,FTP,ftp://aze.archive.ubuntu.com/ubuntu/ls-lR.gz,79,5.490343,success
2026-05-31T14:05:14,Asia,aze.archive.ubuntu.com,HTTP,http://aze.archive.ubuntu.com/ubuntu/ls-lR.gz,79,4.084822,success
2026-05-31T14:05:19,Asia,aze.archive.ubuntu.com,HTTPS,https://aze.archive.ubuntu.com/ubuntu/ls-lR.gz,79,4.722868,success
2026-05-31T14:05:39,USA,ftp.osuosl.org,FTP,ftp://ftp.osuosl.org/pub/ubuntu/ls-lR.gz,136,16.452360,success
2026-05-31T14:05:56,USA,ftp.osuosl.org,HTTP,http://ftp.osuosl.org/pub/ubuntu/ls-lR.gz,136,17.450757,success
2026-05-31T14:06:07,USA,ftp.osuosl.org,HTTPS,https://ftp.osuosl.org/pub/ubuntu/ls-lR.gz,136,10.427309,success
2026-05-31T14:16:18,Germany,mirror.netcologne.de,FTP,ftp://mirror.netcologne.de/ubuntu/ls-lR.gz,77,8.068017,success
2026-05-31T14:16:26,Germany,mirror.netcologne.de,HTTP,http://mirror.netcologne.de/ubuntu/ls-lR.gz,77,7.955359,success
2026-05-31T14:16:34,Germany,mirror.netcologne.de,HTTPS,https://mirror.netcologne.de/ubuntu/ls-lR.gz,77,7.472654,success
2026-05-31T14:16:42,Asia,aze.archive.ubuntu.com,FTP,ftp://aze.archive.ubuntu.com/ubuntu/ls-lR.gz,76,4.617307,success
2026-05-31T14:16:46,Asia,aze.archive.ubuntu.com,HTTP,http://aze.archive.ubuntu.com/ubuntu/ls-lR.gz,76,3.987662,success
2026-05-31T14:16:50,Asia,aze.archive.ubuntu.com,HTTPS,https://aze.archive.ubuntu.com/ubuntu/ls-lR.gz,76,4.184081,success
2026-05-31T14:17:30,USA,ftp.osuosl.org,FTP,ftp://ftp.osuosl.org/pub/ubuntu/ls-lR.gz,217,36.074031,success
2026-05-31T14:17:50,USA,ftp.osuosl.org,HTTP,http://ftp.osuosl.org/pub/ubuntu/ls-lR.gz,217,20.562188,success
2026-05-31T14:18:13,USA,ftp.osuosl.org,HTTPS,https://ftp.osuosl.org/pub/ubuntu/ls-lR.gz,217,22.212293,success
2026-05-31T14:28:25,Germany,mirror.netcologne.de,FTP,ftp://mirror.netcologne.de/ubuntu/ls-lR.gz,69,9.448188,success
2026-05-31T14:28:33,Germany,mirror.netcologne.de,HTTP,http://mirror.netcologne.de/ubuntu/ls-lR.gz,69,7.972403,success
2026-05-31T14:28:42,Germany,mirror.netcologne.de,HTTPS,https://mirror.netcologne.de/ubuntu/ls-lR.gz,69,8.108056,success
2026-05-31T14:28:52,Asia,aze.archive.ubuntu.com,FTP,ftp://aze.archive.ubuntu.com/ubuntu/ls-lR.gz,145,6.578979,success
2026-05-31T14:28:57,Asia,aze.archive.ubuntu.com,HTTP,http://aze.archive.ubuntu.com/ubuntu/ls-lR.gz,145,5.401032,success
2026-05-31T14:29:03,Asia,aze.archive.ubuntu.com,HTTPS,https://aze.archive.ubuntu.com/ubuntu/ls-lR.gz,145,5.677337,success
2026-05-31T14:29:23,USA,ftp.osuosl.org,FTP,ftp://ftp.osuosl.org/pub/ubuntu/ls-lR.gz,136,17.245428,success
2026-05-31T14:29:37,USA,ftp.osuosl.org,HTTP,http://ftp.osuosl.org/pub/ubuntu/ls-lR.gz,136,13.583296,success
2026-05-31T14:29:52,USA,ftp.osuosl.org,HTTPS,https://ftp.osuosl.org/pub/ubuntu/ls-lR.gz,136,15.216742,success
2026-05-31T14:40:04,Germany,mirror.netcologne.de,FTP,ftp://mirror.netcologne.de/ubuntu/ls-lR.gz,69,8.314396,success
2026-05-31T14:40:12,Germany,mirror.netcologne.de,HTTP,http://mirror.netcologne.de/ubuntu/ls-lR.gz,69,7.944543,success
2026-05-31T14:40:19,Germany,mirror.netcologne.de,HTTPS,https://mirror.netcologne.de/ubuntu/ls-lR.gz,69,7.489439,success
2026-05-31T14:40:28,Asia,aze.archive.ubuntu.com,FTP,ftp://aze.archive.ubuntu.com/ubuntu/ls-lR.gz,101,5.149124,success
2026-05-31T14:40:32,Asia,aze.archive.ubuntu.com,HTTP,http://aze.archive.ubuntu.com/ubuntu/ls-lR.gz,101,4.508716,success
2026-05-31T14:40:37,Asia,aze.archive.ubuntu.com,HTTPS,https://aze.archive.ubuntu.com/ubuntu/ls-lR.gz,101,4.724164,success
2026-05-31T14:41:20,USA,ftp.osuosl.org,FTP,ftp://ftp.osuosl.org/pub/ubuntu/ls-lR.gz,210,38.837676,success
2026-05-31T14:41:45,USA,ftp.osuosl.org,HTTP,http://ftp.osuosl.org/pub/ubuntu/ls-lR.gz,210,25.543790,success
2026-05-31T14:42:02,USA,ftp.osuosl.org,HTTPS,https://ftp.osuosl.org/pub/ubuntu/ls-lR.gz,210,16.479393,success
2026-05-31T14:52:13,Germany,mirror.netcologne.de,FTP,ftp://mirror.netcologne.de/ubuntu/ls-lR.gz,69,8.445142,success
2026-05-31T14:52:22,Germany,mirror.netcologne.de,HTTP,http://mirror.netcologne.de/ubuntu/ls-lR.gz,69,8.801170,success
2026-05-31T14:52:29,Germany,mirror.netcologne.de,HTTPS,https://mirror.netcologne.de/ubuntu/ls-lR.gz,69,7.191238,success
2026-05-31T14:52:41,Asia,aze.archive.ubuntu.com,FTP,ftp://aze.archive.ubuntu.com/ubuntu/ls-lR.gz,147,7.828482,success
2026-05-31T14:52:46,Asia,aze.archive.ubuntu.com,HTTP,http://aze.archive.ubuntu.com/ubuntu/ls-lR.gz,147,5.469135,success
2026-05-31T14:52:52,Asia,aze.archive.ubuntu.com,HTTPS,https://aze.archive.ubuntu.com/ubuntu/ls-lR.gz,147,5.714437,success
2026-05-31T14:53:15,USA,ftp.osuosl.org,FTP,ftp://ftp.osuosl.org/pub/ubuntu/ls-lR.gz,211,19.168672,success
2026-05-31T14:53:38,USA,ftp.osuosl.org,HTTP,http://ftp.osuosl.org/pub/ubuntu/ls-lR.gz,211,23.808037,success
2026-05-31T14:54:04,USA,ftp.osuosl.org,HTTPS,https://ftp.osuosl.org/pub/ubuntu/ls-lR.gz,211,25.505086,success
2026-05-31T15:04:17,Germany,mirror.netcologne.de,FTP,ftp://mirror.netcologne.de/ubuntu/ls-lR.gz,69,9.208339,success
2026-05-31T15:04:23,Germany,mirror.netcologne.de,HTTP,http://mirror.netcologne.de/ubuntu/ls-lR.gz,69,6.775823,success
2026-05-31T15:04:32,Germany,mirror.netcologne.de,HTTPS,https://mirror.netcologne.de/ubuntu/ls-lR.gz,69,8.386586,success
2026-05-31T15:04:42,Asia,aze.archive.ubuntu.com,FTP,ftp://aze.archive.ubuntu.com/ubuntu/ls-lR.gz,145,7.022785,success
2026-05-31T15:04:49,Asia,aze.archive.ubuntu.com,HTTP,http://aze.archive.ubuntu.com/ubuntu/ls-lR.gz,145,6.272938,success
2026-05-31T15:04:54,Asia,aze.archive.ubuntu.com,HTTPS,https://aze.archive.ubuntu.com/ubuntu/ls-lR.gz,145,5.837219,success
2026-05-31T15:05:15,USA,ftp.osuosl.org,FTP,ftp://ftp.osuosl.org/pub/ubuntu/ls-lR.gz,136,17.122131,success
2026-05-31T15:05:27,USA,ftp.osuosl.org,HTTP,http://ftp.osuosl.org/pub/ubuntu/ls-lR.gz,136,11.817428,success
2026-05-31T15:05:40,USA,ftp.osuosl.org,HTTPS,https://ftp.osuosl.org/pub/ubuntu/ls-lR.gz,136,12.563640,success
2026-05-31T15:15:51,Germany,mirror.netcologne.de,FTP,ftp://mirror.netcologne.de/ubuntu/ls-lR.gz,69,8.703477,success
2026-05-31T15:15:59,Germany,mirror.netcologne.de,HTTP,http://mirror.netcologne.de/ubuntu/ls-lR.gz,69,7.785989,success
2026-05-31T15:16:08,Germany,mirror.netcologne.de,HTTPS,https://mirror.netcologne.de/ubuntu/ls-lR.gz,69,8.368106,success
2026-05-31T15:16:19,Asia,aze.archive.ubuntu.com,FTP,ftp://aze.archive.ubuntu.com/ubuntu/ls-lR.gz,198,7.721583,success
2026-05-31T15:16:24,Asia,aze.archive.ubuntu.com,HTTP,http://aze.archive.ubuntu.com/ubuntu/ls-lR.gz,198,5.215753,success
2026-05-31T15:16:30,Asia,aze.archive.ubuntu.com,HTTPS,https://aze.archive.ubuntu.com/ubuntu/ls-lR.gz,198,5.836012,success
2026-05-31T15:16:53,USA,ftp.osuosl.org,FTP,ftp://ftp.osuosl.org/pub/ubuntu/ls-lR.gz,137,19.338731,success
2026-05-31T15:17:07,USA,ftp.osuosl.org,HTTP,http://ftp.osuosl.org/pub/ubuntu/ls-lR.gz,137,14.613497,success
2026-05-31T15:17:19,USA,ftp.osuosl.org,HTTPS,https://ftp.osuosl.org/pub/ubuntu/ls-lR.gz,137,11.361855,success
2026-05-31T15:27:32,Germany,mirror.netcologne.de,FTP,ftp://mirror.netcologne.de/ubuntu/ls-lR.gz,69,9.855610,success
2026-05-31T15:27:39,Germany,mirror.netcologne.de,HTTP,http://mirror.netcologne.de/ubuntu/ls-lR.gz,69,7.489613,success
2026-05-31T15:27:48,Germany,mirror.netcologne.de,HTTPS,https://mirror.netcologne.de/ubuntu/ls-lR.gz,69,8.671866,success
2026-05-31T15:27:58,Asia,aze.archive.ubuntu.com,FTP,ftp://aze.archive.ubuntu.com/ubuntu/ls-lR.gz,79,7.004885,success
2026-05-31T15:28:03,Asia,aze.archive.ubuntu.com,HTTP,http://aze.archive.ubuntu.com/ubuntu/ls-lR.gz,79,4.179170,success
2026-05-31T15:28:07,Asia,aze.archive.ubuntu.com,HTTPS,https://aze.archive.ubuntu.com/ubuntu/ls-lR.gz,79,4.590258,success
2026-05-31T15:28:30,USA,ftp.osuosl.org,FTP,ftp://ftp.osuosl.org/pub/ubuntu/ls-lR.gz,136,19.496326,success
2026-05-31T15:28:44,USA,ftp.osuosl.org,HTTP,http://ftp.osuosl.org/pub/ubuntu/ls-lR.gz,136,13.909916,success
2026-05-31T15:28:58,USA,ftp.osuosl.org,HTTPS,https://ftp.osuosl.org/pub/ubuntu/ls-lR.gz,136,13.507104,success
2026-05-31T15:39:09,Germany,mirror.netcologne.de,FTP,ftp://mirror.netcologne.de/ubuntu/ls-lR.gz,70,7.964778,success
2026-05-31T15:39:16,Germany,mirror.netcologne.de,HTTP,http://mirror.netcologne.de/ubuntu/ls-lR.gz,70,7.481140,success
2026-05-31T15:39:24,Germany,mirror.netcologne.de,HTTPS,https://mirror.netcologne.de/ubuntu/ls-lR.gz,70,7.190485,success
2026-05-31T15:39:32,Asia,aze.archive.ubuntu.com,FTP,ftp://aze.archive.ubuntu.com/ubuntu/ls-lR.gz,90,4.885030,success
2026-05-31T15:39:36,Asia,aze.archive.ubuntu.com,HTTP,http://aze.archive.ubuntu.com/ubuntu/ls-lR.gz,90,4.297682,success
2026-05-31T15:39:40,Asia,aze.archive.ubuntu.com,HTTPS,https://aze.archive.ubuntu.com/ubuntu/ls-lR.gz,90,4.163150,success
2026-05-31T15:40:03,USA,ftp.osuosl.org,FTP,ftp://ftp.osuosl.org/pub/ubuntu/ls-lR.gz,156,19.301846,success
2026-05-31T15:40:20,USA,ftp.osuosl.org,HTTP,http://ftp.osuosl.org/pub/ubuntu/ls-lR.gz,156,17.106682,success
2026-05-31T15:40:40,USA,ftp.osuosl.org,HTTPS,https://ftp.osuosl.org/pub/ubuntu/ls-lR.gz,156,19.741594,success
2026-05-31T15:50:51,Germany,mirror.netcologne.de,FTP,ftp://mirror.netcologne.de/ubuntu/ls-lR.gz,69,7.700422,success
2026-05-31T15:50:59,Germany,mirror.netcologne.de,HTTP,http://mirror.netcologne.de/ubuntu/ls-lR.gz,69,8.255825,success
2026-05-31T15:51:06,Germany,mirror.netcologne.de,HTTPS,https://mirror.netcologne.de/ubuntu/ls-lR.gz,69,6.941487,success
2026-05-31T15:51:14,Asia,aze.archive.ubuntu.com,FTP,ftp://aze.archive.ubuntu.com/ubuntu/ls-lR.gz,75,4.877739,success
2026-05-31T15:51:19,Asia,aze.archive.ubuntu.com,HTTP,http://aze.archive.ubuntu.com/ubuntu/ls-lR.gz,75,4.266199,success
2026-05-31T15:51:23,Asia,aze.archive.ubuntu.com,HTTPS,https://aze.archive.ubuntu.com/ubuntu/ls-lR.gz,75,4.225845,success
2026-05-31T15:51:42,USA,ftp.osuosl.org,FTP,ftp://ftp.osuosl.org/pub/ubuntu/ls-lR.gz,136,15.339871,success
2026-05-31T15:51:56,USA,ftp.osuosl.org,HTTP,http://ftp.osuosl.org/pub/ubuntu/ls-lR.gz,136,14.774943,success
2026-05-31T15:52:15,USA,ftp.osuosl.org,HTTPS,https://ftp.osuosl.org/pub/ubuntu/ls-lR.gz,136,18.462658,success
2026-05-31T16:02:28,Germany,mirror.netcologne.de,FTP,ftp://mirror.netcologne.de/ubuntu/ls-lR.gz,71,10.139252,success
2026-05-31T16:02:39,Germany,mirror.netcologne.de,HTTP,http://mirror.netcologne.de/ubuntu/ls-lR.gz,71,10.347945,success
2026-05-31T16:02:48,Germany,mirror.netcologne.de,HTTPS,https://mirror.netcologne.de/ubuntu/ls-lR.gz,71,8.921157,success
2026-05-31T16:02:58,Asia,aze.archive.ubuntu.com,FTP,ftp://aze.archive.ubuntu.com/ubuntu/ls-lR.gz,103,7.163859,success
2026-05-31T16:03:03,Asia,aze.archive.ubuntu.com,HTTP,http://aze.archive.ubuntu.com/ubuntu/ls-lR.gz,103,4.338278,success
2026-05-31T16:03:07,Asia,aze.archive.ubuntu.com,HTTPS,https://aze.archive.ubuntu.com/ubuntu/ls-lR.gz,103,4.258404,success
2026-05-31T16:03:28,USA,ftp.osuosl.org,FTP,ftp://ftp.osuosl.org/pub/ubuntu/ls-lR.gz,138,17.557695,success
2026-05-31T16:03:45,USA,ftp.osuosl.org,HTTP,http://ftp.osuosl.org/pub/ubuntu/ls-lR.gz,138,17.281996,success
2026-05-31T16:03:57,USA,ftp.osuosl.org,HTTPS,https://ftp.osuosl.org/pub/ubuntu/ls-lR.gz,138,11.613578,success
2026-05-31T16:14:08,Germany,mirror.netcologne.de,FTP,ftp://mirror.netcologne.de/ubuntu/ls-lR.gz,70,7.727898,success
2026-05-31T16:14:15,Germany,mirror.netcologne.de,HTTP,http://mirror.netcologne.de/ubuntu/ls-lR.gz,70,7.514728,success
2026-05-31T16:14:24,Germany,mirror.netcologne.de,HTTPS,https://mirror.netcologne.de/ubuntu/ls-lR.gz,70,8.747716,success
2026-05-31T16:14:35,Asia,aze.archive.ubuntu.com,FTP,ftp://aze.archive.ubuntu.com/ubuntu/ls-lR.gz,89,7.344009,success
2026-05-31T16:14:39,Asia,aze.archive.ubuntu.com,HTTP,http://aze.archive.ubuntu.com/ubuntu/ls-lR.gz,89,4.314778,success
2026-05-31T16:14:44,Asia,aze.archive.ubuntu.com,HTTPS,https://aze.archive.ubuntu.com/ubuntu/ls-lR.gz,89,4.782241,success
2026-05-31T16:15:44,USA,ftp.osuosl.org,FTP,ftp://ftp.osuosl.org/pub/ubuntu/ls-lR.gz,220,56.264202,success
2026-05-31T16:16:13,USA,ftp.osuosl.org,HTTP,http://ftp.osuosl.org/pub/ubuntu/ls-lR.gz,220,29.246519,success
2026-05-31T16:16:42,USA,ftp.osuosl.org,HTTPS,https://ftp.osuosl.org/pub/ubuntu/ls-lR.gz,220,28.437549,success
2026-05-31T16:26:54,Germany,mirror.netcologne.de,FTP,ftp://mirror.netcologne.de/ubuntu/ls-lR.gz,71,8.817871,success
2026-05-31T16:27:02,Germany,mirror.netcologne.de,HTTP,http://mirror.netcologne.de/ubuntu/ls-lR.gz,71,8.202637,success
2026-05-31T16:27:10,Germany,mirror.netcologne.de,HTTPS,https://mirror.netcologne.de/ubuntu/ls-lR.gz,71,7.710731,success
2026-05-31T16:27:18,Asia,aze.archive.ubuntu.com,FTP,ftp://aze.archive.ubuntu.com/ubuntu/ls-lR.gz,78,4.698114,success
2026-05-31T16:27:22,Asia,aze.archive.ubuntu.com,HTTP,http://aze.archive.ubuntu.com/ubuntu/ls-lR.gz,78,4.624290,success
2026-05-31T16:27:27,Asia,aze.archive.ubuntu.com,HTTPS,https://aze.archive.ubuntu.com/ubuntu/ls-lR.gz,78,4.525036,success
2026-05-31T16:27:52,USA,ftp.osuosl.org,FTP,ftp://ftp.osuosl.org/pub/ubuntu/ls-lR.gz,157,21.938675,success
2026-05-31T16:28:09,USA,ftp.osuosl.org,HTTP,http://ftp.osuosl.org/pub/ubuntu/ls-lR.gz,157,17.061431,success
2026-05-31T16:28:26,USA,ftp.osuosl.org,HTTPS,https://ftp.osuosl.org/pub/ubuntu/ls-lR.gz,157,16.246595,success
2026-05-31T16:38:37,Germany,mirror.netcologne.de,FTP,ftp://mirror.netcologne.de/ubuntu/ls-lR.gz,70,8.392860,success
2026-05-31T16:38:45,Germany,mirror.netcologne.de,HTTP,http://mirror.netcologne.de/ubuntu/ls-lR.gz,70,7.944983,success
2026-05-31T16:38:54,Germany,mirror.netcologne.de,HTTPS,https://mirror.netcologne.de/ubuntu/ls-lR.gz,70,8.402502,success
2026-05-31T16:39:02,Asia,aze.archive.ubuntu.com,FTP,ftp://aze.archive.ubuntu.com/ubuntu/ls-lR.gz,101,4.861823,success
2026-05-31T16:39:07,Asia,aze.archive.ubuntu.com,HTTP,http://aze.archive.ubuntu.com/ubuntu/ls-lR.gz,101,4.579216,success
2026-05-31T16:39:11,Asia,aze.archive.ubuntu.com,HTTPS,https://aze.archive.ubuntu.com/ubuntu/ls-lR.gz,101,4.241501,success
2026-05-31T16:39:38,USA,ftp.osuosl.org,FTP,ftp://ftp.osuosl.org/pub/ubuntu/ls-lR.gz,211,23.508419,success
2026-05-31T16:40:14,USA,ftp.osuosl.org,HTTP,http://ftp.osuosl.org/pub/ubuntu/ls-lR.gz,211,36.478022,success
2026-05-31T16:41:24,USA,ftp.osuosl.org,HTTPS,https://ftp.osuosl.org/pub/ubuntu/ls-lR.gz,211,69.380130,success
2026-05-31T16:51:35,Germany,mirror.netcologne.de,FTP,ftp://mirror.netcologne.de/ubuntu/ls-lR.gz,69,7.956043,success
2026-05-31T16:51:43,Germany,mirror.netcologne.de,HTTP,http://mirror.netcologne.de/ubuntu/ls-lR.gz,69,8.285645,success
2026-05-31T16:51:51,Germany,mirror.netcologne.de,HTTPS,https://mirror.netcologne.de/ubuntu/ls-lR.gz,69,7.813356,success
2026-05-31T16:52:02,Asia,aze.archive.ubuntu.com,FTP,ftp://aze.archive.ubuntu.com/ubuntu/ls-lR.gz,148,6.744505,success
2026-05-31T16:52:07,Asia,aze.archive.ubuntu.com,HTTP,http://aze.archive.ubuntu.com/ubuntu/ls-lR.gz,148,5.686498,success
2026-05-31T16:52:13,Asia,aze.archive.ubuntu.com,HTTPS,https://aze.archive.ubuntu.com/ubuntu/ls-lR.gz,148,5.905633,success
2026-05-31T16:52:36,USA,ftp.osuosl.org,FTP,ftp://ftp.osuosl.org/pub/ubuntu/ls-lR.gz,156,19.444635,success
2026-05-31T16:52:55,USA,ftp.osuosl.org,HTTP,http://ftp.osuosl.org/pub/ubuntu/ls-lR.gz,156,18.717301,success
2026-05-31T16:53:13,USA,ftp.osuosl.org,HTTPS,https://ftp.osuosl.org/pub/ubuntu/ls-lR.gz,156,17.876529,success
2026-05-31T17:03:25,Germany,mirror.netcologne.de,FTP,ftp://mirror.netcologne.de/ubuntu/ls-lR.gz,69,9.090197,success
2026-05-31T17:03:33,Germany,mirror.netcologne.de,HTTP,http://mirror.netcologne.de/ubuntu/ls-lR.gz,69,7.826199,success
2026-05-31T17:03:40,Germany,mirror.netcologne.de,HTTPS,https://mirror.netcologne.de/ubuntu/ls-lR.gz,69,7.045629,success
2026-05-31T17:03:49,Asia,aze.archive.ubuntu.com,FTP,ftp://aze.archive.ubuntu.com/ubuntu/ls-lR.gz,147,5.177061,success
2026-05-31T17:03:55,Asia,aze.archive.ubuntu.com,HTTP,http://aze.archive.ubuntu.com/ubuntu/ls-lR.gz,147,6.107869,success
2026-05-31T17:04:01,Asia,aze.archive.ubuntu.com,HTTPS,https://aze.archive.ubuntu.com/ubuntu/ls-lR.gz,147,6.038030,success
2026-05-31T17:04:27,USA,ftp.osuosl.org,FTP,ftp://ftp.osuosl.org/pub/ubuntu/ls-lR.gz,211,21.959199,success
2026-05-31T17:04:51,USA,ftp.osuosl.org,HTTP,http://ftp.osuosl.org/pub/ubuntu/ls-lR.gz,211,24.241168,success
2026-05-31T17:05:15,USA,ftp.osuosl.org,HTTPS,https://ftp.osuosl.org/pub/ubuntu/ls-lR.gz,211,24.513081,success
2026-05-31T17:15:26,Germany,mirror.netcologne.de,FTP,ftp://mirror.netcologne.de/ubuntu/ls-lR.gz,69,7.688840,success
2026-05-31T17:15:34,Germany,mirror.netcologne.de,HTTP,http://mirror.netcologne.de/ubuntu/ls-lR.gz,69,7.917515,success
2026-05-31T17:15:42,Germany,mirror.netcologne.de,HTTPS,https://mirror.netcologne.de/ubuntu/ls-lR.gz,69,7.130606,success
2026-05-31T17:15:52,Asia,aze.archive.ubuntu.com,FTP,ftp://aze.archive.ubuntu.com/ubuntu/ls-lR.gz,147,7.124200,success
2026-05-31T17:15:59,Asia,aze.archive.ubuntu.com,HTTP,http://aze.archive.ubuntu.com/ubuntu/ls-lR.gz,147,6.570590,success
2026-05-31T17:16:05,Asia,aze.archive.ubuntu.com,HTTPS,https://aze.archive.ubuntu.com/ubuntu/ls-lR.gz,147,5.881677,success
2026-05-31T17:16:27,USA,ftp.osuosl.org,FTP,ftp://ftp.osuosl.org/pub/ubuntu/ls-lR.gz,211,18.109466,success
2026-05-31T17:16:52,USA,ftp.osuosl.org,HTTP,http://ftp.osuosl.org/pub/ubuntu/ls-lR.gz,211,25.862534,success
2026-05-31T17:17:12,USA,ftp.osuosl.org,HTTPS,https://ftp.osuosl.org/pub/ubuntu/ls-lR.gz,211,19.254518,success
2026-05-31T17:27:24,Germany,mirror.netcologne.de,FTP,ftp://mirror.netcologne.de/ubuntu/ls-lR.gz,69,8.706794,success
2026-05-31T17:27:30,Germany,mirror.netcologne.de,HTTP,http://mirror.netcologne.de/ubuntu/ls-lR.gz,69,6.155318,success
2026-05-31T17:27:37,Germany,mirror.netcologne.de,HTTPS,https://mirror.netcologne.de/ubuntu/ls-lR.gz,69,7.187995,success
2026-05-31T17:27:47,Asia,aze.archive.ubuntu.com,FTP,ftp://aze.archive.ubuntu.com/ubuntu/ls-lR.gz,102,6.105208,success
2026-05-31T17:27:52,Asia,aze.archive.ubuntu.com,HTTP,http://aze.archive.ubuntu.com/ubuntu/ls-lR.gz,102,4.920927,success
2026-05-31T17:27:56,Asia,aze.archive.ubuntu.com,HTTPS,https://aze.archive.ubuntu.com/ubuntu/ls-lR.gz,102,4.848262,success
2026-05-31T17:28:14,USA,ftp.osuosl.org,FTP,ftp://ftp.osuosl.org/pub/ubuntu/ls-lR.gz,166,13.500305,success
2026-05-31T17:28:33,USA,ftp.osuosl.org,HTTP,http://ftp.osuosl.org/pub/ubuntu/ls-lR.gz,166,19.788217,success
2026-05-31T17:28:49,USA,ftp.osuosl.org,HTTPS,https://ftp.osuosl.org/pub/ubuntu/ls-lR.gz,166,15.577010,success
2026-05-31T17:39:02,Germany,mirror.netcologne.de,FTP,ftp://mirror.netcologne.de/ubuntu/ls-lR.gz,75,9.886112,success
2026-05-31T17:39:11,Germany,mirror.netcologne.de,HTTP,http://mirror.netcologne.de/ubuntu/ls-lR.gz,75,8.458330,success
2026-05-31T17:39:18,Germany,mirror.netcologne.de,HTTPS,https://mirror.netcologne.de/ubuntu/ls-lR.gz,75,7.607247,success
2026-05-31T17:39:28,Asia,aze.archive.ubuntu.com,FTP,ftp://aze.archive.ubuntu.com/ubuntu/ls-lR.gz,151,6.305723,success
2026-05-31T17:39:33,Asia,aze.archive.ubuntu.com,HTTP,http://aze.archive.ubuntu.com/ubuntu/ls-lR.gz,151,5.131576,success
2026-05-31T17:39:41,Asia,aze.archive.ubuntu.com,HTTPS,https://aze.archive.ubuntu.com/ubuntu/ls-lR.gz,151,7.887228,success
2026-05-31T17:40:01,USA,ftp.osuosl.org,FTP,ftp://ftp.osuosl.org/pub/ubuntu/ls-lR.gz,135,16.118536,success
2026-05-31T17:40:16,USA,ftp.osuosl.org,HTTP,http://ftp.osuosl.org/pub/ubuntu/ls-lR.gz,135,15.788382,success
2026-05-31T17:40:27,USA,ftp.osuosl.org,HTTPS,https://ftp.osuosl.org/pub/ubuntu/ls-lR.gz,135,10.439685,success
2026-05-31T17:50:39,Germany,mirror.netcologne.de,FTP,ftp://mirror.netcologne.de/ubuntu/ls-lR.gz,70,8.515247,success
2026-05-31T17:50:46,Germany,mirror.netcologne.de,HTTP,http://mirror.netcologne.de/ubuntu/ls-lR.gz,70,7.369753,success
2026-05-31T17:50:54,Germany,mirror.netcologne.de,HTTPS,https://mirror.netcologne.de/ubuntu/ls-lR.gz,70,7.845738,success
2026-05-31T17:51:03,Asia,aze.archive.ubuntu.com,FTP,ftp://aze.archive.ubuntu.com/ubuntu/ls-lR.gz,88,5.413833,success
2026-05-31T17:51:08,Asia,aze.archive.ubuntu.com,HTTP,http://aze.archive.ubuntu.com/ubuntu/ls-lR.gz,88,4.920283,success
2026-05-31T17:51:12,Asia,aze.archive.ubuntu.com,HTTPS,https://aze.archive.ubuntu.com/ubuntu/ls-lR.gz,88,4.370792,success
2026-05-31T17:51:34,USA,ftp.osuosl.org,FTP,ftp://ftp.osuosl.org/pub/ubuntu/ls-lR.gz,143,17.897753,success
2026-05-31T17:51:51,USA,ftp.osuosl.org,HTTP,http://ftp.osuosl.org/pub/ubuntu/ls-lR.gz,143,17.285343,success
2026-05-31T17:52:08,USA,ftp.osuosl.org,HTTPS,https://ftp.osuosl.org/pub/ubuntu/ls-lR.gz,143,16.927678,success
2026-05-31T18:02:20,Germany,mirror.netcologne.de,FTP,ftp://mirror.netcologne.de/ubuntu/ls-lR.gz,69,8.788510,success
2026-05-31T18:02:27,Germany,mirror.netcologne.de,HTTP,http://mirror.netcologne.de/ubuntu/ls-lR.gz,69,6.729327,success
2026-05-31T18:02:35,Germany,mirror.netcologne.de,HTTPS,https://mirror.netcologne.de/ubuntu/ls-lR.gz,69,8.565055,success
2026-05-31T18:02:44,Asia,aze.archive.ubuntu.com,FTP,ftp://aze.archive.ubuntu.com/ubuntu/ls-lR.gz,78,5.581217,success
2026-05-31T18:02:48,Asia,aze.archive.ubuntu.com,HTTP,http://aze.archive.ubuntu.com/ubuntu/ls-lR.gz,78,4.407458,success
2026-05-31T18:02:53,Asia,aze.archive.ubuntu.com,HTTPS,https://aze.archive.ubuntu.com/ubuntu/ls-lR.gz,78,4.587975,success
2026-05-31T18:03:35,USA,ftp.osuosl.org,FTP,ftp://ftp.osuosl.org/pub/ubuntu/ls-lR.gz,209,38.352725,success
2026-05-31T18:04:30,USA,ftp.osuosl.org,HTTP,http://ftp.osuosl.org/pub/ubuntu/ls-lR.gz,209,54.585169,success
2026-05-31T18:05:12,USA,ftp.osuosl.org,HTTPS,https://ftp.osuosl.org/pub/ubuntu/ls-lR.gz,209,42.426425,success
2026-05-31T18:15:23,Germany,mirror.netcologne.de,FTP,ftp://mirror.netcologne.de/ubuntu/ls-lR.gz,70,7.704932,success
2026-05-31T18:15:32,Germany,mirror.netcologne.de,HTTP,http://mirror.netcologne.de/ubuntu/ls-lR.gz,70,8.603587,success
2026-05-31T18:15:42,Germany,mirror.netcologne.de,HTTPS,https://mirror.netcologne.de/ubuntu/ls-lR.gz,70,9.891230,success
2026-05-31T18:15:54,Asia,aze.archive.ubuntu.com,FTP,ftp://aze.archive.ubuntu.com/ubuntu/ls-lR.gz,148,9.228207,success
2026-05-31T18:16:00,Asia,aze.archive.ubuntu.com,HTTP,http://aze.archive.ubuntu.com/ubuntu/ls-lR.gz,148,5.840190,success
2026-05-31T18:16:06,Asia,aze.archive.ubuntu.com,HTTPS,https://aze.archive.ubuntu.com/ubuntu/ls-lR.gz,148,5.535096,success
2026-05-31T18:16:24,USA,ftp.osuosl.org,FTP,ftp://ftp.osuosl.org/pub/ubuntu/ls-lR.gz,137,14.338744,success
2026-05-31T18:16:38,USA,ftp.osuosl.org,HTTP,http://ftp.osuosl.org/pub/ubuntu/ls-lR.gz,137,14.267606,success
2026-05-31T18:16:53,USA,ftp.osuosl.org,HTTPS,https://ftp.osuosl.org/pub/ubuntu/ls-lR.gz,137,14.563495,success
2026-05-31T18:27:04,Germany,mirror.netcologne.de,FTP,ftp://mirror.netcologne.de/ubuntu/ls-lR.gz,69,8.279632,success
2026-05-31T18:27:12,Germany,mirror.netcologne.de,HTTP,http://mirror.netcologne.de/ubuntu/ls-lR.gz,69,7.615556,success
2026-05-31T18:27:19,Germany,mirror.netcologne.de,HTTPS,https://mirror.netcologne.de/ubuntu/ls-lR.gz,69,7.166153,success
2026-05-31T18:27:30,Asia,aze.archive.ubuntu.com,FTP,ftp://aze.archive.ubuntu.com/ubuntu/ls-lR.gz,90,7.839342,success
2026-05-31T18:27:35,Asia,aze.archive.ubuntu.com,HTTP,http://aze.archive.ubuntu.com/ubuntu/ls-lR.gz,90,4.549665,success
2026-05-31T18:27:39,Asia,aze.archive.ubuntu.com,HTTPS,https://aze.archive.ubuntu.com/ubuntu/ls-lR.gz,90,4.260148,success
2026-05-31T18:27:55,USA,ftp.osuosl.org,FTP,ftp://ftp.osuosl.org/pub/ubuntu/ls-lR.gz,137,13.049050,success
2026-05-31T18:28:13,USA,ftp.osuosl.org,HTTP,http://ftp.osuosl.org/pub/ubuntu/ls-lR.gz,137,17.736483,success
2026-05-31T18:28:25,USA,ftp.osuosl.org,HTTPS,https://ftp.osuosl.org/pub/ubuntu/ls-lR.gz,137,11.891690,success
2026-05-31T18:38:42,Germany,mirror.netcologne.de,FTP,ftp://mirror.netcologne.de/ubuntu/ls-lR.gz,69,13.782114,success
2026-05-31T18:38:51,Germany,mirror.netcologne.de,HTTP,http://mirror.netcologne.de/ubuntu/ls-lR.gz,69,8.337924,success
2026-05-31T18:38:58,Germany,mirror.netcologne.de,HTTPS,https://mirror.netcologne.de/ubuntu/ls-lR.gz,69,7.405585,success
2026-05-31T18:39:06,Asia,aze.archive.ubuntu.com,FTP,ftp://aze.archive.ubuntu.com/ubuntu/ls-lR.gz,89,4.813243,success
2026-05-31T18:39:10,Asia,aze.archive.ubuntu.com,HTTP,http://aze.archive.ubuntu.com/ubuntu/ls-lR.gz,89,4.193352,success
2026-05-31T18:39:15,Asia,aze.archive.ubuntu.com,HTTPS,https://aze.archive.ubuntu.com/ubuntu/ls-lR.gz,89,4.697160,success
2026-05-31T18:39:37,USA,ftp.osuosl.org,FTP,ftp://ftp.osuosl.org/pub/ubuntu/ls-lR.gz,155,18.865492,success
2026-05-31T18:39:49,USA,ftp.osuosl.org,HTTP,http://ftp.osuosl.org/pub/ubuntu/ls-lR.gz,155,11.864538,success
2026-05-31T18:40:01,USA,ftp.osuosl.org,HTTPS,https://ftp.osuosl.org/pub/ubuntu/ls-lR.gz,155,11.217811,success
2026-05-31T18:50:12,Germany,mirror.netcologne.de,FTP,ftp://mirror.netcologne.de/ubuntu/ls-lR.gz,108,8.312365,success
2026-05-31T18:50:21,Germany,mirror.netcologne.de,HTTP,http://mirror.netcologne.de/ubuntu/ls-lR.gz,108,8.582259,success
2026-05-31T18:50:29,Germany,mirror.netcologne.de,HTTPS,https://mirror.netcologne.de/ubuntu/ls-lR.gz,108,7.788987,success
2026-05-31T18:50:46,Asia,aze.archive.ubuntu.com,FTP,ftp://aze.archive.ubuntu.com/ubuntu/ls-lR.gz,90,13.592501,success
2026-05-31T18:50:50,Asia,aze.archive.ubuntu.com,HTTP,http://aze.archive.ubuntu.com/ubuntu/ls-lR.gz,90,4.371403,success
2026-05-31T18:50:54,Asia,aze.archive.ubuntu.com,HTTPS,https://aze.archive.ubuntu.com/ubuntu/ls-lR.gz,90,4.468431,success
2026-05-31T18:51:54,USA,ftp.osuosl.org,FTP,ftp://ftp.osuosl.org/pub/ubuntu/ls-lR.gz,217,55.496686,success
2026-05-31T18:52:17,USA,ftp.osuosl.org,HTTP,http://ftp.osuosl.org/pub/ubuntu/ls-lR.gz,217,22.904624,success
2026-05-31T18:52:38,USA,ftp.osuosl.org,HTTPS,https://ftp.osuosl.org/pub/ubuntu/ls-lR.gz,217,20.982535,success
2026-05-31T19:02:53,Germany,mirror.netcologne.de,FTP,ftp://mirror.netcologne.de/ubuntu/ls-lR.gz,68,11.559674,success
2026-05-31T19:03:02,Germany,mirror.netcologne.de,HTTP,http://mirror.netcologne.de/ubuntu/ls-lR.gz,68,9.556456,success
2026-05-31T19:03:17,Germany,mirror.netcologne.de,HTTPS,https://mirror.netcologne.de/ubuntu/ls-lR.gz,68,14.482110,success
2026-05-31T19:03:40,Asia,aze.archive.ubuntu.com,FTP,ftp://aze.archive.ubuntu.com/ubuntu/ls-lR.gz,161,19.873299,success
2026-05-31T19:03:57,Asia,aze.archive.ubuntu.com,HTTP,http://aze.archive.ubuntu.com/ubuntu/ls-lR.gz,161,16.852634,success
2026-05-31T19:04:10,Asia,aze.archive.ubuntu.com,HTTPS,https://aze.archive.ubuntu.com/ubuntu/ls-lR.gz,161,12.575514,success
2026-05-31T19:04:50,USA,ftp.osuosl.org,FTP,ftp://ftp.osuosl.org/pub/ubuntu/ls-lR.gz,213,36.949274,success
2026-05-31T19:05:18,USA,ftp.osuosl.org,HTTP,http://ftp.osuosl.org/pub/ubuntu/ls-lR.gz,213,28.116287,success
2026-05-31T19:05:38,USA,ftp.osuosl.org,HTTPS,https://ftp.osuosl.org/pub/ubuntu/ls-lR.gz,213,19.587087,success
2026-05-31T19:15:57,Germany,mirror.netcologne.de,FTP,ftp://mirror.netcologne.de/ubuntu/ls-lR.gz,70,15.040091,success
2026-05-31T19:16:10,Germany,mirror.netcologne.de,HTTP,http://mirror.netcologne.de/ubuntu/ls-lR.gz,70,13.660475,success
2026-05-31T19:16:24,Germany,mirror.netcologne.de,HTTPS,https://mirror.netcologne.de/ubuntu/ls-lR.gz,70,13.680013,success
2026-05-31T19:16:40,Asia,aze.archive.ubuntu.com,FTP,ftp://aze.archive.ubuntu.com/ubuntu/ls-lR.gz,79,12.267990,success
2026-05-31T19:16:54,Asia,aze.archive.ubuntu.com,HTTP,http://aze.archive.ubuntu.com/ubuntu/ls-lR.gz,79,14.410205,success
2026-05-31T19:17:05,Asia,aze.archive.ubuntu.com,HTTPS,https://aze.archive.ubuntu.com/ubuntu/ls-lR.gz,79,10.592890,success
2026-05-31T19:17:45,USA,ftp.osuosl.org,FTP,ftp://ftp.osuosl.org/pub/ubuntu/ls-lR.gz,221,36.190989,success
2026-05-31T19:18:10,USA,ftp.osuosl.org,HTTP,http://ftp.osuosl.org/pub/ubuntu/ls-lR.gz,221,25.208438,success
2026-05-31T19:18:35,USA,ftp.osuosl.org,HTTPS,https://ftp.osuosl.org/pub/ubuntu/ls-lR.gz,221,24.924106,success
2026-05-31T19:28:52,Germany,mirror.netcologne.de,FTP,ftp://mirror.netcologne.de/ubuntu/ls-lR.gz,68,13.447857,success
2026-05-31T19:29:03,Germany,mirror.netcologne.de,HTTP,http://mirror.netcologne.de/ubuntu/ls-lR.gz,68,11.075874,success
2026-05-31T19:29:14,Germany,mirror.netcologne.de,HTTPS,https://mirror.netcologne.de/ubuntu/ls-lR.gz,68,11.350219,success
2026-05-31T19:29:26,Asia,aze.archive.ubuntu.com,FTP,ftp://aze.archive.ubuntu.com/ubuntu/ls-lR.gz,89,8.722938,success
2026-05-31T19:29:33,Asia,aze.archive.ubuntu.com,HTTP,http://aze.archive.ubuntu.com/ubuntu/ls-lR.gz,89,6.933892,success
2026-05-31T19:29:41,Asia,aze.archive.ubuntu.com,HTTPS,https://aze.archive.ubuntu.com/ubuntu/ls-lR.gz,89,7.882653,success
2026-05-31T19:30:07,USA,ftp.osuosl.org,FTP,ftp://ftp.osuosl.org/pub/ubuntu/ls-lR.gz,155,22.320111,success
2026-05-31T19:30:23,USA,ftp.osuosl.org,HTTP,http://ftp.osuosl.org/pub/ubuntu/ls-lR.gz,155,15.378403,success
2026-05-31T19:30:44,USA,ftp.osuosl.org,HTTPS,https://ftp.osuosl.org/pub/ubuntu/ls-lR.gz,155,21.427331,success
2026-05-31T19:40:58,Germany,mirror.netcologne.de,FTP,ftp://mirror.netcologne.de/ubuntu/ls-lR.gz,103,10.173302,success
2026-05-31T19:41:06,Germany,mirror.netcologne.de,HTTP,http://mirror.netcologne.de/ubuntu/ls-lR.gz,103,8.480881,success
2026-05-31T19:41:16,Germany,mirror.netcologne.de,HTTPS,https://mirror.netcologne.de/ubuntu/ls-lR.gz,103,9.643448,success
2026-05-31T19:41:30,Asia,aze.archive.ubuntu.com,FTP,ftp://aze.archive.ubuntu.com/ubuntu/ls-lR.gz,224,9.784704,success
2026-05-31T19:41:39,Asia,aze.archive.ubuntu.com,HTTP,http://aze.archive.ubuntu.com/ubuntu/ls-lR.gz,224,9.146709,success
2026-05-31T19:41:47,Asia,aze.archive.ubuntu.com,HTTPS,https://aze.archive.ubuntu.com/ubuntu/ls-lR.gz,224,8.134112,success
2026-05-31T19:42:10,USA,ftp.osuosl.org,FTP,ftp://ftp.osuosl.org/pub/ubuntu/ls-lR.gz,206,19.393193,success
2026-05-31T19:42:26,USA,ftp.osuosl.org,HTTP,http://ftp.osuosl.org/pub/ubuntu/ls-lR.gz,206,15.725179,success
2026-05-31T19:42:38,USA,ftp.osuosl.org,HTTPS,https://ftp.osuosl.org/pub/ubuntu/ls-lR.gz,206,11.985297,success
2026-05-31T19:52:53,Germany,mirror.netcologne.de,FTP,ftp://mirror.netcologne.de/ubuntu/ls-lR.gz,71,11.516698,success
2026-05-31T19:53:02,Germany,mirror.netcologne.de,HTTP,http://mirror.netcologne.de/ubuntu/ls-lR.gz,71,9.398050,success
2026-05-31T19:53:11,Germany,mirror.netcologne.de,HTTPS,https://mirror.netcologne.de/ubuntu/ls-lR.gz,71,8.968736,success
2026-05-31T19:53:24,Asia,aze.archive.ubuntu.com,FTP,ftp://aze.archive.ubuntu.com/ubuntu/ls-lR.gz,155,9.139374,success
2026-05-31T19:53:31,Asia,aze.archive.ubuntu.com,HTTP,http://aze.archive.ubuntu.com/ubuntu/ls-lR.gz,155,7.782748,success
2026-05-31T19:53:40,Asia,aze.archive.ubuntu.com,HTTPS,https://aze.archive.ubuntu.com/ubuntu/ls-lR.gz,155,8.499934,success
2026-05-31T19:54:06,USA,ftp.osuosl.org,FTP,ftp://ftp.osuosl.org/pub/ubuntu/ls-lR.gz,213,22.044616,success
2026-05-31T19:54:23,USA,ftp.osuosl.org,HTTP,http://ftp.osuosl.org/pub/ubuntu/ls-lR.gz,213,17.541597,success
2026-05-31T19:54:44,USA,ftp.osuosl.org,HTTPS,https://ftp.osuosl.org/pub/ubuntu/ls-lR.gz,213,20.598402,success
2026-05-31T20:05:02,Germany,mirror.netcologne.de,FTP,ftp://mirror.netcologne.de/ubuntu/ls-lR.gz,76,14.724103,success
2026-05-31T20:05:14,Germany,mirror.netcologne.de,HTTP,http://mirror.netcologne.de/ubuntu/ls-lR.gz,76,12.057465,success
2026-05-31T20:05:26,Germany,mirror.netcologne.de,HTTPS,https://mirror.netcologne.de/ubuntu/ls-lR.gz,76,11.527492,success
2026-05-31T20:05:39,Asia,aze.archive.ubuntu.com,FTP,ftp://aze.archive.ubuntu.com/ubuntu/ls-lR.gz,148,10.210860,success
2026-05-31T20:05:54,Asia,aze.archive.ubuntu.com,HTTP,http://aze.archive.ubuntu.com/ubuntu/ls-lR.gz,148,14.069274,success
2026-05-31T20:06:04,Asia,aze.archive.ubuntu.com,HTTPS,https://aze.archive.ubuntu.com/ubuntu/ls-lR.gz,148,10.540894,success
2026-05-31T20:07:08,USA,ftp.osuosl.org,FTP,ftp://ftp.osuosl.org/pub/ubuntu/ls-lR.gz,249,59.696442,success
2026-05-31T20:07:32,USA,ftp.osuosl.org,HTTP,http://ftp.osuosl.org/pub/ubuntu/ls-lR.gz,249,23.853551,success
2026-05-31T20:08:02,USA,ftp.osuosl.org,HTTPS,https://ftp.osuosl.org/pub/ubuntu/ls-lR.gz,249,30.274997,success
2026-05-31T20:18:14,Germany,mirror.netcologne.de,FTP,ftp://mirror.netcologne.de/ubuntu/ls-lR.gz,69,9.103630,success
2026-05-31T20:18:23,Germany,mirror.netcologne.de,HTTP,http://mirror.netcologne.de/ubuntu/ls-lR.gz,69,9.021262,success
2026-05-31T20:18:34,Germany,mirror.netcologne.de,HTTPS,https://mirror.netcologne.de/ubuntu/ls-lR.gz,69,11.169349,success
2026-05-31T20:18:45,Asia,aze.archive.ubuntu.com,FTP,ftp://aze.archive.ubuntu.com/ubuntu/ls-lR.gz,72,7.576077,success
2026-05-31T20:18:52,Asia,aze.archive.ubuntu.com,HTTP,http://aze.archive.ubuntu.com/ubuntu/ls-lR.gz,72,6.367953,success
2026-05-31T20:19:00,Asia,aze.archive.ubuntu.com,HTTPS,https://aze.archive.ubuntu.com/ubuntu/ls-lR.gz,72,8.177629,success
2026-05-31T20:19:21,USA,ftp.osuosl.org,FTP,ftp://ftp.osuosl.org/pub/ubuntu/ls-lR.gz,135,17.956900,success
2026-05-31T20:19:34,USA,ftp.osuosl.org,HTTP,http://ftp.osuosl.org/pub/ubuntu/ls-lR.gz,135,12.930123,success
2026-05-31T20:19:48,USA,ftp.osuosl.org,HTTPS,https://ftp.osuosl.org/pub/ubuntu/ls-lR.gz,135,13.701888,success
2026-05-31T20:30:01,Germany,mirror.netcologne.de,FTP,ftp://mirror.netcologne.de/ubuntu/ls-lR.gz,73,10.145530,success
2026-05-31T20:30:12,Germany,mirror.netcologne.de,HTTP,http://mirror.netcologne.de/ubuntu/ls-lR.gz,73,10.569886,success
2026-05-31T20:30:24,Germany,mirror.netcologne.de,HTTPS,https://mirror.netcologne.de/ubuntu/ls-lR.gz,73,11.457683,success
2026-05-31T20:30:33,Asia,aze.archive.ubuntu.com,FTP,ftp://aze.archive.ubuntu.com/ubuntu/ls-lR.gz,75,6.367659,success
2026-05-31T20:30:38,Asia,aze.archive.ubuntu.com,HTTP,http://aze.archive.ubuntu.com/ubuntu/ls-lR.gz,75,5.053823,success
2026-05-31T20:30:44,Asia,aze.archive.ubuntu.com,HTTPS,https://aze.archive.ubuntu.com/ubuntu/ls-lR.gz,75,5.159461,success
2026-05-31T20:31:04,USA,ftp.osuosl.org,FTP,ftp://ftp.osuosl.org/pub/ubuntu/ls-lR.gz,168,16.824947,success
2026-05-31T20:31:23,USA,ftp.osuosl.org,HTTP,http://ftp.osuosl.org/pub/ubuntu/ls-lR.gz,168,18.676078,success
2026-05-31T20:31:33,USA,ftp.osuosl.org,HTTPS,https://ftp.osuosl.org/pub/ubuntu/ls-lR.gz,168,10.180721,success
2026-05-31T20:41:47,Germany,mirror.netcologne.de,FTP,ftp://mirror.netcologne.de/ubuntu/ls-lR.gz,71,11.238704,success
2026-05-31T20:41:57,Germany,mirror.netcologne.de,HTTP,http://mirror.netcologne.de/ubuntu/ls-lR.gz,71,9.519713,success
2026-05-31T20:42:08,Germany,mirror.netcologne.de,HTTPS,https://mirror.netcologne.de/ubuntu/ls-lR.gz,71,10.754055,success
2026-05-31T20:42:19,Asia,aze.archive.ubuntu.com,FTP,ftp://aze.archive.ubuntu.com/ubuntu/ls-lR.gz,85,7.663363,success
2026-05-31T20:42:26,Asia,aze.archive.ubuntu.com,HTTP,http://aze.archive.ubuntu.com/ubuntu/ls-lR.gz,85,6.626989,success
2026-05-31T20:42:32,Asia,aze.archive.ubuntu.com,HTTPS,https://aze.archive.ubuntu.com/ubuntu/ls-lR.gz,85,6.502365,success
2026-05-31T20:42:55,USA,ftp.osuosl.org,FTP,ftp://ftp.osuosl.org/pub/ubuntu/ls-lR.gz,223,19.332831,success
2026-05-31T20:43:05,USA,ftp.osuosl.org,HTTP,http://ftp.osuosl.org/pub/ubuntu/ls-lR.gz,223,10.078531,success
2026-05-31T20:43:19,USA,ftp.osuosl.org,HTTPS,https://ftp.osuosl.org/pub/ubuntu/ls-lR.gz,223,13.902995,success
2026-05-31T20:53:33,Germany,mirror.netcologne.de,FTP,ftp://mirror.netcologne.de/ubuntu/ls-lR.gz,71,10.748894,success
2026-05-31T20:53:44,Germany,mirror.netcologne.de,HTTP,http://mirror.netcologne.de/ubuntu/ls-lR.gz,71,10.798616,success
2026-05-31T20:53:53,Germany,mirror.netcologne.de,HTTPS,https://mirror.netcologne.de/ubuntu/ls-lR.gz,71,9.223689,success
2026-05-31T20:54:04,Asia,aze.archive.ubuntu.com,FTP,ftp://aze.archive.ubuntu.com/ubuntu/ls-lR.gz,77,7.617155,success
2026-05-31T20:54:13,Asia,aze.archive.ubuntu.com,HTTP,http://aze.archive.ubuntu.com/ubuntu/ls-lR.gz,77,8.643345,success
2026-05-31T20:54:25,Asia,aze.archive.ubuntu.com,HTTPS,https://aze.archive.ubuntu.com/ubuntu/ls-lR.gz,77,12.025892,success
2026-05-31T20:54:46,USA,ftp.osuosl.org,FTP,ftp://ftp.osuosl.org/pub/ubuntu/ls-lR.gz,168,17.617611,success
2026-05-31T20:54:59,USA,ftp.osuosl.org,HTTP,http://ftp.osuosl.org/pub/ubuntu/ls-lR.gz,168,12.733345,success
2026-05-31T20:55:13,USA,ftp.osuosl.org,HTTPS,https://ftp.osuosl.org/pub/ubuntu/ls-lR.gz,168,14.274831,success
2026-05-31T21:05:24,Germany,mirror.netcologne.de,FTP,ftp://mirror.netcologne.de/ubuntu/ls-lR.gz,68,7.553725,success
2026-05-31T21:05:31,Germany,mirror.netcologne.de,HTTP,http://mirror.netcologne.de/ubuntu/ls-lR.gz,68,7.314115,success
2026-05-31T21:05:39,Germany,mirror.netcologne.de,HTTPS,https://mirror.netcologne.de/ubuntu/ls-lR.gz,68,7.922260,success
2026-05-31T21:05:50,Asia,aze.archive.ubuntu.com,FTP,ftp://aze.archive.ubuntu.com/ubuntu/ls-lR.gz,88,7.175687,success
2026-05-31T21:05:54,Asia,aze.archive.ubuntu.com,HTTP,http://aze.archive.ubuntu.com/ubuntu/ls-lR.gz,88,4.384234,success
2026-05-31T21:05:59,Asia,aze.archive.ubuntu.com,HTTPS,https://aze.archive.ubuntu.com/ubuntu/ls-lR.gz,88,5.234070,success
2026-05-31T21:06:23,USA,ftp.osuosl.org,FTP,ftp://ftp.osuosl.org/pub/ubuntu/ls-lR.gz,155,19.825058,success
2026-05-31T21:06:43,USA,ftp.osuosl.org,HTTP,http://ftp.osuosl.org/pub/ubuntu/ls-lR.gz,155,19.832488,success
2026-05-31T21:06:59,USA,ftp.osuosl.org,HTTPS,https://ftp.osuosl.org/pub/ubuntu/ls-lR.gz,155,16.462720,success
2026-05-31T21:17:12,Germany,mirror.netcologne.de,FTP,ftp://mirror.netcologne.de/ubuntu/ls-lR.gz,70,9.393410,success
2026-05-31T21:17:21,Germany,mirror.netcologne.de,HTTP,http://mirror.netcologne.de/ubuntu/ls-lR.gz,70,9.647526,success
2026-05-31T21:17:30,Germany,mirror.netcologne.de,HTTPS,https://mirror.netcologne.de/ubuntu/ls-lR.gz,70,8.338251,success
2026-05-31T21:17:41,Asia,aze.archive.ubuntu.com,FTP,ftp://aze.archive.ubuntu.com/ubuntu/ls-lR.gz,149,7.429527,success
2026-05-31T21:17:46,Asia,aze.archive.ubuntu.com,HTTP,http://aze.archive.ubuntu.com/ubuntu/ls-lR.gz,149,5.568270,success
2026-05-31T21:17:52,Asia,aze.archive.ubuntu.com,HTTPS,https://aze.archive.ubuntu.com/ubuntu/ls-lR.gz,149,5.845167,success
2026-05-31T21:18:11,USA,ftp.osuosl.org,FTP,ftp://ftp.osuosl.org/pub/ubuntu/ls-lR.gz,159,15.833794,success
2026-05-31T21:18:31,USA,ftp.osuosl.org,HTTP,http://ftp.osuosl.org/pub/ubuntu/ls-lR.gz,159,19.079516,success
2026-05-31T21:18:45,USA,ftp.osuosl.org,HTTPS,https://ftp.osuosl.org/pub/ubuntu/ls-lR.gz,159,14.138111,success
2026-05-31T21:28:57,Germany,mirror.netcologne.de,FTP,ftp://mirror.netcologne.de/ubuntu/ls-lR.gz,70,8.560067,success
2026-05-31T21:29:05,Germany,mirror.netcologne.de,HTTP,http://mirror.netcologne.de/ubuntu/ls-lR.gz,70,8.264531,success
2026-05-31T21:29:12,Germany,mirror.netcologne.de,HTTPS,https://mirror.netcologne.de/ubuntu/ls-lR.gz,70,7.518492,success
2026-05-31T21:29:21,Asia,aze.archive.ubuntu.com,FTP,ftp://aze.archive.ubuntu.com/ubuntu/ls-lR.gz,89,5.322901,success
2026-05-31T21:29:25,Asia,aze.archive.ubuntu.com,HTTP,http://aze.archive.ubuntu.com/ubuntu/ls-lR.gz,89,4.272878,success
2026-05-31T21:29:29,Asia,aze.archive.ubuntu.com,HTTPS,https://aze.archive.ubuntu.com/ubuntu/ls-lR.gz,89,4.093040,success
2026-05-31T21:29:52,USA,ftp.osuosl.org,FTP,ftp://ftp.osuosl.org/pub/ubuntu/ls-lR.gz,138,19.507115,success
2026-05-31T21:30:04,USA,ftp.osuosl.org,HTTP,http://ftp.osuosl.org/pub/ubuntu/ls-lR.gz,138,11.742257,success
2026-05-31T21:30:22,USA,ftp.osuosl.org,HTTPS,https://ftp.osuosl.org/pub/ubuntu/ls-lR.gz,138,17.513167,success
2026-05-31T21:40:34,Germany,mirror.netcologne.de,FTP,ftp://mirror.netcologne.de/ubuntu/ls-lR.gz,70,8.542473,success
2026-05-31T21:40:42,Germany,mirror.netcologne.de,HTTP,http://mirror.netcologne.de/ubuntu/ls-lR.gz,70,8.081568,success
2026-05-31T21:40:49,Germany,mirror.netcologne.de,HTTPS,https://mirror.netcologne.de/ubuntu/ls-lR.gz,70,7.625105,success
2026-05-31T21:40:59,Asia,aze.archive.ubuntu.com,FTP,ftp://aze.archive.ubuntu.com/ubuntu/ls-lR.gz,147,6.628968,success
2026-05-31T21:41:05,Asia,aze.archive.ubuntu.com,HTTP,http://aze.archive.ubuntu.com/ubuntu/ls-lR.gz,147,5.693300,success
2026-05-31T21:41:11,Asia,aze.archive.ubuntu.com,HTTPS,https://aze.archive.ubuntu.com/ubuntu/ls-lR.gz,147,6.217725,success
2026-05-31T21:41:30,USA,ftp.osuosl.org,FTP,ftp://ftp.osuosl.org/pub/ubuntu/ls-lR.gz,158,15.270979,success
2026-05-31T21:41:44,USA,ftp.osuosl.org,HTTP,http://ftp.osuosl.org/pub/ubuntu/ls-lR.gz,158,14.037553,success
2026-05-31T21:41:59,USA,ftp.osuosl.org,HTTPS,https://ftp.osuosl.org/pub/ubuntu/ls-lR.gz,158,15.264657,success
2026-05-31T21:52:15,Germany,mirror.netcologne.de,FTP,ftp://mirror.netcologne.de/ubuntu/ls-lR.gz,69,12.043302,success
2026-05-31T21:52:22,Germany,mirror.netcologne.de,HTTP,http://mirror.netcologne.de/ubuntu/ls-lR.gz,69,7.276067,success
2026-05-31T21:52:31,Germany,mirror.netcologne.de,HTTPS,https://mirror.netcologne.de/ubuntu/ls-lR.gz,69,9.172512,success
2026-05-31T21:52:40,Asia,aze.archive.ubuntu.com,FTP,ftp://aze.archive.ubuntu.com/ubuntu/ls-lR.gz,127,5.528171,success
2026-05-31T21:52:45,Asia,aze.archive.ubuntu.com,HTTP,http://aze.archive.ubuntu.com/ubuntu/ls-lR.gz,127,4.707837,success
2026-05-31T21:52:50,Asia,aze.archive.ubuntu.com,HTTPS,https://aze.archive.ubuntu.com/ubuntu/ls-lR.gz,127,4.876649,success
2026-05-31T21:53:11,USA,ftp.osuosl.org,FTP,ftp://ftp.osuosl.org/pub/ubuntu/ls-lR.gz,161,17.504812,success
2026-05-31T21:53:22,USA,ftp.osuosl.org,HTTP,http://ftp.osuosl.org/pub/ubuntu/ls-lR.gz,161,10.670777,success
2026-05-31T21:53:42,USA,ftp.osuosl.org,HTTPS,https://ftp.osuosl.org/pub/ubuntu/ls-lR.gz,161,20.737906,success
2026-05-31T22:03:54,Germany,mirror.netcologne.de,FTP,ftp://mirror.netcologne.de/ubuntu/ls-lR.gz,72,7.893093,success
2026-05-31T22:04:02,Germany,mirror.netcologne.de,HTTP,http://mirror.netcologne.de/ubuntu/ls-lR.gz,72,8.378141,success
2026-05-31T22:04:10,Germany,mirror.netcologne.de,HTTPS,https://mirror.netcologne.de/ubuntu/ls-lR.gz,72,8.436634,success
2026-05-31T22:04:21,Asia,aze.archive.ubuntu.com,FTP,ftp://aze.archive.ubuntu.com/ubuntu/ls-lR.gz,102,6.965351,success
2026-05-31T22:04:25,Asia,aze.archive.ubuntu.com,HTTP,http://aze.archive.ubuntu.com/ubuntu/ls-lR.gz,102,4.397521,success
2026-05-31T22:04:30,Asia,aze.archive.ubuntu.com,HTTPS,https://aze.archive.ubuntu.com/ubuntu/ls-lR.gz,102,4.500063,success
2026-05-31T22:04:50,USA,ftp.osuosl.org,FTP,ftp://ftp.osuosl.org/pub/ubuntu/ls-lR.gz,138,16.926989,success
2026-05-31T22:05:04,USA,ftp.osuosl.org,HTTP,http://ftp.osuosl.org/pub/ubuntu/ls-lR.gz,138,13.826423,success
2026-05-31T22:05:22,USA,ftp.osuosl.org,HTTPS,https://ftp.osuosl.org/pub/ubuntu/ls-lR.gz,138,18.127699,success
2026-05-31T22:15:34,Germany,mirror.netcologne.de,FTP,ftp://mirror.netcologne.de/ubuntu/ls-lR.gz,69,8.222957,success
2026-05-31T22:15:41,Germany,mirror.netcologne.de,HTTP,http://mirror.netcologne.de/ubuntu/ls-lR.gz,69,7.253844,success
2026-05-31T22:15:48,Germany,mirror.netcologne.de,HTTPS,https://mirror.netcologne.de/ubuntu/ls-lR.gz,69,7.178951,success
2026-05-31T22:15:59,Asia,aze.archive.ubuntu.com,FTP,ftp://aze.archive.ubuntu.com/ubuntu/ls-lR.gz,101,7.347709,success
2026-05-31T22:16:03,Asia,aze.archive.ubuntu.com,HTTP,http://aze.archive.ubuntu.com/ubuntu/ls-lR.gz,101,4.445258,success
2026-05-31T22:16:08,Asia,aze.archive.ubuntu.com,HTTPS,https://aze.archive.ubuntu.com/ubuntu/ls-lR.gz,101,4.375819,success
2026-05-31T22:16:28,USA,ftp.osuosl.org,FTP,ftp://ftp.osuosl.org/pub/ubuntu/ls-lR.gz,161,16.618415,success
2026-05-31T22:16:49,USA,ftp.osuosl.org,HTTP,http://ftp.osuosl.org/pub/ubuntu/ls-lR.gz,161,21.645422,success
2026-05-31T22:17:01,USA,ftp.osuosl.org,HTTPS,https://ftp.osuosl.org/pub/ubuntu/ls-lR.gz,161,11.502878,success
2026-05-31T22:27:13,Germany,mirror.netcologne.de,FTP,ftp://mirror.netcologne.de/ubuntu/ls-lR.gz,70,8.640203,success
2026-05-31T22:27:23,Germany,mirror.netcologne.de,HTTP,http://mirror.netcologne.de/ubuntu/ls-lR.gz,70,10.436998,success
2026-05-31T22:27:33,Germany,mirror.netcologne.de,HTTPS,https://mirror.netcologne.de/ubuntu/ls-lR.gz,70,10.068213,success
2026-05-31T22:27:44,Asia,aze.archive.ubuntu.com,FTP,ftp://aze.archive.ubuntu.com/ubuntu/ls-lR.gz,129,7.254992,success
2026-05-31T22:27:49,Asia,aze.archive.ubuntu.com,HTTP,http://aze.archive.ubuntu.com/ubuntu/ls-lR.gz,129,4.276930,success
2026-05-31T22:27:53,Asia,aze.archive.ubuntu.com,HTTPS,https://aze.archive.ubuntu.com/ubuntu/ls-lR.gz,129,4.108151,success
2026-05-31T22:28:11,USA,ftp.osuosl.org,FTP,ftp://ftp.osuosl.org/pub/ubuntu/ls-lR.gz,159,15.076317,success
2026-05-31T22:28:25,USA,ftp.osuosl.org,HTTP,http://ftp.osuosl.org/pub/ubuntu/ls-lR.gz,159,13.914452,success
2026-05-31T22:28:43,USA,ftp.osuosl.org,HTTPS,https://ftp.osuosl.org/pub/ubuntu/ls-lR.gz,159,17.757185,success
2026-05-31T22:38:53,Germany,mirror.netcologne.de,FTP,ftp://mirror.netcologne.de/ubuntu/ls-lR.gz,69,7.125637,success
2026-05-31T22:39:02,Germany,mirror.netcologne.de,HTTP,http://mirror.netcologne.de/ubuntu/ls-lR.gz,69,8.811189,success
2026-05-31T22:39:10,Germany,mirror.netcologne.de,HTTPS,https://mirror.netcologne.de/ubuntu/ls-lR.gz,69,7.430723,success
2026-05-31T22:39:21,Asia,aze.archive.ubuntu.com,FTP,ftp://aze.archive.ubuntu.com/ubuntu/ls-lR.gz,147,7.934840,success
2026-05-31T22:39:27,Asia,aze.archive.ubuntu.com,HTTP,http://aze.archive.ubuntu.com/ubuntu/ls-lR.gz,147,5.515976,success
2026-05-31T22:39:33,Asia,aze.archive.ubuntu.com,HTTPS,https://aze.archive.ubuntu.com/ubuntu/ls-lR.gz,147,6.203557,success
2026-05-31T22:39:52,USA,ftp.osuosl.org,FTP,ftp://ftp.osuosl.org/pub/ubuntu/ls-lR.gz,141,15.948576,success
2026-05-31T22:40:08,USA,ftp.osuosl.org,HTTP,http://ftp.osuosl.org/pub/ubuntu/ls-lR.gz,141,16.124905,success
2026-05-31T22:40:27,USA,ftp.osuosl.org,HTTPS,https://ftp.osuosl.org/pub/ubuntu/ls-lR.gz,141,18.228417,success
2026-05-31T22:50:38,Germany,mirror.netcologne.de,FTP,ftp://mirror.netcologne.de/ubuntu/ls-lR.gz,70,8.053053,success
2026-05-31T22:50:52,Germany,mirror.netcologne.de,HTTP,http://mirror.netcologne.de/ubuntu/ls-lR.gz,70,13.734484,success
2026-05-31T22:51:11,Germany,mirror.netcologne.de,HTTPS,https://mirror.netcologne.de/ubuntu/ls-lR.gz,70,18.856204,success
2026-05-31T22:51:22,Asia,aze.archive.ubuntu.com,FTP,ftp://aze.archive.ubuntu.com/ubuntu/ls-lR.gz,392,7.641692,success
2026-05-31T22:51:27,Asia,aze.archive.ubuntu.com,HTTP,http://aze.archive.ubuntu.com/ubuntu/ls-lR.gz,392,5.407141,success
2026-05-31T22:51:34,Asia,aze.archive.ubuntu.com,HTTPS,https://aze.archive.ubuntu.com/ubuntu/ls-lR.gz,392,6.766557,success
2026-05-31T22:52:37,USA,ftp.osuosl.org,FTP,ftp://ftp.osuosl.org/pub/ubuntu/ls-lR.gz,215,59.799775,success
2026-05-31T22:53:18,USA,ftp.osuosl.org,HTTP,http://ftp.osuosl.org/pub/ubuntu/ls-lR.gz,215,40.977610,success
2026-05-31T22:54:09,USA,ftp.osuosl.org,HTTPS,https://ftp.osuosl.org/pub/ubuntu/ls-lR.gz,215,50.379049,success
2026-05-31T23:04:20,Germany,mirror.netcologne.de,FTP,ftp://mirror.netcologne.de/ubuntu/ls-lR.gz,69,8.261253,success
2026-05-31T23:04:27,Germany,mirror.netcologne.de,HTTP,http://mirror.netcologne.de/ubuntu/ls-lR.gz,69,6.838997,success
2026-05-31T23:04:35,Germany,mirror.netcologne.de,HTTPS,https://mirror.netcologne.de/ubuntu/ls-lR.gz,69,8.026714,success
2026-05-31T23:04:46,Asia,aze.archive.ubuntu.com,FTP,ftp://aze.archive.ubuntu.com/ubuntu/ls-lR.gz,148,7.238522,success
2026-05-31T23:04:52,Asia,aze.archive.ubuntu.com,HTTP,http://aze.archive.ubuntu.com/ubuntu/ls-lR.gz,148,6.269499,success
2026-05-31T23:04:59,Asia,aze.archive.ubuntu.com,HTTPS,https://aze.archive.ubuntu.com/ubuntu/ls-lR.gz,148,6.333586,success
2026-05-31T23:05:18,USA,ftp.osuosl.org,FTP,ftp://ftp.osuosl.org/pub/ubuntu/ls-lR.gz,139,16.370396,success
2026-05-31T23:05:32,USA,ftp.osuosl.org,HTTP,http://ftp.osuosl.org/pub/ubuntu/ls-lR.gz,139,13.645288,success
2026-05-31T23:05:46,USA,ftp.osuosl.org,HTTPS,https://ftp.osuosl.org/pub/ubuntu/ls-lR.gz,139,13.530197,success
2026-05-31T23:15:57,Germany,mirror.netcologne.de,FTP,ftp://mirror.netcologne.de/ubuntu/ls-lR.gz,70,8.438829,success
2026-05-31T23:16:06,Germany,mirror.netcologne.de,HTTP,http://mirror.netcologne.de/ubuntu/ls-lR.gz,70,8.497360,success
2026-05-31T23:16:14,Germany,mirror.netcologne.de,HTTPS,https://mirror.netcologne.de/ubuntu/ls-lR.gz,70,7.682035,success
2026-05-31T23:16:22,Asia,aze.archive.ubuntu.com,FTP,ftp://aze.archive.ubuntu.com/ubuntu/ls-lR.gz,119,5.028277,success
2026-05-31T23:16:27,Asia,aze.archive.ubuntu.com,HTTP,http://aze.archive.ubuntu.com/ubuntu/ls-lR.gz,119,4.633889,success
2026-05-31T23:16:31,Asia,aze.archive.ubuntu.com,HTTPS,https://aze.archive.ubuntu.com/ubuntu/ls-lR.gz,119,4.431453,success
2026-05-31T23:16:55,USA,ftp.osuosl.org,FTP,ftp://ftp.osuosl.org/pub/ubuntu/ls-lR.gz,211,20.722264,success
2026-05-31T23:17:16,USA,ftp.osuosl.org,HTTP,http://ftp.osuosl.org/pub/ubuntu/ls-lR.gz,211,20.710532,success
2026-05-31T23:17:41,USA,ftp.osuosl.org,HTTPS,https://ftp.osuosl.org/pub/ubuntu/ls-lR.gz,211,24.693160,success
2026-05-31T23:27:54,Germany,mirror.netcologne.de,FTP,ftp://mirror.netcologne.de/ubuntu/ls-lR.gz,79,10.035115,success
2026-05-31T23:28:03,Germany,mirror.netcologne.de,HTTP,http://mirror.netcologne.de/ubuntu/ls-lR.gz,79,9.219738,success
2026-05-31T23:28:13,Germany,mirror.netcologne.de,HTTPS,https://mirror.netcologne.de/ubuntu/ls-lR.gz,79,9.133221,success
2026-05-31T23:28:21,Asia,aze.archive.ubuntu.com,FTP,ftp://aze.archive.ubuntu.com/ubuntu/ls-lR.gz,73,5.077102,success
2026-05-31T23:28:26,Asia,aze.archive.ubuntu.com,HTTP,http://aze.archive.ubuntu.com/ubuntu/ls-lR.gz,73,4.644417,success
2026-05-31T23:28:30,Asia,aze.archive.ubuntu.com,HTTPS,https://aze.archive.ubuntu.com/ubuntu/ls-lR.gz,73,4.738268,success
2026-05-31T23:28:53,USA,ftp.osuosl.org,FTP,ftp://ftp.osuosl.org/pub/ubuntu/ls-lR.gz,135,18.801451,success
2026-05-31T23:29:04,USA,ftp.osuosl.org,HTTP,http://ftp.osuosl.org/pub/ubuntu/ls-lR.gz,135,11.605076,success
2026-05-31T23:29:22,USA,ftp.osuosl.org,HTTPS,https://ftp.osuosl.org/pub/ubuntu/ls-lR.gz,135,17.844417,success
2026-05-31T23:39:35,Germany,mirror.netcologne.de,FTP,ftp://mirror.netcologne.de/ubuntu/ls-lR.gz,71,9.424593,success
2026-05-31T23:39:42,Germany,mirror.netcologne.de,HTTP,http://mirror.netcologne.de/ubuntu/ls-lR.gz,71,7.203346,success
2026-05-31T23:39:50,Germany,mirror.netcologne.de,HTTPS,https://mirror.netcologne.de/ubuntu/ls-lR.gz,71,7.404899,success
2026-05-31T23:39:58,Asia,aze.archive.ubuntu.com,FTP,ftp://aze.archive.ubuntu.com/ubuntu/ls-lR.gz,89,5.416215,success
2026-05-31T23:40:03,Asia,aze.archive.ubuntu.com,HTTP,http://aze.archive.ubuntu.com/ubuntu/ls-lR.gz,89,4.575224,success
2026-05-31T23:40:08,Asia,aze.archive.ubuntu.com,HTTPS,https://aze.archive.ubuntu.com/ubuntu/ls-lR.gz,89,4.920072,success
2026-05-31T23:40:28,USA,ftp.osuosl.org,FTP,ftp://ftp.osuosl.org/pub/ubuntu/ls-lR.gz,136,16.131511,success
2026-05-31T23:40:41,USA,ftp.osuosl.org,HTTP,http://ftp.osuosl.org/pub/ubuntu/ls-lR.gz,136,13.180433,success
2026-05-31T23:40:55,USA,ftp.osuosl.org,HTTPS,https://ftp.osuosl.org/pub/ubuntu/ls-lR.gz,136,13.889995,success
2026-05-31T23:51:07,Germany,mirror.netcologne.de,FTP,ftp://mirror.netcologne.de/ubuntu/ls-lR.gz,70,8.923113,success
2026-05-31T23:51:14,Germany,mirror.netcologne.de,HTTP,http://mirror.netcologne.de/ubuntu/ls-lR.gz,70,7.421665,success
2026-05-31T23:51:22,Germany,mirror.netcologne.de,HTTPS,https://mirror.netcologne.de/ubuntu/ls-lR.gz,70,7.531572,success
2026-05-31T23:51:33,Asia,aze.archive.ubuntu.com,FTP,ftp://aze.archive.ubuntu.com/ubuntu/ls-lR.gz,89,7.426231,success
2026-05-31T23:51:37,Asia,aze.archive.ubuntu.com,HTTP,http://aze.archive.ubuntu.com/ubuntu/ls-lR.gz,89,4.162346,success
2026-05-31T23:51:42,Asia,aze.archive.ubuntu.com,HTTPS,https://aze.archive.ubuntu.com/ubuntu/ls-lR.gz,89,4.715075,success
2026-05-31T23:52:15,USA,ftp.osuosl.org,FTP,ftp://ftp.osuosl.org/pub/ubuntu/ls-lR.gz,212,29.876445,success
2026-05-31T23:52:43,USA,ftp.osuosl.org,HTTP,http://ftp.osuosl.org/pub/ubuntu/ls-lR.gz,212,28.181759,success
2026-05-31T23:53:07,USA,ftp.osuosl.org,HTTPS,https://ftp.osuosl.org/pub/ubuntu/ls-lR.gz,212,23.243296,success
2026-06-01T00:03:17,Germany,mirror.netcologne.de,FTP,ftp://mirror.netcologne.de/ubuntu/ls-lR.gz,84,7.426296,success
2026-06-01T00:03:26,Germany,mirror.netcologne.de,HTTP,http://mirror.netcologne.de/ubuntu/ls-lR.gz,84,8.271696,success
2026-06-01T00:03:34,Germany,mirror.netcologne.de,HTTPS,https://mirror.netcologne.de/ubuntu/ls-lR.gz,84,8.660895,success
2026-06-01T00:03:43,Asia,aze.archive.ubuntu.com,FTP,ftp://aze.archive.ubuntu.com/ubuntu/ls-lR.gz,81,4.884932,success
2026-06-01T00:03:47,Asia,aze.archive.ubuntu.com,HTTP,http://aze.archive.ubuntu.com/ubuntu/ls-lR.gz,81,4.254920,success
2026-06-01T00:03:51,Asia,aze.archive.ubuntu.com,HTTPS,https://aze.archive.ubuntu.com/ubuntu/ls-lR.gz,81,4.181529,success
2026-06-01T00:04:47,USA,ftp.osuosl.org,FTP,ftp://ftp.osuosl.org/pub/ubuntu/ls-lR.gz,212,52.817164,success
2026-06-01T00:05:15,USA,ftp.osuosl.org,HTTP,http://ftp.osuosl.org/pub/ubuntu/ls-lR.gz,212,27.177292,success
2026-06-01T00:05:48,USA,ftp.osuosl.org,HTTPS,https://ftp.osuosl.org/pub/ubuntu/ls-lR.gz,212,33.004450,success
2026-06-01T00:16:00,Germany,mirror.netcologne.de,FTP,ftp://mirror.netcologne.de/ubuntu/ls-lR.gz,73,9.097159,success
2026-06-01T00:16:08,Germany,mirror.netcologne.de,HTTP,http://mirror.netcologne.de/ubuntu/ls-lR.gz,73,8.219661,success
2026-06-01T00:16:17,Germany,mirror.netcologne.de,HTTPS,https://mirror.netcologne.de/ubuntu/ls-lR.gz,73,8.997065,success
2026-06-01T00:16:26,Asia,aze.archive.ubuntu.com,FTP,ftp://aze.archive.ubuntu.com/ubuntu/ls-lR.gz,80,5.590626,success
2026-06-01T00:16:31,Asia,aze.archive.ubuntu.com,HTTP,http://aze.archive.ubuntu.com/ubuntu/ls-lR.gz,80,4.211977,success
2026-06-01T00:16:35,Asia,aze.archive.ubuntu.com,HTTPS,https://aze.archive.ubuntu.com/ubuntu/ls-lR.gz,80,4.425387,success
2026-06-01T00:16:55,USA,ftp.osuosl.org,FTP,ftp://ftp.osuosl.org/pub/ubuntu/ls-lR.gz,137,16.121395,success
2026-06-01T00:17:11,USA,ftp.osuosl.org,HTTP,http://ftp.osuosl.org/pub/ubuntu/ls-lR.gz,137,16.603455,success
2026-06-01T00:17:29,USA,ftp.osuosl.org,HTTPS,https://ftp.osuosl.org/pub/ubuntu/ls-lR.gz,137,17.743297,success
2026-06-01T00:27:41,Germany,mirror.netcologne.de,FTP,ftp://mirror.netcologne.de/ubuntu/ls-lR.gz,71,9.142495,success
2026-06-01T00:27:49,Germany,mirror.netcologne.de,HTTP,http://mirror.netcologne.de/ubuntu/ls-lR.gz,71,7.239100,success
2026-06-01T00:27:58,Germany,mirror.netcologne.de,HTTPS,https://mirror.netcologne.de/ubuntu/ls-lR.gz,71,8.899485,success
2026-06-01T00:28:08,Asia,aze.archive.ubuntu.com,FTP,ftp://aze.archive.ubuntu.com/ubuntu/ls-lR.gz,158,7.104013,success
2026-06-01T00:28:15,Asia,aze.archive.ubuntu.com,HTTP,http://aze.archive.ubuntu.com/ubuntu/ls-lR.gz,158,6.344182,success
2026-06-01T00:28:21,Asia,aze.archive.ubuntu.com,HTTPS,https://aze.archive.ubuntu.com/ubuntu/ls-lR.gz,158,6.043578,success
2026-06-01T00:28:39,USA,ftp.osuosl.org,FTP,ftp://ftp.osuosl.org/pub/ubuntu/ls-lR.gz,136,14.470144,success
2026-06-01T00:28:57,USA,ftp.osuosl.org,HTTP,http://ftp.osuosl.org/pub/ubuntu/ls-lR.gz,136,18.055383,success
2026-06-01T00:29:15,USA,ftp.osuosl.org,HTTPS,https://ftp.osuosl.org/pub/ubuntu/ls-lR.gz,136,17.832043,success
2026-06-01T00:39:26,Germany,mirror.netcologne.de,FTP,ftp://mirror.netcologne.de/ubuntu/ls-lR.gz,69,8.190518,success
2026-06-01T00:39:34,Germany,mirror.netcologne.de,HTTP,http://mirror.netcologne.de/ubuntu/ls-lR.gz,69,7.390235,success
2026-06-01T00:39:42,Germany,mirror.netcologne.de,HTTPS,https://mirror.netcologne.de/ubuntu/ls-lR.gz,69,8.733671,success
2026-06-01T00:39:50,Asia,aze.archive.ubuntu.com,FTP,ftp://aze.archive.ubuntu.com/ubuntu/ls-lR.gz,80,4.659004,success
2026-06-01T00:39:54,Asia,aze.archive.ubuntu.com,HTTP,http://aze.archive.ubuntu.com/ubuntu/ls-lR.gz,80,4.136377,success
2026-06-01T00:39:59,Asia,aze.archive.ubuntu.com,HTTPS,https://aze.archive.ubuntu.com/ubuntu/ls-lR.gz,80,4.232899,success
2026-06-01T00:40:18,USA,ftp.osuosl.org,FTP,ftp://ftp.osuosl.org/pub/ubuntu/ls-lR.gz,156,15.442528,success
2026-06-01T00:40:35,USA,ftp.osuosl.org,HTTP,http://ftp.osuosl.org/pub/ubuntu/ls-lR.gz,156,17.281144,success
2026-06-01T00:40:47,USA,ftp.osuosl.org,HTTPS,https://ftp.osuosl.org/pub/ubuntu/ls-lR.gz,156,12.331957,success
2026-06-01T00:50:59,Germany,mirror.netcologne.de,FTP,ftp://mirror.netcologne.de/ubuntu/ls-lR.gz,70,8.699881,success
2026-06-01T00:51:05,Germany,mirror.netcologne.de,HTTP,http://mirror.netcologne.de/ubuntu/ls-lR.gz,70,5.730565,success
2026-06-01T00:51:11,Germany,mirror.netcologne.de,HTTPS,https://mirror.netcologne.de/ubuntu/ls-lR.gz,70,6.265769,success
2026-06-01T00:51:23,Asia,aze.archive.ubuntu.com,FTP,ftp://aze.archive.ubuntu.com/ubuntu/ls-lR.gz,147,7.022357,success
2026-06-01T00:51:28,Asia,aze.archive.ubuntu.com,HTTP,http://aze.archive.ubuntu.com/ubuntu/ls-lR.gz,147,5.745475,success
2026-06-01T00:51:35,Asia,aze.archive.ubuntu.com,HTTPS,https://aze.archive.ubuntu.com/ubuntu/ls-lR.gz,147,6.238758,success
2026-06-01T00:52:16,USA,ftp.osuosl.org,FTP,ftp://ftp.osuosl.org/pub/ubuntu/ls-lR.gz,214,37.687875,success
2026-06-01T00:53:05,USA,ftp.osuosl.org,HTTP,http://ftp.osuosl.org/pub/ubuntu/ls-lR.gz,214,49.517930,success
2026-06-01T00:54:01,USA,ftp.osuosl.org,HTTPS,https://ftp.osuosl.org/pub/ubuntu/ls-lR.gz,214,55.743804,success
2026-06-01T01:04:13,Germany,mirror.netcologne.de,FTP,ftp://mirror.netcologne.de/ubuntu/ls-lR.gz,70,8.542017,success
2026-06-01T01:04:21,Germany,mirror.netcologne.de,HTTP,http://mirror.netcologne.de/ubuntu/ls-lR.gz,70,7.958264,success
2026-06-01T01:04:29,Germany,mirror.netcologne.de,HTTPS,https://mirror.netcologne.de/ubuntu/ls-lR.gz,70,8.391248,success
2026-06-01T01:04:37,Asia,aze.archive.ubuntu.com,FTP,ftp://aze.archive.ubuntu.com/ubuntu/ls-lR.gz,73,4.616866,success
2026-06-01T01:04:41,Asia,aze.archive.ubuntu.com,HTTP,http://aze.archive.ubuntu.com/ubuntu/ls-lR.gz,73,4.129109,success
2026-06-01T01:04:46,Asia,aze.archive.ubuntu.com,HTTPS,https://aze.archive.ubuntu.com/ubuntu/ls-lR.gz,73,4.707154,success
2026-06-01T01:05:45,USA,ftp.osuosl.org,FTP,ftp://ftp.osuosl.org/pub/ubuntu/ls-lR.gz,210,55.713190,success
2026-06-01T01:06:32,USA,ftp.osuosl.org,HTTP,http://ftp.osuosl.org/pub/ubuntu/ls-lR.gz,210,47.047248,success
2026-06-01T01:08:26,USA,ftp.osuosl.org,HTTPS,https://ftp.osuosl.org/pub/ubuntu/ls-lR.gz,210,113.197810,success
2026-06-01T01:18:38,Germany,mirror.netcologne.de,FTP,ftp://mirror.netcologne.de/ubuntu/ls-lR.gz,70,8.705179,success
2026-06-01T01:18:45,Germany,mirror.netcologne.de,HTTP,http://mirror.netcologne.de/ubuntu/ls-lR.gz,70,7.257637,success
2026-06-01T01:18:54,Germany,mirror.netcologne.de,HTTPS,https://mirror.netcologne.de/ubuntu/ls-lR.gz,70,8.568527,success
2026-06-01T01:19:02,Asia,aze.archive.ubuntu.com,FTP,ftp://aze.archive.ubuntu.com/ubuntu/ls-lR.gz,73,4.818190,success
2026-06-01T01:19:06,Asia,aze.archive.ubuntu.com,HTTP,http://aze.archive.ubuntu.com/ubuntu/ls-lR.gz,73,4.167280,success
2026-06-01T01:19:10,Asia,aze.archive.ubuntu.com,HTTPS,https://aze.archive.ubuntu.com/ubuntu/ls-lR.gz,73,4.088144,success
2026-06-01T01:19:27,USA,ftp.osuosl.org,FTP,ftp://ftp.osuosl.org/pub/ubuntu/ls-lR.gz,136,13.843434,success
2026-06-01T01:19:44,USA,ftp.osuosl.org,HTTP,http://ftp.osuosl.org/pub/ubuntu/ls-lR.gz,136,17.034601,success
2026-06-01T01:19:58,USA,ftp.osuosl.org,HTTPS,https://ftp.osuosl.org/pub/ubuntu/ls-lR.gz,136,13.841205,success
2026-06-01T01:30:10,Germany,mirror.netcologne.de,FTP,ftp://mirror.netcologne.de/ubuntu/ls-lR.gz,70,8.589037,success
2026-06-01T01:30:18,Germany,mirror.netcologne.de,HTTP,http://mirror.netcologne.de/ubuntu/ls-lR.gz,70,7.739243,success
2026-06-01T01:30:25,Germany,mirror.netcologne.de,HTTPS,https://mirror.netcologne.de/ubuntu/ls-lR.gz,70,7.234929,success
2026-06-01T01:30:33,Asia,aze.archive.ubuntu.com,FTP,ftp://aze.archive.ubuntu.com/ubuntu/ls-lR.gz,72,4.634690,success
2026-06-01T01:30:38,Asia,aze.archive.ubuntu.com,HTTP,http://aze.archive.ubuntu.com/ubuntu/ls-lR.gz,72,4.633609,success
2026-06-01T01:30:42,Asia,aze.archive.ubuntu.com,HTTPS,https://aze.archive.ubuntu.com/ubuntu/ls-lR.gz,72,3.905333,success
2026-06-01T01:31:11,USA,ftp.osuosl.org,FTP,ftp://ftp.osuosl.org/pub/ubuntu/ls-lR.gz,211,25.389416,success
2026-06-01T01:31:31,USA,ftp.osuosl.org,HTTP,http://ftp.osuosl.org/pub/ubuntu/ls-lR.gz,211,20.562819,success
2026-06-01T01:32:28,USA,ftp.osuosl.org,HTTPS,https://ftp.osuosl.org/pub/ubuntu/ls-lR.gz,211,57.191385,success
2026-06-01T01:42:39,Germany,mirror.netcologne.de,FTP,ftp://mirror.netcologne.de/ubuntu/ls-lR.gz,69,7.628011,success
2026-06-01T01:42:47,Germany,mirror.netcologne.de,HTTP,http://mirror.netcologne.de/ubuntu/ls-lR.gz,69,8.024566,success
2026-06-01T01:42:56,Germany,mirror.netcologne.de,HTTPS,https://mirror.netcologne.de/ubuntu/ls-lR.gz,69,8.387987,success
2026-06-01T01:43:06,Asia,aze.archive.ubuntu.com,FTP,ftp://aze.archive.ubuntu.com/ubuntu/ls-lR.gz,149,6.623724,success
2026-06-01T01:43:12,Asia,aze.archive.ubuntu.com,HTTP,http://aze.archive.ubuntu.com/ubuntu/ls-lR.gz,149,5.772146,success
2026-06-01T01:43:18,Asia,aze.archive.ubuntu.com,HTTPS,https://aze.archive.ubuntu.com/ubuntu/ls-lR.gz,149,6.004404,success
2026-06-01T01:43:39,USA,ftp.osuosl.org,FTP,ftp://ftp.osuosl.org/pub/ubuntu/ls-lR.gz,156,17.713904,success
2026-06-01T01:43:54,USA,ftp.osuosl.org,HTTP,http://ftp.osuosl.org/pub/ubuntu/ls-lR.gz,156,15.233358,success
2026-06-01T01:44:05,USA,ftp.osuosl.org,HTTPS,https://ftp.osuosl.org/pub/ubuntu/ls-lR.gz,156,10.820547,success
2026-06-01T01:54:17,Germany,mirror.netcologne.de,FTP,ftp://mirror.netcologne.de/ubuntu/ls-lR.gz,69,8.440243,success
2026-06-01T01:54:25,Germany,mirror.netcologne.de,HTTP,http://mirror.netcologne.de/ubuntu/ls-lR.gz,69,8.497105,success
2026-06-01T01:54:33,Germany,mirror.netcologne.de,HTTPS,https://mirror.netcologne.de/ubuntu/ls-lR.gz,69,7.714943,success
2026-06-01T01:54:43,Asia,aze.archive.ubuntu.com,FTP,ftp://aze.archive.ubuntu.com/ubuntu/ls-lR.gz,149,6.887688,success
2026-06-01T01:54:49,Asia,aze.archive.ubuntu.com,HTTP,http://aze.archive.ubuntu.com/ubuntu/ls-lR.gz,149,5.889702,success
2026-06-01T01:54:55,Asia,aze.archive.ubuntu.com,HTTPS,https://aze.archive.ubuntu.com/ubuntu/ls-lR.gz,149,5.774868,success
2026-06-01T01:55:15,USA,ftp.osuosl.org,FTP,ftp://ftp.osuosl.org/pub/ubuntu/ls-lR.gz,138,16.580425,success
2026-06-01T01:55:31,USA,ftp.osuosl.org,HTTP,http://ftp.osuosl.org/pub/ubuntu/ls-lR.gz,138,15.414898,success
2026-06-01T01:55:45,USA,ftp.osuosl.org,HTTPS,https://ftp.osuosl.org/pub/ubuntu/ls-lR.gz,138,14.579377,success
2026-06-01T02:05:55,Germany,mirror.netcologne.de,FTP,ftp://mirror.netcologne.de/ubuntu/ls-lR.gz,69,7.023899,success
2026-06-01T02:06:04,Germany,mirror.netcologne.de,HTTP,http://mirror.netcologne.de/ubuntu/ls-lR.gz,69,8.015886,success
2026-06-01T02:06:10,Germany,mirror.netcologne.de,HTTPS,https://mirror.netcologne.de/ubuntu/ls-lR.gz,69,6.141377,success
2026-06-01T02:06:21,Asia,aze.archive.ubuntu.com,FTP,ftp://aze.archive.ubuntu.com/ubuntu/ls-lR.gz,147,7.316101,success
2026-06-01T02:06:26,Asia,aze.archive.ubuntu.com,HTTP,http://aze.archive.ubuntu.com/ubuntu/ls-lR.gz,147,5.255900,success
2026-06-01T02:06:31,Asia,aze.archive.ubuntu.com,HTTPS,https://aze.archive.ubuntu.com/ubuntu/ls-lR.gz,147,5.627125,success
2026-06-01T02:06:52,USA,ftp.osuosl.org,FTP,ftp://ftp.osuosl.org/pub/ubuntu/ls-lR.gz,137,16.896911,success
2026-06-01T02:07:05,USA,ftp.osuosl.org,HTTP,http://ftp.osuosl.org/pub/ubuntu/ls-lR.gz,137,13.194481,success
2026-06-01T02:07:17,USA,ftp.osuosl.org,HTTPS,https://ftp.osuosl.org/pub/ubuntu/ls-lR.gz,137,12.168746,success
2026-06-01T02:17:30,Germany,mirror.netcologne.de,FTP,ftp://mirror.netcologne.de/ubuntu/ls-lR.gz,71,9.603354,success
2026-06-01T02:17:37,Germany,mirror.netcologne.de,HTTP,http://mirror.netcologne.de/ubuntu/ls-lR.gz,71,7.144672,success
2026-06-01T02:17:44,Germany,mirror.netcologne.de,HTTPS,https://mirror.netcologne.de/ubuntu/ls-lR.gz,71,6.673776,success
2026-06-01T02:17:53,Asia,aze.archive.ubuntu.com,FTP,ftp://aze.archive.ubuntu.com/ubuntu/ls-lR.gz,89,5.129856,success
2026-06-01T02:17:57,Asia,aze.archive.ubuntu.com,HTTP,http://aze.archive.ubuntu.com/ubuntu/ls-lR.gz,89,4.205953,success
2026-06-01T02:18:01,Asia,aze.archive.ubuntu.com,HTTPS,https://aze.archive.ubuntu.com/ubuntu/ls-lR.gz,89,4.231572,success
2026-06-01T02:18:18,USA,ftp.osuosl.org,FTP,ftp://ftp.osuosl.org/pub/ubuntu/ls-lR.gz,136,13.769636,success
2026-06-01T02:18:36,USA,ftp.osuosl.org,HTTP,http://ftp.osuosl.org/pub/ubuntu/ls-lR.gz,136,17.104628,success
2026-06-01T02:18:49,USA,ftp.osuosl.org,HTTPS,https://ftp.osuosl.org/pub/ubuntu/ls-lR.gz,136,13.635789,success
2026-06-01T02:29:01,Germany,mirror.netcologne.de,FTP,ftp://mirror.netcologne.de/ubuntu/ls-lR.gz,70,8.316915,success
2026-06-01T02:29:08,Germany,mirror.netcologne.de,HTTP,http://mirror.netcologne.de/ubuntu/ls-lR.gz,70,7.202735,success
2026-06-01T02:29:16,Germany,mirror.netcologne.de,HTTPS,https://mirror.netcologne.de/ubuntu/ls-lR.gz,70,7.447377,success
2026-06-01T02:29:26,Asia,aze.archive.ubuntu.com,FTP,ftp://aze.archive.ubuntu.com/ubuntu/ls-lR.gz,144,7.308405,success
2026-06-01T02:29:32,Asia,aze.archive.ubuntu.com,HTTP,http://aze.archive.ubuntu.com/ubuntu/ls-lR.gz,144,5.593457,success
2026-06-01T02:29:38,Asia,aze.archive.ubuntu.com,HTTPS,https://aze.archive.ubuntu.com/ubuntu/ls-lR.gz,144,5.851583,success
2026-06-01T02:29:52,USA,ftp.osuosl.org,FTP,ftp://ftp.osuosl.org/pub/ubuntu/ls-lR.gz,135,11.053075,success
2026-06-01T02:30:08,USA,ftp.osuosl.org,HTTP,http://ftp.osuosl.org/pub/ubuntu/ls-lR.gz,135,15.933817,success
2026-06-01T02:30:25,USA,ftp.osuosl.org,HTTPS,https://ftp.osuosl.org/pub/ubuntu/ls-lR.gz,135,16.915332,success
2026-06-01T02:40:38,Germany,mirror.netcologne.de,FTP,ftp://mirror.netcologne.de/ubuntu/ls-lR.gz,69,9.254581,success
2026-06-01T02:40:45,Germany,mirror.netcologne.de,HTTP,http://mirror.netcologne.de/ubuntu/ls-lR.gz,69,7.217026,success
2026-06-01T02:40:52,Germany,mirror.netcologne.de,HTTPS,https://mirror.netcologne.de/ubuntu/ls-lR.gz,69,7.341102,success
2026-06-01T02:41:00,Asia,aze.archive.ubuntu.com,FTP,ftp://aze.archive.ubuntu.com/ubuntu/ls-lR.gz,76,4.586661,success
2026-06-01T02:41:04,Asia,aze.archive.ubuntu.com,HTTP,http://aze.archive.ubuntu.com/ubuntu/ls-lR.gz,76,4.148977,success
2026-06-01T02:41:08,Asia,aze.archive.ubuntu.com,HTTPS,https://aze.archive.ubuntu.com/ubuntu/ls-lR.gz,76,4.010616,success
2026-06-01T02:41:27,USA,ftp.osuosl.org,FTP,ftp://ftp.osuosl.org/pub/ubuntu/ls-lR.gz,135,14.736965,success
2026-06-01T02:41:40,USA,ftp.osuosl.org,HTTP,http://ftp.osuosl.org/pub/ubuntu/ls-lR.gz,135,13.670634,success
2026-06-01T02:41:56,USA,ftp.osuosl.org,HTTPS,https://ftp.osuosl.org/pub/ubuntu/ls-lR.gz,135,15.655857,success
2026-06-01T02:52:08,Germany,mirror.netcologne.de,FTP,ftp://mirror.netcologne.de/ubuntu/ls-lR.gz,69,8.227216,success
2026-06-01T02:52:14,Germany,mirror.netcologne.de,HTTP,http://mirror.netcologne.de/ubuntu/ls-lR.gz,69,6.282096,success
2026-06-01T02:52:22,Germany,mirror.netcologne.de,HTTPS,https://mirror.netcologne.de/ubuntu/ls-lR.gz,69,8.106754,success
2026-06-01T02:52:30,Asia,aze.archive.ubuntu.com,FTP,ftp://aze.archive.ubuntu.com/ubuntu/ls-lR.gz,74,4.707351,success
2026-06-01T02:52:34,Asia,aze.archive.ubuntu.com,HTTP,http://aze.archive.ubuntu.com/ubuntu/ls-lR.gz,74,3.967042,success
2026-06-01T02:52:38,Asia,aze.archive.ubuntu.com,HTTPS,https://aze.archive.ubuntu.com/ubuntu/ls-lR.gz,74,4.179805,success
2026-06-01T02:52:56,USA,ftp.osuosl.org,FTP,ftp://ftp.osuosl.org/pub/ubuntu/ls-lR.gz,156,13.770871,success
2026-06-01T02:53:07,USA,ftp.osuosl.org,HTTP,http://ftp.osuosl.org/pub/ubuntu/ls-lR.gz,156,11.562929,success
2026-06-01T02:53:21,USA,ftp.osuosl.org,HTTPS,https://ftp.osuosl.org/pub/ubuntu/ls-lR.gz,156,13.691894,success
2026-06-01T03:03:34,Germany,mirror.netcologne.de,FTP,ftp://mirror.netcologne.de/ubuntu/ls-lR.gz,69,10.096643,success
2026-06-01T03:03:43,Germany,mirror.netcologne.de,HTTP,http://mirror.netcologne.de/ubuntu/ls-lR.gz,69,8.525867,success
2026-06-01T03:03:51,Germany,mirror.netcologne.de,HTTPS,https://mirror.netcologne.de/ubuntu/ls-lR.gz,69,7.931304,success
2026-06-01T03:04:01,Asia,aze.archive.ubuntu.com,FTP,ftp://aze.archive.ubuntu.com/ubuntu/ls-lR.gz,152,6.954226,success
2026-06-01T03:04:07,Asia,aze.archive.ubuntu.com,HTTP,http://aze.archive.ubuntu.com/ubuntu/ls-lR.gz,152,5.522502,success
2026-06-01T03:04:13,Asia,aze.archive.ubuntu.com,HTTPS,https://aze.archive.ubuntu.com/ubuntu/ls-lR.gz,152,5.751691,success
2026-06-01T03:04:33,USA,ftp.osuosl.org,FTP,ftp://ftp.osuosl.org/pub/ubuntu/ls-lR.gz,136,16.411202,success
2026-06-01T03:04:47,USA,ftp.osuosl.org,HTTP,http://ftp.osuosl.org/pub/ubuntu/ls-lR.gz,136,14.337794,success
2026-06-01T03:05:01,USA,ftp.osuosl.org,HTTPS,https://ftp.osuosl.org/pub/ubuntu/ls-lR.gz,136,13.817014,success
2026-06-01T03:15:11,Germany,mirror.netcologne.de,FTP,ftp://mirror.netcologne.de/ubuntu/ls-lR.gz,70,6.958164,success
2026-06-01T03:15:19,Germany,mirror.netcologne.de,HTTP,http://mirror.netcologne.de/ubuntu/ls-lR.gz,70,7.991281,success
2026-06-01T03:15:25,Germany,mirror.netcologne.de,HTTPS,https://mirror.netcologne.de/ubuntu/ls-lR.gz,70,6.194870,success
2026-06-01T03:15:36,Asia,aze.archive.ubuntu.com,FTP,ftp://aze.archive.ubuntu.com/ubuntu/ls-lR.gz,145,7.159009,success
2026-06-01T03:15:41,Asia,aze.archive.ubuntu.com,HTTP,http://aze.archive.ubuntu.com/ubuntu/ls-lR.gz,145,5.461693,success
2026-06-01T03:15:47,Asia,aze.archive.ubuntu.com,HTTPS,https://aze.archive.ubuntu.com/ubuntu/ls-lR.gz,145,5.941764,success
2026-06-01T03:16:40,USA,ftp.osuosl.org,FTP,ftp://ftp.osuosl.org/pub/ubuntu/ls-lR.gz,213,49.311849,success
2026-06-01T03:17:06,USA,ftp.osuosl.org,HTTP,http://ftp.osuosl.org/pub/ubuntu/ls-lR.gz,213,25.570480,success
2026-06-01T03:18:11,USA,ftp.osuosl.org,HTTPS,https://ftp.osuosl.org/pub/ubuntu/ls-lR.gz,213,64.937914,success
2026-06-01T03:28:22,Germany,mirror.netcologne.de,FTP,ftp://mirror.netcologne.de/ubuntu/ls-lR.gz,72,8.247871,success
2026-06-01T03:28:30,Germany,mirror.netcologne.de,HTTP,http://mirror.netcologne.de/ubuntu/ls-lR.gz,72,7.820508,success
2026-06-01T03:28:37,Germany,mirror.netcologne.de,HTTPS,https://mirror.netcologne.de/ubuntu/ls-lR.gz,72,6.742468,success
2026-06-01T03:28:45,Asia,aze.archive.ubuntu.com,FTP,ftp://aze.archive.ubuntu.com/ubuntu/ls-lR.gz,101,5.023692,success
2026-06-01T03:28:50,Asia,aze.archive.ubuntu.com,HTTP,http://aze.archive.ubuntu.com/ubuntu/ls-lR.gz,101,4.579341,success
2026-06-01T03:28:54,Asia,aze.archive.ubuntu.com,HTTPS,https://aze.archive.ubuntu.com/ubuntu/ls-lR.gz,101,4.195262,success
2026-06-01T03:29:23,USA,ftp.osuosl.org,FTP,ftp://ftp.osuosl.org/pub/ubuntu/ls-lR.gz,212,24.653532,success
2026-06-01T03:29:43,USA,ftp.osuosl.org,HTTP,http://ftp.osuosl.org/pub/ubuntu/ls-lR.gz,212,20.606394,success
2026-06-01T03:30:23,USA,ftp.osuosl.org,HTTPS,https://ftp.osuosl.org/pub/ubuntu/ls-lR.gz,212,39.843799,success
2026-06-01T03:40:36,Germany,mirror.netcologne.de,FTP,ftp://mirror.netcologne.de/ubuntu/ls-lR.gz,69,9.222446,success
2026-06-01T03:40:43,Germany,mirror.netcologne.de,HTTP,http://mirror.netcologne.de/ubuntu/ls-lR.gz,69,7.614433,success
2026-06-01T03:40:50,Germany,mirror.netcologne.de,HTTPS,https://mirror.netcologne.de/ubuntu/ls-lR.gz,69,6.802764,success
2026-06-01T03:41:01,Asia,aze.archive.ubuntu.com,FTP,ftp://aze.archive.ubuntu.com/ubuntu/ls-lR.gz,145,7.270937,success
2026-06-01T03:41:06,Asia,aze.archive.ubuntu.com,HTTP,http://aze.archive.ubuntu.com/ubuntu/ls-lR.gz,145,4.802522,success
2026-06-01T03:41:11,Asia,aze.archive.ubuntu.com,HTTPS,https://aze.archive.ubuntu.com/ubuntu/ls-lR.gz,145,5.685060,success
2026-06-01T03:41:33,USA,ftp.osuosl.org,FTP,ftp://ftp.osuosl.org/pub/ubuntu/ls-lR.gz,135,18.340737,success
2026-06-01T03:41:45,USA,ftp.osuosl.org,HTTP,http://ftp.osuosl.org/pub/ubuntu/ls-lR.gz,135,12.185599,success
2026-06-01T03:42:00,USA,ftp.osuosl.org,HTTPS,https://ftp.osuosl.org/pub/ubuntu/ls-lR.gz,135,14.051820,success
2026-06-01T03:52:12,Germany,mirror.netcologne.de,FTP,ftp://mirror.netcologne.de/ubuntu/ls-lR.gz,69,8.976949,success
2026-06-01T03:52:19,Germany,mirror.netcologne.de,HTTP,http://mirror.netcologne.de/ubuntu/ls-lR.gz,69,7.203573,success
2026-06-01T03:52:27,Germany,mirror.netcologne.de,HTTPS,https://mirror.netcologne.de/ubuntu/ls-lR.gz,69,8.190521,success
2026-06-01T03:52:35,Asia,aze.archive.ubuntu.com,FTP,ftp://aze.archive.ubuntu.com/ubuntu/ls-lR.gz,72,4.681841,success
2026-06-01T03:52:39,Asia,aze.archive.ubuntu.com,HTTP,http://aze.archive.ubuntu.com/ubuntu/ls-lR.gz,72,4.044359,success
2026-06-01T03:52:44,Asia,aze.archive.ubuntu.com,HTTPS,https://aze.archive.ubuntu.com/ubuntu/ls-lR.gz,72,4.363977,success
2026-06-01T03:53:06,USA,ftp.osuosl.org,FTP,ftp://ftp.osuosl.org/pub/ubuntu/ls-lR.gz,136,18.818063,success
2026-06-01T03:53:20,USA,ftp.osuosl.org,HTTP,http://ftp.osuosl.org/pub/ubuntu/ls-lR.gz,136,13.594015,success
2026-06-01T03:53:33,USA,ftp.osuosl.org,HTTPS,https://ftp.osuosl.org/pub/ubuntu/ls-lR.gz,136,13.336016,success
2026-06-01T04:03:44,Germany,mirror.netcologne.de,FTP,ftp://mirror.netcologne.de/ubuntu/ls-lR.gz,69,7.316993,success
2026-06-01T04:03:51,Germany,mirror.netcologne.de,HTTP,http://mirror.netcologne.de/ubuntu/ls-lR.gz,69,7.320241,success
2026-06-01T04:03:58,Germany,mirror.netcologne.de,HTTPS,https://mirror.netcologne.de/ubuntu/ls-lR.gz,69,7.431028,success
2026-06-01T04:04:06,Asia,aze.archive.ubuntu.com,FTP,ftp://aze.archive.ubuntu.com/ubuntu/ls-lR.gz,84,4.605114,success
2026-06-01T04:04:10,Asia,aze.archive.ubuntu.com,HTTP,http://aze.archive.ubuntu.com/ubuntu/ls-lR.gz,84,3.978403,success
2026-06-01T04:04:15,Asia,aze.archive.ubuntu.com,HTTPS,https://aze.archive.ubuntu.com/ubuntu/ls-lR.gz,84,4.958627,success
2026-06-01T04:04:39,USA,ftp.osuosl.org,FTP,ftp://ftp.osuosl.org/pub/ubuntu/ls-lR.gz,158,20.152433,success
2026-06-01T04:04:57,USA,ftp.osuosl.org,HTTP,http://ftp.osuosl.org/pub/ubuntu/ls-lR.gz,158,18.300598,success
2026-06-01T04:05:15,USA,ftp.osuosl.org,HTTPS,https://ftp.osuosl.org/pub/ubuntu/ls-lR.gz,158,17.093494,success
2026-06-01T04:15:26,Germany,mirror.netcologne.de,FTP,ftp://mirror.netcologne.de/ubuntu/ls-lR.gz,69,8.138702,success
2026-06-01T04:15:35,Germany,mirror.netcologne.de,HTTP,http://mirror.netcologne.de/ubuntu/ls-lR.gz,69,8.725760,success
2026-06-01T04:15:43,Germany,mirror.netcologne.de,HTTPS,https://mirror.netcologne.de/ubuntu/ls-lR.gz,69,8.233139,success
2026-06-01T04:15:54,Asia,aze.archive.ubuntu.com,FTP,ftp://aze.archive.ubuntu.com/ubuntu/ls-lR.gz,147,7.249606,success
2026-06-01T04:15:59,Asia,aze.archive.ubuntu.com,HTTP,http://aze.archive.ubuntu.com/ubuntu/ls-lR.gz,147,4.972174,success
2026-06-01T04:16:05,Asia,aze.archive.ubuntu.com,HTTPS,https://aze.archive.ubuntu.com/ubuntu/ls-lR.gz,147,5.898024,success
2026-06-01T04:16:28,USA,ftp.osuosl.org,FTP,ftp://ftp.osuosl.org/pub/ubuntu/ls-lR.gz,158,19.270664,success
2026-06-01T04:16:43,USA,ftp.osuosl.org,HTTP,http://ftp.osuosl.org/pub/ubuntu/ls-lR.gz,158,15.019380,success
2026-06-01T04:16:59,USA,ftp.osuosl.org,HTTPS,https://ftp.osuosl.org/pub/ubuntu/ls-lR.gz,158,16.111976,success
2026-06-01T04:27:11,Germany,mirror.netcologne.de,FTP,ftp://mirror.netcologne.de/ubuntu/ls-lR.gz,69,9.256602,success
2026-06-01T04:27:19,Germany,mirror.netcologne.de,HTTP,http://mirror.netcologne.de/ubuntu/ls-lR.gz,69,7.329102,success
2026-06-01T04:27:27,Germany,mirror.netcologne.de,HTTPS,https://mirror.netcologne.de/ubuntu/ls-lR.gz,69,8.141146,success
2026-06-01T04:27:35,Asia,aze.archive.ubuntu.com,FTP,ftp://aze.archive.ubuntu.com/ubuntu/ls-lR.gz,73,5.029477,success
2026-06-01T04:27:40,Asia,aze.archive.ubuntu.com,HTTP,http://aze.archive.ubuntu.com/ubuntu/ls-lR.gz,73,4.283857,success
2026-06-01T04:27:44,Asia,aze.archive.ubuntu.com,HTTPS,https://aze.archive.ubuntu.com/ubuntu/ls-lR.gz,73,4.451749,success
2026-06-01T04:28:07,USA,ftp.osuosl.org,FTP,ftp://ftp.osuosl.org/pub/ubuntu/ls-lR.gz,158,19.438728,success
2026-06-01T04:28:23,USA,ftp.osuosl.org,HTTP,http://ftp.osuosl.org/pub/ubuntu/ls-lR.gz,158,15.596159,success
2026-06-01T04:28:41,USA,ftp.osuosl.org,HTTPS,https://ftp.osuosl.org/pub/ubuntu/ls-lR.gz,158,17.962042,success
2026-06-01T04:38:53,Germany,mirror.netcologne.de,FTP,ftp://mirror.netcologne.de/ubuntu/ls-lR.gz,71,8.640705,success
2026-06-01T04:39:00,Germany,mirror.netcologne.de,HTTP,http://mirror.netcologne.de/ubuntu/ls-lR.gz,71,7.678688,success
2026-06-01T04:39:08,Germany,mirror.netcologne.de,HTTPS,https://mirror.netcologne.de/ubuntu/ls-lR.gz,71,7.818866,success
2026-06-01T04:39:17,Asia,aze.archive.ubuntu.com,FTP,ftp://aze.archive.ubuntu.com/ubuntu/ls-lR.gz,76,5.023788,success
2026-06-01T04:39:20,Asia,aze.archive.ubuntu.com,HTTP,http://aze.archive.ubuntu.com/ubuntu/ls-lR.gz,76,3.773113,success
2026-06-01T04:39:25,Asia,aze.archive.ubuntu.com,HTTPS,https://aze.archive.ubuntu.com/ubuntu/ls-lR.gz,76,4.250768,success
2026-06-01T04:40:29,USA,ftp.osuosl.org,FTP,ftp://ftp.osuosl.org/pub/ubuntu/ls-lR.gz,215,60.623299,success
2026-06-01T04:40:51,USA,ftp.osuosl.org,HTTP,http://ftp.osuosl.org/pub/ubuntu/ls-lR.gz,215,21.874221,success
2026-06-01T04:42:16,USA,ftp.osuosl.org,HTTPS,https://ftp.osuosl.org/pub/ubuntu/ls-lR.gz,215,85.851988,success
2026-06-01T04:52:29,Germany,mirror.netcologne.de,FTP,ftp://mirror.netcologne.de/ubuntu/ls-lR.gz,69,9.150507,success
2026-06-01T04:52:37,Germany,mirror.netcologne.de,HTTP,http://mirror.netcologne.de/ubuntu/ls-lR.gz,69,8.476469,success
2026-06-01T04:52:44,Germany,mirror.netcologne.de,HTTPS,https://mirror.netcologne.de/ubuntu/ls-lR.gz,69,6.855520,success
2026-06-01T04:52:55,Asia,aze.archive.ubuntu.com,FTP,ftp://aze.archive.ubuntu.com/ubuntu/ls-lR.gz,227,7.089154,success
2026-06-01T04:53:01,Asia,aze.archive.ubuntu.com,HTTP,http://aze.archive.ubuntu.com/ubuntu/ls-lR.gz,227,5.591733,success
2026-06-01T04:53:06,Asia,aze.archive.ubuntu.com,HTTPS,https://aze.archive.ubuntu.com/ubuntu/ls-lR.gz,227,5.915094,success
2026-06-01T04:53:23,USA,ftp.osuosl.org,FTP,ftp://ftp.osuosl.org/pub/ubuntu/ls-lR.gz,138,12.682400,success
2026-06-01T04:53:39,USA,ftp.osuosl.org,HTTP,http://ftp.osuosl.org/pub/ubuntu/ls-lR.gz,138,16.553544,success
2026-06-01T04:53:50,USA,ftp.osuosl.org,HTTPS,https://ftp.osuosl.org/pub/ubuntu/ls-lR.gz,138,10.409342,success
2026-06-01T05:04:02,Germany,mirror.netcologne.de,FTP,ftp://mirror.netcologne.de/ubuntu/ls-lR.gz,105,8.694260,success
2026-06-01T05:04:09,Germany,mirror.netcologne.de,HTTP,http://mirror.netcologne.de/ubuntu/ls-lR.gz,105,7.072721,success
2026-06-01T05:04:17,Germany,mirror.netcologne.de,HTTPS,https://mirror.netcologne.de/ubuntu/ls-lR.gz,105,8.647627,success
2026-06-01T05:04:26,Asia,aze.archive.ubuntu.com,FTP,ftp://aze.archive.ubuntu.com/ubuntu/ls-lR.gz,103,5.131887,success
2026-06-01T05:04:30,Asia,aze.archive.ubuntu.com,HTTP,http://aze.archive.ubuntu.com/ubuntu/ls-lR.gz,103,4.099956,success
2026-06-01T05:04:34,Asia,aze.archive.ubuntu.com,HTTPS,https://aze.archive.ubuntu.com/ubuntu/ls-lR.gz,103,4.392303,success
2026-06-01T05:04:57,USA,ftp.osuosl.org,FTP,ftp://ftp.osuosl.org/pub/ubuntu/ls-lR.gz,211,19.249345,success
2026-06-01T05:05:23,USA,ftp.osuosl.org,HTTP,http://ftp.osuosl.org/pub/ubuntu/ls-lR.gz,211,25.461925,success
2026-06-01T05:05:53,USA,ftp.osuosl.org,HTTPS,https://ftp.osuosl.org/pub/ubuntu/ls-lR.gz,211,30.217557,success
2026-06-01T05:16:05,Germany,mirror.netcologne.de,FTP,ftp://mirror.netcologne.de/ubuntu/ls-lR.gz,71,8.805615,success
2026-06-01T05:16:13,Germany,mirror.netcologne.de,HTTP,http://mirror.netcologne.de/ubuntu/ls-lR.gz,71,8.491760,success
2026-06-01T05:16:20,Germany,mirror.netcologne.de,HTTPS,https://mirror.netcologne.de/ubuntu/ls-lR.gz,71,6.087093,success
2026-06-01T05:16:34,Asia,aze.archive.ubuntu.com,FTP,ftp://aze.archive.ubuntu.com/ubuntu/ls-lR.gz,166,6.953077,success
2026-06-01T05:16:40,Asia,aze.archive.ubuntu.com,HTTP,http://aze.archive.ubuntu.com/ubuntu/ls-lR.gz,166,5.807432,success
2026-06-01T05:16:45,Asia,aze.archive.ubuntu.com,HTTPS,https://aze.archive.ubuntu.com/ubuntu/ls-lR.gz,166,5.771905,success
2026-06-01T05:17:11,USA,ftp.osuosl.org,FTP,ftp://ftp.osuosl.org/pub/ubuntu/ls-lR.gz,211,22.049567,success
2026-06-01T05:17:35,USA,ftp.osuosl.org,HTTP,http://ftp.osuosl.org/pub/ubuntu/ls-lR.gz,211,24.261797,success
2026-06-01T05:17:53,USA,ftp.osuosl.org,HTTPS,https://ftp.osuosl.org/pub/ubuntu/ls-lR.gz,211,17.808250,success
2026-06-01T05:28:04,Germany,mirror.netcologne.de,FTP,ftp://mirror.netcologne.de/ubuntu/ls-lR.gz,72,8.046772,success
2026-06-01T05:28:13,Germany,mirror.netcologne.de,HTTP,http://mirror.netcologne.de/ubuntu/ls-lR.gz,72,8.493528,success
2026-06-01T05:28:21,Germany,mirror.netcologne.de,HTTPS,https://mirror.netcologne.de/ubuntu/ls-lR.gz,72,8.272829,success
2026-06-01T05:28:29,Asia,aze.archive.ubuntu.com,FTP,ftp://aze.archive.ubuntu.com/ubuntu/ls-lR.gz,82,4.785114,success
2026-06-01T05:28:33,Asia,aze.archive.ubuntu.com,HTTP,http://aze.archive.ubuntu.com/ubuntu/ls-lR.gz,82,3.994135,success
2026-06-01T05:28:38,Asia,aze.archive.ubuntu.com,HTTPS,https://aze.archive.ubuntu.com/ubuntu/ls-lR.gz,82,4.220821,success
2026-06-01T05:28:59,USA,ftp.osuosl.org,FTP,ftp://ftp.osuosl.org/pub/ubuntu/ls-lR.gz,210,17.721962,success
2026-06-01T05:29:20,USA,ftp.osuosl.org,HTTP,http://ftp.osuosl.org/pub/ubuntu/ls-lR.gz,210,21.059257,success
2026-06-01T05:29:49,USA,ftp.osuosl.org,HTTPS,https://ftp.osuosl.org/pub/ubuntu/ls-lR.gz,210,28.602699,success
2026-06-01T05:40:01,Germany,mirror.netcologne.de,FTP,ftp://mirror.netcologne.de/ubuntu/ls-lR.gz,69,9.161437,success
2026-06-01T05:40:09,Germany,mirror.netcologne.de,HTTP,http://mirror.netcologne.de/ubuntu/ls-lR.gz,69,8.267652,success
2026-06-01T05:40:18,Germany,mirror.netcologne.de,HTTPS,https://mirror.netcologne.de/ubuntu/ls-lR.gz,69,8.296574,success
2026-06-01T05:40:39,Asia,aze.archive.ubuntu.com,FTP,ftp://aze.archive.ubuntu.com/ubuntu/ls-lR.gz,148,9.855923,success
2026-06-01T05:40:45,Asia,aze.archive.ubuntu.com,HTTP,http://aze.archive.ubuntu.com/ubuntu/ls-lR.gz,148,5.684505,success
2026-06-01T05:40:50,Asia,aze.archive.ubuntu.com,HTTPS,https://aze.archive.ubuntu.com/ubuntu/ls-lR.gz,148,5.679002,success
2026-06-01T05:41:10,USA,ftp.osuosl.org,FTP,ftp://ftp.osuosl.org/pub/ubuntu/ls-lR.gz,156,16.631924,success
2026-06-01T05:41:29,USA,ftp.osuosl.org,HTTP,http://ftp.osuosl.org/pub/ubuntu/ls-lR.gz,156,18.213638,success
2026-06-01T05:41:42,USA,ftp.osuosl.org,HTTPS,https://ftp.osuosl.org/pub/ubuntu/ls-lR.gz,156,13.527053,success
2026-06-01T05:51:54,Germany,mirror.netcologne.de,FTP,ftp://mirror.netcologne.de/ubuntu/ls-lR.gz,69,8.372626,success
2026-06-01T05:52:02,Germany,mirror.netcologne.de,HTTP,http://mirror.netcologne.de/ubuntu/ls-lR.gz,69,7.985924,success
2026-06-01T05:52:10,Germany,mirror.netcologne.de,HTTPS,https://mirror.netcologne.de/ubuntu/ls-lR.gz,69,8.219765,success
2026-06-01T05:52:19,Asia,aze.archive.ubuntu.com,FTP,ftp://aze.archive.ubuntu.com/ubuntu/ls-lR.gz,73,5.175914,success
2026-06-01T05:52:23,Asia,aze.archive.ubuntu.com,HTTP,http://aze.archive.ubuntu.com/ubuntu/ls-lR.gz,73,4.457959,success
2026-06-01T05:52:27,Asia,aze.archive.ubuntu.com,HTTPS,https://aze.archive.ubuntu.com/ubuntu/ls-lR.gz,73,4.249099,success
2026-06-01T05:53:26,USA,ftp.osuosl.org,FTP,ftp://ftp.osuosl.org/pub/ubuntu/ls-lR.gz,212,55.405506,success
2026-06-01T05:54:21,USA,ftp.osuosl.org,HTTP,http://ftp.osuosl.org/pub/ubuntu/ls-lR.gz,212,54.652118,success
2026-06-01T05:55:46,USA,ftp.osuosl.org,HTTPS,https://ftp.osuosl.org/pub/ubuntu/ls-lR.gz,212,85.307420,success
2026-06-01T06:05:57,Germany,mirror.netcologne.de,FTP,ftp://mirror.netcologne.de/ubuntu/ls-lR.gz,69,7.698235,success
2026-06-01T06:06:04,Germany,mirror.netcologne.de,HTTP,http://mirror.netcologne.de/ubuntu/ls-lR.gz,69,6.594584,success
2026-06-01T06:06:12,Germany,mirror.netcologne.de,HTTPS,https://mirror.netcologne.de/ubuntu/ls-lR.gz,69,8.233156,success
2026-06-01T06:06:21,Asia,aze.archive.ubuntu.com,FTP,ftp://aze.archive.ubuntu.com/ubuntu/ls-lR.gz,101,5.044481,success
2026-06-01T06:06:25,Asia,aze.archive.ubuntu.com,HTTP,http://aze.archive.ubuntu.com/ubuntu/ls-lR.gz,101,4.277415,success
2026-06-01T06:06:30,Asia,aze.archive.ubuntu.com,HTTPS,https://aze.archive.ubuntu.com/ubuntu/ls-lR.gz,101,4.854777,success
2026-06-01T06:06:49,USA,ftp.osuosl.org,FTP,ftp://ftp.osuosl.org/pub/ubuntu/ls-lR.gz,157,15.995709,success
2026-06-01T06:07:04,USA,ftp.osuosl.org,HTTP,http://ftp.osuosl.org/pub/ubuntu/ls-lR.gz,157,14.231190,success
2026-06-01T06:07:18,USA,ftp.osuosl.org,HTTPS,https://ftp.osuosl.org/pub/ubuntu/ls-lR.gz,157,14.245123,success
2026-06-01T06:17:30,Germany,mirror.netcologne.de,FTP,ftp://mirror.netcologne.de/ubuntu/ls-lR.gz,69,8.640332,success
2026-06-01T06:17:38,Germany,mirror.netcologne.de,HTTP,http://mirror.netcologne.de/ubuntu/ls-lR.gz,69,8.073236,success
2026-06-01T06:17:46,Germany,mirror.netcologne.de,HTTPS,https://mirror.netcologne.de/ubuntu/ls-lR.gz,69,8.477131,success
2026-06-01T06:17:58,Asia,aze.archive.ubuntu.com,FTP,ftp://aze.archive.ubuntu.com/ubuntu/ls-lR.gz,101,7.901422,success
2026-06-01T06:18:02,Asia,aze.archive.ubuntu.com,HTTP,http://aze.archive.ubuntu.com/ubuntu/ls-lR.gz,101,4.342955,success
2026-06-01T06:18:07,Asia,aze.archive.ubuntu.com,HTTPS,https://aze.archive.ubuntu.com/ubuntu/ls-lR.gz,101,4.531817,success
2026-06-01T06:18:27,USA,ftp.osuosl.org,FTP,ftp://ftp.osuosl.org/pub/ubuntu/ls-lR.gz,157,16.667845,success
2026-06-01T06:18:40,USA,ftp.osuosl.org,HTTP,http://ftp.osuosl.org/pub/ubuntu/ls-lR.gz,157,13.606246,success
2026-06-01T06:18:58,USA,ftp.osuosl.org,HTTPS,https://ftp.osuosl.org/pub/ubuntu/ls-lR.gz,157,17.463177,success
2026-06-01T06:29:10,Germany,mirror.netcologne.de,FTP,ftp://mirror.netcologne.de/ubuntu/ls-lR.gz,69,8.834880,success
2026-06-01T06:29:19,Germany,mirror.netcologne.de,HTTP,http://mirror.netcologne.de/ubuntu/ls-lR.gz,69,8.636556,success
2026-06-01T06:29:27,Germany,mirror.netcologne.de,HTTPS,https://mirror.netcologne.de/ubuntu/ls-lR.gz,69,8.010887,success
2026-06-01T06:29:38,Asia,aze.archive.ubuntu.com,FTP,ftp://aze.archive.ubuntu.com/ubuntu/ls-lR.gz,90,7.451830,success
2026-06-01T06:29:42,Asia,aze.archive.ubuntu.com,HTTP,http://aze.archive.ubuntu.com/ubuntu/ls-lR.gz,90,4.463914,success
2026-06-01T06:29:46,Asia,aze.archive.ubuntu.com,HTTPS,https://aze.archive.ubuntu.com/ubuntu/ls-lR.gz,90,4.358864,success
2026-06-01T06:30:05,USA,ftp.osuosl.org,FTP,ftp://ftp.osuosl.org/pub/ubuntu/ls-lR.gz,136,14.932037,success
2026-06-01T06:30:19,USA,ftp.osuosl.org,HTTP,http://ftp.osuosl.org/pub/ubuntu/ls-lR.gz,136,13.828106,success
2026-06-01T06:30:40,USA,ftp.osuosl.org,HTTPS,https://ftp.osuosl.org/pub/ubuntu/ls-lR.gz,136,21.325970,success
2026-06-01T06:40:52,Germany,mirror.netcologne.de,FTP,ftp://mirror.netcologne.de/ubuntu/ls-lR.gz,70,8.858715,success
2026-06-01T06:41:01,Germany,mirror.netcologne.de,HTTP,http://mirror.netcologne.de/ubuntu/ls-lR.gz,70,8.690012,success
2026-06-01T06:41:09,Germany,mirror.netcologne.de,HTTPS,https://mirror.netcologne.de/ubuntu/ls-lR.gz,70,7.765824,success
2026-06-01T06:41:19,Asia,aze.archive.ubuntu.com,FTP,ftp://aze.archive.ubuntu.com/ubuntu/ls-lR.gz,148,7.144726,success
2026-06-01T06:41:25,Asia,aze.archive.ubuntu.com,HTTP,http://aze.archive.ubuntu.com/ubuntu/ls-lR.gz,148,5.540343,success
2026-06-01T06:41:31,Asia,aze.archive.ubuntu.com,HTTPS,https://aze.archive.ubuntu.com/ubuntu/ls-lR.gz,148,5.652710,success
2026-06-01T06:41:48,USA,ftp.osuosl.org,FTP,ftp://ftp.osuosl.org/pub/ubuntu/ls-lR.gz,137,13.961139,success
2026-06-01T06:41:59,USA,ftp.osuosl.org,HTTP,http://ftp.osuosl.org/pub/ubuntu/ls-lR.gz,137,10.576049,success
2026-06-01T06:42:13,USA,ftp.osuosl.org,HTTPS,https://ftp.osuosl.org/pub/ubuntu/ls-lR.gz,137,13.800738,success
2026-06-01T06:52:24,Germany,mirror.netcologne.de,FTP,ftp://mirror.netcologne.de/ubuntu/ls-lR.gz,69,7.702916,success
2026-06-01T06:52:32,Germany,mirror.netcologne.de,HTTP,http://mirror.netcologne.de/ubuntu/ls-lR.gz,69,8.403445,success
2026-06-01T06:52:40,Germany,mirror.netcologne.de,HTTPS,https://mirror.netcologne.de/ubuntu/ls-lR.gz,69,7.811978,success
2026-06-01T06:52:48,Asia,aze.archive.ubuntu.com,FTP,ftp://aze.archive.ubuntu.com/ubuntu/ls-lR.gz,73,4.777992,success
2026-06-01T06:52:52,Asia,aze.archive.ubuntu.com,HTTP,http://aze.archive.ubuntu.com/ubuntu/ls-lR.gz,73,3.849533,success
2026-06-01T06:52:56,Asia,aze.archive.ubuntu.com,HTTPS,https://aze.archive.ubuntu.com/ubuntu/ls-lR.gz,73,4.562742,success
2026-06-01T06:53:14,USA,ftp.osuosl.org,FTP,ftp://ftp.osuosl.org/pub/ubuntu/ls-lR.gz,156,14.650054,success
2026-06-01T06:53:32,USA,ftp.osuosl.org,HTTP,http://ftp.osuosl.org/pub/ubuntu/ls-lR.gz,156,17.732359,success
2026-06-01T06:53:47,USA,ftp.osuosl.org,HTTPS,https://ftp.osuosl.org/pub/ubuntu/ls-lR.gz,156,14.512546,success
2026-06-01T07:03:58,Germany,mirror.netcologne.de,FTP,ftp://mirror.netcologne.de/ubuntu/ls-lR.gz,69,8.463090,success
2026-06-01T07:04:06,Germany,mirror.netcologne.de,HTTP,http://mirror.netcologne.de/ubuntu/ls-lR.gz,69,7.404516,success
2026-06-01T07:04:15,Germany,mirror.netcologne.de,HTTPS,https://mirror.netcologne.de/ubuntu/ls-lR.gz,69,8.619771,success
2026-06-01T07:04:26,Asia,aze.archive.ubuntu.com,FTP,ftp://aze.archive.ubuntu.com/ubuntu/ls-lR.gz,164,7.488193,success
2026-06-01T07:04:31,Asia,aze.archive.ubuntu.com,HTTP,http://aze.archive.ubuntu.com/ubuntu/ls-lR.gz,164,5.829628,success
2026-06-01T07:04:37,Asia,aze.archive.ubuntu.com,HTTPS,https://aze.archive.ubuntu.com/ubuntu/ls-lR.gz,164,5.497822,success
2026-06-01T07:05:37,USA,ftp.osuosl.org,FTP,ftp://ftp.osuosl.org/pub/ubuntu/ls-lR.gz,211,56.628676,success
2026-06-01T07:06:32,USA,ftp.osuosl.org,HTTP,http://ftp.osuosl.org/pub/ubuntu/ls-lR.gz,211,54.531593,success
2026-06-01T07:08:23,USA,ftp.osuosl.org,HTTPS,https://ftp.osuosl.org/pub/ubuntu/ls-lR.gz,211,111.620738,success
2026-06-01T07:18:35,Germany,mirror.netcologne.de,FTP,ftp://mirror.netcologne.de/ubuntu/ls-lR.gz,69,8.219587,success
2026-06-01T07:18:42,Germany,mirror.netcologne.de,HTTP,http://mirror.netcologne.de/ubuntu/ls-lR.gz,69,6.962358,success
2026-06-01T07:18:49,Germany,mirror.netcologne.de,HTTPS,https://mirror.netcologne.de/ubuntu/ls-lR.gz,69,7.225935,success
2026-06-01T07:18:57,Asia,aze.archive.ubuntu.com,FTP,ftp://aze.archive.ubuntu.com/ubuntu/ls-lR.gz,72,4.625241,success
2026-06-01T07:19:01,Asia,aze.archive.ubuntu.com,HTTP,http://aze.archive.ubuntu.com/ubuntu/ls-lR.gz,72,4.304241,success
2026-06-01T07:19:06,Asia,aze.archive.ubuntu.com,HTTPS,https://aze.archive.ubuntu.com/ubuntu/ls-lR.gz,72,4.322312,success
2026-06-01T07:19:25,USA,ftp.osuosl.org,FTP,ftp://ftp.osuosl.org/pub/ubuntu/ls-lR.gz,136,15.968468,success
2026-06-01T07:19:46,USA,ftp.osuosl.org,HTTP,http://ftp.osuosl.org/pub/ubuntu/ls-lR.gz,136,20.729211,success
2026-06-01T07:20:08,USA,ftp.osuosl.org,HTTPS,https://ftp.osuosl.org/pub/ubuntu/ls-lR.gz,136,21.433389,success
2026-06-01T07:30:20,Germany,mirror.netcologne.de,FTP,ftp://mirror.netcologne.de/ubuntu/ls-lR.gz,70,9.376754,success
2026-06-01T07:30:27,Germany,mirror.netcologne.de,HTTP,http://mirror.netcologne.de/ubuntu/ls-lR.gz,70,6.606247,success
2026-06-01T07:30:35,Germany,mirror.netcologne.de,HTTPS,https://mirror.netcologne.de/ubuntu/ls-lR.gz,70,8.496621,success
2026-06-01T07:30:46,Asia,aze.archive.ubuntu.com,FTP,ftp://aze.archive.ubuntu.com/ubuntu/ls-lR.gz,146,7.517669,success
2026-06-01T07:30:52,Asia,aze.archive.ubuntu.com,HTTP,http://aze.archive.ubuntu.com/ubuntu/ls-lR.gz,146,5.461640,success
2026-06-01T07:30:57,Asia,aze.archive.ubuntu.com,HTTPS,https://aze.archive.ubuntu.com/ubuntu/ls-lR.gz,146,5.640053,success
2026-06-01T07:32:00,USA,ftp.osuosl.org,FTP,ftp://ftp.osuosl.org/pub/ubuntu/ls-lR.gz,213,59.101070,success
2026-06-01T07:32:33,USA,ftp.osuosl.org,HTTP,http://ftp.osuosl.org/pub/ubuntu/ls-lR.gz,213,33.203986,success
2026-06-01T07:34:34,USA,ftp.osuosl.org,HTTPS,https://ftp.osuosl.org/pub/ubuntu/ls-lR.gz,213,120.294490,success
2026-06-01T07:44:46,Germany,mirror.netcologne.de,FTP,ftp://mirror.netcologne.de/ubuntu/ls-lR.gz,71,8.550864,success
2026-06-01T07:44:54,Germany,mirror.netcologne.de,HTTP,http://mirror.netcologne.de/ubuntu/ls-lR.gz,71,8.546215,success
2026-06-01T07:45:01,Germany,mirror.netcologne.de,HTTPS,https://mirror.netcologne.de/ubuntu/ls-lR.gz,71,6.659334,success
2026-06-01T07:45:09,Asia,aze.archive.ubuntu.com,FTP,ftp://aze.archive.ubuntu.com/ubuntu/ls-lR.gz,101,4.818758,success
2026-06-01T07:45:13,Asia,aze.archive.ubuntu.com,HTTP,http://aze.archive.ubuntu.com/ubuntu/ls-lR.gz,101,4.086014,success
2026-06-01T07:45:18,Asia,aze.archive.ubuntu.com,HTTPS,https://aze.archive.ubuntu.com/ubuntu/ls-lR.gz,101,4.447438,success
2026-06-01T07:45:37,USA,ftp.osuosl.org,FTP,ftp://ftp.osuosl.org/pub/ubuntu/ls-lR.gz,155,15.758367,success
2026-06-01T07:45:51,USA,ftp.osuosl.org,HTTP,http://ftp.osuosl.org/pub/ubuntu/ls-lR.gz,155,13.528497,success
2026-06-01T07:46:02,USA,ftp.osuosl.org,HTTPS,https://ftp.osuosl.org/pub/ubuntu/ls-lR.gz,155,11.786778,success
2026-06-01T07:56:15,Germany,mirror.netcologne.de,FTP,ftp://mirror.netcologne.de/ubuntu/ls-lR.gz,70,8.941172,success
2026-06-01T07:56:22,Germany,mirror.netcologne.de,HTTP,http://mirror.netcologne.de/ubuntu/ls-lR.gz,70,7.485223,success
2026-06-01T07:56:32,Germany,mirror.netcologne.de,HTTPS,https://mirror.netcologne.de/ubuntu/ls-lR.gz,70,9.407579,success
2026-06-01T07:56:40,Asia,aze.archive.ubuntu.com,FTP,ftp://aze.archive.ubuntu.com/ubuntu/ls-lR.gz,76,4.661930,success
2026-06-01T07:56:44,Asia,aze.archive.ubuntu.com,HTTP,http://aze.archive.ubuntu.com/ubuntu/ls-lR.gz,76,3.999198,success
2026-06-01T07:56:48,Asia,aze.archive.ubuntu.com,HTTPS,https://aze.archive.ubuntu.com/ubuntu/ls-lR.gz,76,4.560156,success
2026-06-01T07:57:10,USA,ftp.osuosl.org,FTP,ftp://ftp.osuosl.org/pub/ubuntu/ls-lR.gz,156,18.260114,success
2026-06-01T07:57:27,USA,ftp.osuosl.org,HTTP,http://ftp.osuosl.org/pub/ubuntu/ls-lR.gz,156,17.386924,success
2026-06-01T07:57:44,USA,ftp.osuosl.org,HTTPS,https://ftp.osuosl.org/pub/ubuntu/ls-lR.gz,156,16.340449,success
2026-06-01T08:07:55,Germany,mirror.netcologne.de,FTP,ftp://mirror.netcologne.de/ubuntu/ls-lR.gz,74,7.850183,success
2026-06-01T08:08:03,Germany,mirror.netcologne.de,HTTP,http://mirror.netcologne.de/ubuntu/ls-lR.gz,74,7.839648,success
2026-06-01T08:08:11,Germany,mirror.netcologne.de,HTTPS,https://mirror.netcologne.de/ubuntu/ls-lR.gz,74,8.107196,success
2026-06-01T08:08:29,Asia,aze.archive.ubuntu.com,FTP,ftp://aze.archive.ubuntu.com/ubuntu/ls-lR.gz,144,7.390809,success
2026-06-01T08:08:35,Asia,aze.archive.ubuntu.com,HTTP,http://aze.archive.ubuntu.com/ubuntu/ls-lR.gz,144,5.320738,success
2026-06-01T08:08:40,Asia,aze.archive.ubuntu.com,HTTPS,https://aze.archive.ubuntu.com/ubuntu/ls-lR.gz,144,5.295435,success
2026-06-01T08:08:58,USA,ftp.osuosl.org,FTP,ftp://ftp.osuosl.org/pub/ubuntu/ls-lR.gz,135,14.603281,success
2026-06-01T08:09:12,USA,ftp.osuosl.org,HTTP,http://ftp.osuosl.org/pub/ubuntu/ls-lR.gz,135,13.739353,success
2026-06-01T08:09:25,USA,ftp.osuosl.org,HTTPS,https://ftp.osuosl.org/pub/ubuntu/ls-lR.gz,135,13.498578,success
2026-06-01T08:19:37,Germany,mirror.netcologne.de,FTP,ftp://mirror.netcologne.de/ubuntu/ls-lR.gz,69,8.088823,success
2026-06-01T08:19:44,Germany,mirror.netcologne.de,HTTP,http://mirror.netcologne.de/ubuntu/ls-lR.gz,69,7.338439,success
2026-06-01T08:19:52,Germany,mirror.netcologne.de,HTTPS,https://mirror.netcologne.de/ubuntu/ls-lR.gz,69,7.417524,success
2026-06-01T08:20:02,Asia,aze.archive.ubuntu.com,FTP,ftp://aze.archive.ubuntu.com/ubuntu/ls-lR.gz,149,6.870962,success
2026-06-01T08:20:07,Asia,aze.archive.ubuntu.com,HTTP,http://aze.archive.ubuntu.com/ubuntu/ls-lR.gz,149,5.319829,success
2026-06-01T08:20:13,Asia,aze.archive.ubuntu.com,HTTPS,https://aze.archive.ubuntu.com/ubuntu/ls-lR.gz,149,5.895473,success
2026-06-01T08:20:57,USA,ftp.osuosl.org,FTP,ftp://ftp.osuosl.org/pub/ubuntu/ls-lR.gz,211,39.599151,success
2026-06-01T08:21:50,USA,ftp.osuosl.org,HTTP,http://ftp.osuosl.org/pub/ubuntu/ls-lR.gz,211,52.970183,success
2026-06-01T08:23:22,USA,ftp.osuosl.org,HTTPS,https://ftp.osuosl.org/pub/ubuntu/ls-lR.gz,211,92.455052,success
2026-06-01T08:33:33,Germany,mirror.netcologne.de,FTP,ftp://mirror.netcologne.de/ubuntu/ls-lR.gz,69,7.484802,success
2026-06-01T08:33:41,Germany,mirror.netcologne.de,HTTP,http://mirror.netcologne.de/ubuntu/ls-lR.gz,69,7.783231,success
2026-06-01T08:33:48,Germany,mirror.netcologne.de,HTTPS,https://mirror.netcologne.de/ubuntu/ls-lR.gz,69,7.696261,success
2026-06-01T08:33:57,Asia,aze.archive.ubuntu.com,FTP,ftp://aze.archive.ubuntu.com/ubuntu/ls-lR.gz,181,5.375548,success
2026-06-01T08:34:03,Asia,aze.archive.ubuntu.com,HTTP,http://aze.archive.ubuntu.com/ubuntu/ls-lR.gz,181,5.503968,success
2026-06-01T08:34:09,Asia,aze.archive.ubuntu.com,HTTPS,https://aze.archive.ubuntu.com/ubuntu/ls-lR.gz,181,5.774501,success
2026-06-01T08:34:30,USA,ftp.osuosl.org,FTP,ftp://ftp.osuosl.org/pub/ubuntu/ls-lR.gz,157,17.614764,success
2026-06-01T08:34:48,USA,ftp.osuosl.org,HTTP,http://ftp.osuosl.org/pub/ubuntu/ls-lR.gz,157,17.919496,success
2026-06-01T08:35:03,USA,ftp.osuosl.org,HTTPS,https://ftp.osuosl.org/pub/ubuntu/ls-lR.gz,157,15.489953,success
2026-06-01T08:45:15,Germany,mirror.netcologne.de,FTP,ftp://mirror.netcologne.de/ubuntu/ls-lR.gz,69,8.578454,success
2026-06-01T08:45:23,Germany,mirror.netcologne.de,HTTP,http://mirror.netcologne.de/ubuntu/ls-lR.gz,69,8.244596,success
2026-06-01T08:45:31,Germany,mirror.netcologne.de,HTTPS,https://mirror.netcologne.de/ubuntu/ls-lR.gz,69,7.093062,success
2026-06-01T08:45:40,Asia,aze.archive.ubuntu.com,FTP,ftp://aze.archive.ubuntu.com/ubuntu/ls-lR.gz,88,5.758267,success
2026-06-01T08:45:44,Asia,aze.archive.ubuntu.com,HTTP,http://aze.archive.ubuntu.com/ubuntu/ls-lR.gz,88,4.257059,success
2026-06-01T08:45:48,Asia,aze.archive.ubuntu.com,HTTPS,https://aze.archive.ubuntu.com/ubuntu/ls-lR.gz,88,4.297564,success
2026-06-01T08:46:51,USA,ftp.osuosl.org,FTP,ftp://ftp.osuosl.org/pub/ubuntu/ls-lR.gz,211,58.982668,success
2026-06-01T08:47:48,USA,ftp.osuosl.org,HTTP,http://ftp.osuosl.org/pub/ubuntu/ls-lR.gz,211,56.823516,success
2026-06-01T08:49:42,USA,ftp.osuosl.org,HTTPS,https://ftp.osuosl.org/pub/ubuntu/ls-lR.gz,211,114.304734,success
2026-06-01T08:59:53,Germany,mirror.netcologne.de,FTP,ftp://mirror.netcologne.de/ubuntu/ls-lR.gz,71,7.637582,success
2026-06-01T09:00:01,Germany,mirror.netcologne.de,HTTP,http://mirror.netcologne.de/ubuntu/ls-lR.gz,71,7.631856,success
2026-06-01T09:00:08,Germany,mirror.netcologne.de,HTTPS,https://mirror.netcologne.de/ubuntu/ls-lR.gz,71,6.782203,success
2026-06-01T09:00:16,Asia,aze.archive.ubuntu.com,FTP,ftp://aze.archive.ubuntu.com/ubuntu/ls-lR.gz,103,5.133761,success
2026-06-01T09:00:20,Asia,aze.archive.ubuntu.com,HTTP,http://aze.archive.ubuntu.com/ubuntu/ls-lR.gz,103,4.198422,success
2026-06-01T09:00:24,Asia,aze.archive.ubuntu.com,HTTPS,https://aze.archive.ubuntu.com/ubuntu/ls-lR.gz,103,4.089601,success
2026-06-01T09:00:47,USA,ftp.osuosl.org,FTP,ftp://ftp.osuosl.org/pub/ubuntu/ls-lR.gz,159,18.737078,success
2026-06-01T09:01:01,USA,ftp.osuosl.org,HTTP,http://ftp.osuosl.org/pub/ubuntu/ls-lR.gz,159,14.658408,success
2026-06-01T09:01:19,USA,ftp.osuosl.org,HTTPS,https://ftp.osuosl.org/pub/ubuntu/ls-lR.gz,159,17.433741,success
2026-06-01T09:11:30,Germany,mirror.netcologne.de,FTP,ftp://mirror.netcologne.de/ubuntu/ls-lR.gz,68,7.728546,success
2026-06-01T09:11:39,Germany,mirror.netcologne.de,HTTP,http://mirror.netcologne.de/ubuntu/ls-lR.gz,68,9.454756,success
2026-06-01T09:11:46,Germany,mirror.netcologne.de,HTTPS,https://mirror.netcologne.de/ubuntu/ls-lR.gz,68,7.020742,success
2026-06-01T09:12:01,Asia,aze.archive.ubuntu.com,FTP,ftp://aze.archive.ubuntu.com/ubuntu/ls-lR.gz,145,11.456239,success
2026-06-01T09:12:07,Asia,aze.archive.ubuntu.com,HTTP,http://aze.archive.ubuntu.com/ubuntu/ls-lR.gz,145,5.381171,success
2026-06-01T09:12:13,Asia,aze.archive.ubuntu.com,HTTPS,https://aze.archive.ubuntu.com/ubuntu/ls-lR.gz,145,6.124219,success
2026-06-01T09:12:31,USA,ftp.osuosl.org,FTP,ftp://ftp.osuosl.org/pub/ubuntu/ls-lR.gz,137,14.554525,success
2026-06-01T09:12:45,USA,ftp.osuosl.org,HTTP,http://ftp.osuosl.org/pub/ubuntu/ls-lR.gz,137,13.474531,success
2026-06-01T09:12:57,USA,ftp.osuosl.org,HTTPS,https://ftp.osuosl.org/pub/ubuntu/ls-lR.gz,137,12.342613,success
2026-06-01T09:23:09,Germany,mirror.netcologne.de,FTP,ftp://mirror.netcologne.de/ubuntu/ls-lR.gz,73,8.992028,success
2026-06-01T09:23:17,Germany,mirror.netcologne.de,HTTP,http://mirror.netcologne.de/ubuntu/ls-lR.gz,73,7.733155,success
2026-06-01T09:23:25,Germany,mirror.netcologne.de,HTTPS,https://mirror.netcologne.de/ubuntu/ls-lR.gz,73,8.432440,success
2026-06-01T09:23:34,Asia,aze.archive.ubuntu.com,FTP,ftp://aze.archive.ubuntu.com/ubuntu/ls-lR.gz,84,4.877772,success
2026-06-01T09:23:38,Asia,aze.archive.ubuntu.com,HTTP,http://aze.archive.ubuntu.com/ubuntu/ls-lR.gz,84,4.650729,success
2026-06-01T09:23:43,Asia,aze.archive.ubuntu.com,HTTPS,https://aze.archive.ubuntu.com/ubuntu/ls-lR.gz,84,4.452984,success
2026-06-01T09:24:19,USA,ftp.osuosl.org,FTP,ftp://ftp.osuosl.org/pub/ubuntu/ls-lR.gz,211,32.773260,success
2026-06-01T09:24:52,USA,ftp.osuosl.org,HTTP,http://ftp.osuosl.org/pub/ubuntu/ls-lR.gz,211,32.842315,success
2026-06-01T09:25:52,USA,ftp.osuosl.org,HTTPS,https://ftp.osuosl.org/pub/ubuntu/ls-lR.gz,211,59.498779,success
2026-06-01T09:36:02,Germany,mirror.netcologne.de,FTP,ftp://mirror.netcologne.de/ubuntu/ls-lR.gz,69,6.929648,success
2026-06-01T09:36:10,Germany,mirror.netcologne.de,HTTP,http://mirror.netcologne.de/ubuntu/ls-lR.gz,69,8.407490,success
2026-06-01T09:36:19,Germany,mirror.netcologne.de,HTTPS,https://mirror.netcologne.de/ubuntu/ls-lR.gz,69,8.515013,success
2026-06-01T09:36:32,Asia,aze.archive.ubuntu.com,FTP,ftp://aze.archive.ubuntu.com/ubuntu/ls-lR.gz,147,9.279232,success
2026-06-01T09:36:37,Asia,aze.archive.ubuntu.com,HTTP,http://aze.archive.ubuntu.com/ubuntu/ls-lR.gz,147,5.453691,success
2026-06-01T09:36:43,Asia,aze.archive.ubuntu.com,HTTPS,https://aze.archive.ubuntu.com/ubuntu/ls-lR.gz,147,5.604803,success
2026-06-01T09:37:44,USA,ftp.osuosl.org,FTP,ftp://ftp.osuosl.org/pub/ubuntu/ls-lR.gz,210,57.359074,success
2026-06-01T09:38:24,USA,ftp.osuosl.org,HTTP,http://ftp.osuosl.org/pub/ubuntu/ls-lR.gz,210,40.228697,success
2026-06-01T09:39:27,USA,ftp.osuosl.org,HTTPS,https://ftp.osuosl.org/pub/ubuntu/ls-lR.gz,210,62.819697,success
2026-06-01T09:49:39,Germany,mirror.netcologne.de,FTP,ftp://mirror.netcologne.de/ubuntu/ls-lR.gz,69,8.999596,success
2026-06-01T09:49:46,Germany,mirror.netcologne.de,HTTP,http://mirror.netcologne.de/ubuntu/ls-lR.gz,69,6.510550,success
2026-06-01T09:49:55,Germany,mirror.netcologne.de,HTTPS,https://mirror.netcologne.de/ubuntu/ls-lR.gz,69,9.030501,success
2026-06-01T09:50:03,Asia,aze.archive.ubuntu.com,FTP,ftp://aze.archive.ubuntu.com/ubuntu/ls-lR.gz,75,4.566449,success
2026-06-01T09:50:07,Asia,aze.archive.ubuntu.com,HTTP,http://aze.archive.ubuntu.com/ubuntu/ls-lR.gz,75,4.645824,success
2026-06-01T09:50:12,Asia,aze.archive.ubuntu.com,HTTPS,https://aze.archive.ubuntu.com/ubuntu/ls-lR.gz,75,4.529049,success
2026-06-01T09:50:31,USA,ftp.osuosl.org,FTP,ftp://ftp.osuosl.org/pub/ubuntu/ls-lR.gz,137,15.772493,success
2026-06-01T09:50:43,USA,ftp.osuosl.org,HTTP,http://ftp.osuosl.org/pub/ubuntu/ls-lR.gz,137,11.785438,success
2026-06-01T09:50:59,USA,ftp.osuosl.org,HTTPS,https://ftp.osuosl.org/pub/ubuntu/ls-lR.gz,137,15.533824,success
2026-06-01T10:00:47,Germany,mirror.netcologne.de,FTP,ftp://mirror.netcologne.de/ubuntu/ls-lR.gz,72,8.178152,success
2026-06-01T10:00:55,Germany,mirror.netcologne.de,HTTP,http://mirror.netcologne.de/ubuntu/ls-lR.gz,72,7.082642,success
2026-06-01T10:01:02,Germany,mirror.netcologne.de,HTTPS,https://mirror.netcologne.de/ubuntu/ls-lR.gz,72,6.894604,success
2026-06-01T10:01:12,Asia,aze.archive.ubuntu.com,FTP,ftp://aze.archive.ubuntu.com/ubuntu/ls-lR.gz,89,7.327810,success
2026-06-01T10:01:17,Asia,aze.archive.ubuntu.com,HTTP,http://aze.archive.ubuntu.com/ubuntu/ls-lR.gz,89,4.366912,success
2026-06-01T10:01:21,Asia,aze.archive.ubuntu.com,HTTPS,https://aze.archive.ubuntu.com/ubuntu/ls-lR.gz,89,4.467937,success
2026-06-01T10:01:41,USA,ftp.osuosl.org,FTP,ftp://ftp.osuosl.org/pub/ubuntu/ls-lR.gz,135,16.790848,success
2026-06-01T10:01:54,USA,ftp.osuosl.org,HTTP,http://ftp.osuosl.org/pub/ubuntu/ls-lR.gz,135,12.834530,success
2026-06-01T10:02:08,USA,ftp.osuosl.org,HTTPS,https://ftp.osuosl.org/pub/ubuntu/ls-lR.gz,135,13.382846,success
2026-06-01T10:12:20,Germany,mirror.netcologne.de,FTP,ftp://mirror.netcologne.de/ubuntu/ls-lR.gz,70,9.227653,success
2026-06-01T10:12:29,Germany,mirror.netcologne.de,HTTP,http://mirror.netcologne.de/ubuntu/ls-lR.gz,70,8.691107,success
2026-06-01T10:12:37,Germany,mirror.netcologne.de,HTTPS,https://mirror.netcologne.de/ubuntu/ls-lR.gz,70,8.158555,success
2026-06-01T10:12:45,Asia,aze.archive.ubuntu.com,FTP,ftp://aze.archive.ubuntu.com/ubuntu/ls-lR.gz,76,4.860885,success
2026-06-01T10:12:50,Asia,aze.archive.ubuntu.com,HTTP,http://aze.archive.ubuntu.com/ubuntu/ls-lR.gz,76,4.127551,success
2026-06-01T10:12:55,Asia,aze.archive.ubuntu.com,HTTPS,https://aze.archive.ubuntu.com/ubuntu/ls-lR.gz,76,4.926088,success
2026-06-01T10:13:15,USA,ftp.osuosl.org,FTP,ftp://ftp.osuosl.org/pub/ubuntu/ls-lR.gz,165,16.640735,success
2026-06-01T10:13:29,USA,ftp.osuosl.org,HTTP,http://ftp.osuosl.org/pub/ubuntu/ls-lR.gz,165,14.385736,success
2026-06-01T10:13:44,USA,ftp.osuosl.org,HTTPS,https://ftp.osuosl.org/pub/ubuntu/ls-lR.gz,165,14.623699,success
2026-06-01T10:23:55,Germany,mirror.netcologne.de,FTP,ftp://mirror.netcologne.de/ubuntu/ls-lR.gz,69,8.194345,success
2026-06-01T10:24:03,Germany,mirror.netcologne.de,HTTP,http://mirror.netcologne.de/ubuntu/ls-lR.gz,69,7.807127,success
2026-06-01T10:24:11,Germany,mirror.netcologne.de,HTTPS,https://mirror.netcologne.de/ubuntu/ls-lR.gz,69,8.094432,success
2026-06-01T10:24:20,Asia,aze.archive.ubuntu.com,FTP,ftp://aze.archive.ubuntu.com/ubuntu/ls-lR.gz,101,5.406590,success
2026-06-01T10:24:24,Asia,aze.archive.ubuntu.com,HTTP,http://aze.archive.ubuntu.com/ubuntu/ls-lR.gz,101,4.289558,success
2026-06-01T10:24:29,Asia,aze.archive.ubuntu.com,HTTPS,https://aze.archive.ubuntu.com/ubuntu/ls-lR.gz,101,4.196628,success
2026-06-01T10:24:53,USA,ftp.osuosl.org,FTP,ftp://ftp.osuosl.org/pub/ubuntu/ls-lR.gz,140,20.802711,success
2026-06-01T10:25:07,USA,ftp.osuosl.org,HTTP,http://ftp.osuosl.org/pub/ubuntu/ls-lR.gz,140,14.435798,success
2026-06-01T10:25:39,USA,ftp.osuosl.org,HTTPS,https://ftp.osuosl.org/pub/ubuntu/ls-lR.gz,140,31.118337,success
2026-06-01T10:35:52,Germany,mirror.netcologne.de,FTP,ftp://mirror.netcologne.de/ubuntu/ls-lR.gz,69,10.418551,success
2026-06-01T10:36:01,Germany,mirror.netcologne.de,HTTP,http://mirror.netcologne.de/ubuntu/ls-lR.gz,69,8.403742,success
2026-06-01T10:36:09,Germany,mirror.netcologne.de,HTTPS,https://mirror.netcologne.de/ubuntu/ls-lR.gz,69,7.795567,success
2026-06-01T10:36:17,Asia,aze.archive.ubuntu.com,FTP,ftp://aze.archive.ubuntu.com/ubuntu/ls-lR.gz,103,4.966269,success
2026-06-01T10:36:22,Asia,aze.archive.ubuntu.com,HTTP,http://aze.archive.ubuntu.com/ubuntu/ls-lR.gz,103,4.622710,success
2026-06-01T10:36:27,Asia,aze.archive.ubuntu.com,HTTPS,https://aze.archive.ubuntu.com/ubuntu/ls-lR.gz,103,4.931482,success
2026-06-01T10:36:47,USA,ftp.osuosl.org,FTP,ftp://ftp.osuosl.org/pub/ubuntu/ls-lR.gz,155,17.288250,success
2026-06-01T10:37:00,USA,ftp.osuosl.org,HTTP,http://ftp.osuosl.org/pub/ubuntu/ls-lR.gz,155,13.050381,success
2026-06-01T10:37:22,USA,ftp.osuosl.org,HTTPS,https://ftp.osuosl.org/pub/ubuntu/ls-lR.gz,155,21.386736,success
2026-06-01T10:47:33,Germany,mirror.netcologne.de,FTP,ftp://mirror.netcologne.de/ubuntu/ls-lR.gz,70,8.103860,success
2026-06-01T10:47:41,Germany,mirror.netcologne.de,HTTP,http://mirror.netcologne.de/ubuntu/ls-lR.gz,70,7.151226,success
2026-06-01T10:47:48,Germany,mirror.netcologne.de,HTTPS,https://mirror.netcologne.de/ubuntu/ls-lR.gz,70,7.590531,success
2026-06-01T10:47:59,Asia,aze.archive.ubuntu.com,FTP,ftp://aze.archive.ubuntu.com/ubuntu/ls-lR.gz,147,7.266378,success
2026-06-01T10:48:04,Asia,aze.archive.ubuntu.com,HTTP,http://aze.archive.ubuntu.com/ubuntu/ls-lR.gz,147,5.414498,success
2026-06-01T10:48:10,Asia,aze.archive.ubuntu.com,HTTPS,https://aze.archive.ubuntu.com/ubuntu/ls-lR.gz,147,5.305807,success
2026-06-01T10:48:26,USA,ftp.osuosl.org,FTP,ftp://ftp.osuosl.org/pub/ubuntu/ls-lR.gz,137,13.035652,success
2026-06-01T10:48:41,USA,ftp.osuosl.org,HTTP,http://ftp.osuosl.org/pub/ubuntu/ls-lR.gz,137,14.777413,success
2026-06-01T10:48:52,USA,ftp.osuosl.org,HTTPS,https://ftp.osuosl.org/pub/ubuntu/ls-lR.gz,137,10.850088,success
2026-06-01T10:59:04,Germany,mirror.netcologne.de,FTP,ftp://mirror.netcologne.de/ubuntu/ls-lR.gz,69,8.852531,success
2026-06-01T10:59:11,Germany,mirror.netcologne.de,HTTP,http://mirror.netcologne.de/ubuntu/ls-lR.gz,69,7.090157,success
2026-06-01T10:59:19,Germany,mirror.netcologne.de,HTTPS,https://mirror.netcologne.de/ubuntu/ls-lR.gz,69,7.871340,success
2026-06-01T10:59:28,Asia,aze.archive.ubuntu.com,FTP,ftp://aze.archive.ubuntu.com/ubuntu/ls-lR.gz,70,5.614550,success
2026-06-01T10:59:32,Asia,aze.archive.ubuntu.com,HTTP,http://aze.archive.ubuntu.com/ubuntu/ls-lR.gz,70,4.243751,success
2026-06-01T10:59:37,Asia,aze.archive.ubuntu.com,HTTPS,https://aze.archive.ubuntu.com/ubuntu/ls-lR.gz,70,4.176583,success
2026-06-01T10:59:58,USA,ftp.osuosl.org,FTP,ftp://ftp.osuosl.org/pub/ubuntu/ls-lR.gz,169,18.258993,success
2026-06-01T11:00:13,USA,ftp.osuosl.org,HTTP,http://ftp.osuosl.org/pub/ubuntu/ls-lR.gz,169,14.349041,success
2026-06-01T11:00:31,USA,ftp.osuosl.org,HTTPS,https://ftp.osuosl.org/pub/ubuntu/ls-lR.gz,169,17.668684,success
2026-06-01T11:10:42,Germany,mirror.netcologne.de,FTP,ftp://mirror.netcologne.de/ubuntu/ls-lR.gz,74,8.451147,success
2026-06-01T11:10:50,Germany,mirror.netcologne.de,HTTP,http://mirror.netcologne.de/ubuntu/ls-lR.gz,74,7.248082,success
2026-06-01T11:10:59,Germany,mirror.netcologne.de,HTTPS,https://mirror.netcologne.de/ubuntu/ls-lR.gz,74,9.420613,success
2026-06-01T11:11:10,Asia,aze.archive.ubuntu.com,FTP,ftp://aze.archive.ubuntu.com/ubuntu/ls-lR.gz,149,7.150794,success
2026-06-01T11:11:15,Asia,aze.archive.ubuntu.com,HTTP,http://aze.archive.ubuntu.com/ubuntu/ls-lR.gz,149,5.477181,success
2026-06-01T11:11:21,Asia,aze.archive.ubuntu.com,HTTPS,https://aze.archive.ubuntu.com/ubuntu/ls-lR.gz,149,5.515423,success
2026-06-01T11:11:49,USA,ftp.osuosl.org,FTP,ftp://ftp.osuosl.org/pub/ubuntu/ls-lR.gz,211,24.768176,success
2026-06-01T11:12:08,USA,ftp.osuosl.org,HTTP,http://ftp.osuosl.org/pub/ubuntu/ls-lR.gz,211,19.052301,success
2026-06-01T11:12:25,USA,ftp.osuosl.org,HTTPS,https://ftp.osuosl.org/pub/ubuntu/ls-lR.gz,211,17.034180,success
2026-06-01T11:22:37,Germany,mirror.netcologne.de,FTP,ftp://mirror.netcologne.de/ubuntu/ls-lR.gz,69,8.117364,success
2026-06-01T11:22:46,Germany,mirror.netcologne.de,HTTP,http://mirror.netcologne.de/ubuntu/ls-lR.gz,69,9.418765,success
2026-06-01T11:22:54,Germany,mirror.netcologne.de,HTTPS,https://mirror.netcologne.de/ubuntu/ls-lR.gz,69,8.134376,success
2026-06-01T11:23:02,Asia,aze.archive.ubuntu.com,FTP,ftp://aze.archive.ubuntu.com/ubuntu/ls-lR.gz,72,4.619079,success
2026-06-01T11:23:07,Asia,aze.archive.ubuntu.com,HTTP,http://aze.archive.ubuntu.com/ubuntu/ls-lR.gz,72,4.078456,success
2026-06-01T11:23:11,Asia,aze.archive.ubuntu.com,HTTPS,https://aze.archive.ubuntu.com/ubuntu/ls-lR.gz,72,4.450497,success
2026-06-01T11:23:32,USA,ftp.osuosl.org,FTP,ftp://ftp.osuosl.org/pub/ubuntu/ls-lR.gz,156,17.667771,success
2026-06-01T11:23:49,USA,ftp.osuosl.org,HTTP,http://ftp.osuosl.org/pub/ubuntu/ls-lR.gz,156,16.582567,success
2026-06-01T11:24:06,USA,ftp.osuosl.org,HTTPS,https://ftp.osuosl.org/pub/ubuntu/ls-lR.gz,156,17.009804,success
2026-06-01T11:34:19,Germany,mirror.netcologne.de,FTP,ftp://mirror.netcologne.de/ubuntu/ls-lR.gz,69,9.350510,success
2026-06-01T11:34:26,Germany,mirror.netcologne.de,HTTP,http://mirror.netcologne.de/ubuntu/ls-lR.gz,69,7.691312,success
2026-06-01T11:34:34,Germany,mirror.netcologne.de,HTTPS,https://mirror.netcologne.de/ubuntu/ls-lR.gz,69,7.371846,success
2026-06-01T11:34:42,Asia,aze.archive.ubuntu.com,FTP,ftp://aze.archive.ubuntu.com/ubuntu/ls-lR.gz,75,5.302059,success
2026-06-01T11:34:47,Asia,aze.archive.ubuntu.com,HTTP,http://aze.archive.ubuntu.com/ubuntu/ls-lR.gz,75,4.220980,success
2026-06-01T11:34:52,Asia,aze.archive.ubuntu.com,HTTPS,https://aze.archive.ubuntu.com/ubuntu/ls-lR.gz,75,4.948922,success
2026-06-01T11:35:11,USA,ftp.osuosl.org,FTP,ftp://ftp.osuosl.org/pub/ubuntu/ls-lR.gz,160,16.141835,success
2026-06-01T11:35:25,USA,ftp.osuosl.org,HTTP,http://ftp.osuosl.org/pub/ubuntu/ls-lR.gz,160,13.489334,success
2026-06-01T11:35:36,USA,ftp.osuosl.org,HTTPS,https://ftp.osuosl.org/pub/ubuntu/ls-lR.gz,160,11.382172,success
2026-06-01T11:45:48,Germany,mirror.netcologne.de,FTP,ftp://mirror.netcologne.de/ubuntu/ls-lR.gz,71,9.041527,success
2026-06-01T11:45:57,Germany,mirror.netcologne.de,HTTP,http://mirror.netcologne.de/ubuntu/ls-lR.gz,71,8.329594,success
2026-06-01T11:46:05,Germany,mirror.netcologne.de,HTTPS,https://mirror.netcologne.de/ubuntu/ls-lR.gz,71,7.838797,success
2026-06-01T11:46:13,Asia,aze.archive.ubuntu.com,FTP,ftp://aze.archive.ubuntu.com/ubuntu/ls-lR.gz,72,4.896716,success
2026-06-01T11:46:17,Asia,aze.archive.ubuntu.com,HTTP,http://aze.archive.ubuntu.com/ubuntu/ls-lR.gz,72,4.004718,success
2026-06-01T11:46:21,Asia,aze.archive.ubuntu.com,HTTPS,https://aze.archive.ubuntu.com/ubuntu/ls-lR.gz,72,4.390621,success
2026-06-01T11:46:46,USA,ftp.osuosl.org,FTP,ftp://ftp.osuosl.org/pub/ubuntu/ls-lR.gz,137,21.492154,success
2026-06-01T11:47:07,USA,ftp.osuosl.org,HTTP,http://ftp.osuosl.org/pub/ubuntu/ls-lR.gz,137,21.015638,success
2026-06-01T11:47:24,USA,ftp.osuosl.org,HTTPS,https://ftp.osuosl.org/pub/ubuntu/ls-lR.gz,137,16.499651,success
2026-06-01T11:57:35,Germany,mirror.netcologne.de,FTP,ftp://mirror.netcologne.de/ubuntu/ls-lR.gz,70,8.031060,success
2026-06-01T11:57:43,Germany,mirror.netcologne.de,HTTP,http://mirror.netcologne.de/ubuntu/ls-lR.gz,70,7.963557,success
2026-06-01T11:57:51,Germany,mirror.netcologne.de,HTTPS,https://mirror.netcologne.de/ubuntu/ls-lR.gz,70,7.469125,success
2026-06-01T11:58:00,Asia,aze.archive.ubuntu.com,FTP,ftp://aze.archive.ubuntu.com/ubuntu/ls-lR.gz,71,6.153966,success
2026-06-01T11:58:04,Asia,aze.archive.ubuntu.com,HTTP,http://aze.archive.ubuntu.com/ubuntu/ls-lR.gz,71,4.310311,success
2026-06-01T11:58:09,Asia,aze.archive.ubuntu.com,HTTPS,https://aze.archive.ubuntu.com/ubuntu/ls-lR.gz,71,4.286156,success
2026-06-01T11:59:09,USA,ftp.osuosl.org,FTP,ftp://ftp.osuosl.org/pub/ubuntu/ls-lR.gz,211,56.502732,success
2026-06-01T11:59:36,USA,ftp.osuosl.org,HTTP,http://ftp.osuosl.org/pub/ubuntu/ls-lR.gz,211,26.988629,success
2026-06-01T12:00:15,USA,ftp.osuosl.org,HTTPS,https://ftp.osuosl.org/pub/ubuntu/ls-lR.gz,211,38.780063,success
2026-06-01T12:10:27,Germany,mirror.netcologne.de,FTP,ftp://mirror.netcologne.de/ubuntu/ls-lR.gz,70,9.283192,success
2026-06-01T12:10:36,Germany,mirror.netcologne.de,HTTP,http://mirror.netcologne.de/ubuntu/ls-lR.gz,70,8.428775,success
2026-06-01T12:10:44,Germany,mirror.netcologne.de,HTTPS,https://mirror.netcologne.de/ubuntu/ls-lR.gz,70,7.835776,success
2026-06-01T12:10:54,Asia,aze.archive.ubuntu.com,FTP,ftp://aze.archive.ubuntu.com/ubuntu/ls-lR.gz,161,6.762940,success
2026-06-01T12:10:59,Asia,aze.archive.ubuntu.com,HTTP,http://aze.archive.ubuntu.com/ubuntu/ls-lR.gz,161,4.900495,success
2026-06-01T12:11:05,Asia,aze.archive.ubuntu.com,HTTPS,https://aze.archive.ubuntu.com/ubuntu/ls-lR.gz,161,6.200537,success
2026-06-01T12:11:24,USA,ftp.osuosl.org,FTP,ftp://ftp.osuosl.org/pub/ubuntu/ls-lR.gz,136,15.809735,success
2026-06-01T12:11:38,USA,ftp.osuosl.org,HTTP,http://ftp.osuosl.org/pub/ubuntu/ls-lR.gz,136,13.562310,success
2026-06-01T12:11:52,USA,ftp.osuosl.org,HTTPS,https://ftp.osuosl.org/pub/ubuntu/ls-lR.gz,136,13.966089,success
2026-06-01T12:22:03,Germany,mirror.netcologne.de,FTP,ftp://mirror.netcologne.de/ubuntu/ls-lR.gz,69,7.855103,success
2026-06-01T12:22:10,Germany,mirror.netcologne.de,HTTP,http://mirror.netcologne.de/ubuntu/ls-lR.gz,69,6.871879,success
2026-06-01T12:22:17,Germany,mirror.netcologne.de,HTTPS,https://mirror.netcologne.de/ubuntu/ls-lR.gz,69,6.807870,success
2026-06-01T12:22:25,Asia,aze.archive.ubuntu.com,FTP,ftp://aze.archive.ubuntu.com/ubuntu/ls-lR.gz,70,4.907674,success
2026-06-01T12:22:30,Asia,aze.archive.ubuntu.com,HTTP,http://aze.archive.ubuntu.com/ubuntu/ls-lR.gz,70,4.375549,success
2026-06-01T12:22:34,Asia,aze.archive.ubuntu.com,HTTPS,https://aze.archive.ubuntu.com/ubuntu/ls-lR.gz,70,4.516971,success
2026-06-01T12:22:51,USA,ftp.osuosl.org,FTP,ftp://ftp.osuosl.org/pub/ubuntu/ls-lR.gz,139,12.985362,success
2026-06-01T12:23:03,USA,ftp.osuosl.org,HTTP,http://ftp.osuosl.org/pub/ubuntu/ls-lR.gz,139,12.701272,success
2026-06-01T12:23:21,USA,ftp.osuosl.org,HTTPS,https://ftp.osuosl.org/pub/ubuntu/ls-lR.gz,139,17.237071,success
2026-06-01T12:33:33,Germany,mirror.netcologne.de,FTP,ftp://mirror.netcologne.de/ubuntu/ls-lR.gz,69,8.880973,success
2026-06-01T12:33:42,Germany,mirror.netcologne.de,HTTP,http://mirror.netcologne.de/ubuntu/ls-lR.gz,69,8.553261,success
2026-06-01T12:33:49,Germany,mirror.netcologne.de,HTTPS,https://mirror.netcologne.de/ubuntu/ls-lR.gz,69,7.452048,success
2026-06-01T12:33:57,Asia,aze.archive.ubuntu.com,FTP,ftp://aze.archive.ubuntu.com/ubuntu/ls-lR.gz,89,4.944112,success
2026-06-01T12:34:02,Asia,aze.archive.ubuntu.com,HTTP,http://aze.archive.ubuntu.com/ubuntu/ls-lR.gz,89,4.433543,success
2026-06-01T12:34:07,Asia,aze.archive.ubuntu.com,HTTPS,https://aze.archive.ubuntu.com/ubuntu/ls-lR.gz,89,5.178519,success
2026-06-01T12:34:25,USA,ftp.osuosl.org,FTP,ftp://ftp.osuosl.org/pub/ubuntu/ls-lR.gz,137,14.968177,success
2026-06-01T12:34:41,USA,ftp.osuosl.org,HTTP,http://ftp.osuosl.org/pub/ubuntu/ls-lR.gz,137,15.427987,success
2026-06-01T12:35:00,USA,ftp.osuosl.org,HTTPS,https://ftp.osuosl.org/pub/ubuntu/ls-lR.gz,137,18.936107,success
2026-06-01T12:45:11,Germany,mirror.netcologne.de,FTP,ftp://mirror.netcologne.de/ubuntu/ls-lR.gz,114,7.958349,success
2026-06-01T12:45:20,Germany,mirror.netcologne.de,HTTP,http://mirror.netcologne.de/ubuntu/ls-lR.gz,114,8.972210,success
2026-06-01T12:45:29,Germany,mirror.netcologne.de,HTTPS,https://mirror.netcologne.de/ubuntu/ls-lR.gz,114,8.443675,success
2026-06-01T12:45:40,Asia,aze.archive.ubuntu.com,FTP,ftp://aze.archive.ubuntu.com/ubuntu/ls-lR.gz,480,7.362663,success
2026-06-01T12:45:45,Asia,aze.archive.ubuntu.com,HTTP,http://aze.archive.ubuntu.com/ubuntu/ls-lR.gz,480,5.068133,success
2026-06-01T12:45:51,Asia,aze.archive.ubuntu.com,HTTPS,https://aze.archive.ubuntu.com/ubuntu/ls-lR.gz,480,5.592894,success
2026-06-01T12:46:10,USA,ftp.osuosl.org,FTP,ftp://ftp.osuosl.org/pub/ubuntu/ls-lR.gz,138,16.021540,success
2026-06-01T12:46:21,USA,ftp.osuosl.org,HTTP,http://ftp.osuosl.org/pub/ubuntu/ls-lR.gz,138,10.505747,success
2026-06-01T12:46:35,USA,ftp.osuosl.org,HTTPS,https://ftp.osuosl.org/pub/ubuntu/ls-lR.gz,138,14.132567,success
2026-06-01T12:56:46,Germany,mirror.netcologne.de,FTP,ftp://mirror.netcologne.de/ubuntu/ls-lR.gz,70,7.362404,success
2026-06-01T12:56:52,Germany,mirror.netcologne.de,HTTP,http://mirror.netcologne.de/ubuntu/ls-lR.gz,70,6.411996,success
2026-06-01T12:57:00,Germany,mirror.netcologne.de,HTTPS,https://mirror.netcologne.de/ubuntu/ls-lR.gz,70,7.738870,success
2026-06-01T12:57:11,Asia,aze.archive.ubuntu.com,FTP,ftp://aze.archive.ubuntu.com/ubuntu/ls-lR.gz,87,7.947678,success
2026-06-01T12:57:16,Asia,aze.archive.ubuntu.com,HTTP,http://aze.archive.ubuntu.com/ubuntu/ls-lR.gz,87,4.817789,success
2026-06-01T12:57:20,Asia,aze.archive.ubuntu.com,HTTPS,https://aze.archive.ubuntu.com/ubuntu/ls-lR.gz,87,4.268843,success
2026-06-01T12:58:04,USA,ftp.osuosl.org,FTP,ftp://ftp.osuosl.org/pub/ubuntu/ls-lR.gz,216,39.548852,success
2026-06-01T12:58:40,USA,ftp.osuosl.org,HTTP,http://ftp.osuosl.org/pub/ubuntu/ls-lR.gz,216,36.644010,success
2026-06-01T12:59:51,USA,ftp.osuosl.org,HTTPS,https://ftp.osuosl.org/pub/ubuntu/ls-lR.gz,216,70.348058,success
2026-06-01T13:10:04,Germany,mirror.netcologne.de,FTP,ftp://mirror.netcologne.de/ubuntu/ls-lR.gz,73,10.263619,success
2026-06-01T13:10:12,Germany,mirror.netcologne.de,HTTP,http://mirror.netcologne.de/ubuntu/ls-lR.gz,73,8.283393,success
2026-06-01T13:10:20,Germany,mirror.netcologne.de,HTTPS,https://mirror.netcologne.de/ubuntu/ls-lR.gz,73,7.524347,success
2026-06-01T13:10:31,Asia,aze.archive.ubuntu.com,FTP,ftp://aze.archive.ubuntu.com/ubuntu/ls-lR.gz,147,7.563388,success
2026-06-01T13:10:39,Asia,aze.archive.ubuntu.com,HTTP,http://aze.archive.ubuntu.com/ubuntu/ls-lR.gz,147,7.425640,success
2026-06-01T13:10:46,Asia,aze.archive.ubuntu.com,HTTPS,https://aze.archive.ubuntu.com/ubuntu/ls-lR.gz,147,6.979272,success
2026-06-01T13:11:11,USA,ftp.osuosl.org,FTP,ftp://ftp.osuosl.org/pub/ubuntu/ls-lR.gz,158,21.762929,success
2026-06-01T13:11:26,USA,ftp.osuosl.org,HTTP,http://ftp.osuosl.org/pub/ubuntu/ls-lR.gz,158,15.160279,success
2026-06-01T13:11:36,USA,ftp.osuosl.org,HTTPS,https://ftp.osuosl.org/pub/ubuntu/ls-lR.gz,158,10.448079,success
2026-06-01T13:21:48,Germany,mirror.netcologne.de,FTP,ftp://mirror.netcologne.de/ubuntu/ls-lR.gz,69,8.276085,success
2026-06-01T13:21:55,Germany,mirror.netcologne.de,HTTP,http://mirror.netcologne.de/ubuntu/ls-lR.gz,69,6.901195,success
2026-06-01T13:22:02,Germany,mirror.netcologne.de,HTTPS,https://mirror.netcologne.de/ubuntu/ls-lR.gz,69,7.053235,success
2026-06-01T13:22:10,Asia,aze.archive.ubuntu.com,FTP,ftp://aze.archive.ubuntu.com/ubuntu/ls-lR.gz,71,4.571599,success
2026-06-01T13:22:14,Asia,aze.archive.ubuntu.com,HTTP,http://aze.archive.ubuntu.com/ubuntu/ls-lR.gz,71,3.929054,success
2026-06-01T13:22:18,Asia,aze.archive.ubuntu.com,HTTPS,https://aze.archive.ubuntu.com/ubuntu/ls-lR.gz,71,4.052388,success
2026-06-01T13:22:43,USA,ftp.osuosl.org,FTP,ftp://ftp.osuosl.org/pub/ubuntu/ls-lR.gz,211,21.135032,success
2026-06-01T13:22:59,USA,ftp.osuosl.org,HTTP,http://ftp.osuosl.org/pub/ubuntu/ls-lR.gz,211,16.095701,success
2026-06-01T13:23:22,USA,ftp.osuosl.org,HTTPS,https://ftp.osuosl.org/pub/ubuntu/ls-lR.gz,211,23.167647,success
2026-06-01T13:33:34,Germany,mirror.netcologne.de,FTP,ftp://mirror.netcologne.de/ubuntu/ls-lR.gz,69,8.228924,success
2026-06-01T13:33:41,Germany,mirror.netcologne.de,HTTP,http://mirror.netcologne.de/ubuntu/ls-lR.gz,69,7.510077,success
2026-06-01T13:33:50,Germany,mirror.netcologne.de,HTTPS,https://mirror.netcologne.de/ubuntu/ls-lR.gz,69,8.535876,success
2026-06-01T13:33:58,Asia,aze.archive.ubuntu.com,FTP,ftp://aze.archive.ubuntu.com/ubuntu/ls-lR.gz,72,5.072354,success
2026-06-01T13:34:02,Asia,aze.archive.ubuntu.com,HTTP,http://aze.archive.ubuntu.com/ubuntu/ls-lR.gz,72,4.270030,success
2026-06-01T13:34:06,Asia,aze.archive.ubuntu.com,HTTPS,https://aze.archive.ubuntu.com/ubuntu/ls-lR.gz,72,4.021553,success
2026-06-01T13:34:24,USA,ftp.osuosl.org,FTP,ftp://ftp.osuosl.org/pub/ubuntu/ls-lR.gz,139,14.017767,success
2026-06-01T13:34:42,USA,ftp.osuosl.org,HTTP,http://ftp.osuosl.org/pub/ubuntu/ls-lR.gz,139,18.016473,success
2026-06-01T13:34:55,USA,ftp.osuosl.org,HTTPS,https://ftp.osuosl.org/pub/ubuntu/ls-lR.gz,139,12.663878,success
2026-06-01T13:45:05,Germany,mirror.netcologne.de,FTP,ftp://mirror.netcologne.de/ubuntu/ls-lR.gz,75,7.208385,success
2026-06-01T13:45:13,Germany,mirror.netcologne.de,HTTP,http://mirror.netcologne.de/ubuntu/ls-lR.gz,75,7.405231,success
2026-06-01T13:45:21,Germany,mirror.netcologne.de,HTTPS,https://mirror.netcologne.de/ubuntu/ls-lR.gz,75,8.329054,success
2026-06-01T13:45:32,Asia,aze.archive.ubuntu.com,FTP,ftp://aze.archive.ubuntu.com/ubuntu/ls-lR.gz,155,7.289617,success
2026-06-01T13:45:37,Asia,aze.archive.ubuntu.com,HTTP,http://aze.archive.ubuntu.com/ubuntu/ls-lR.gz,155,5.377469,success
2026-06-01T13:45:43,Asia,aze.archive.ubuntu.com,HTTPS,https://aze.archive.ubuntu.com/ubuntu/ls-lR.gz,155,5.553098,success
2026-06-01T13:46:04,USA,ftp.osuosl.org,FTP,ftp://ftp.osuosl.org/pub/ubuntu/ls-lR.gz,157,17.739671,success
2026-06-01T13:46:21,USA,ftp.osuosl.org,HTTP,http://ftp.osuosl.org/pub/ubuntu/ls-lR.gz,157,17.031544,success
2026-06-01T13:46:37,USA,ftp.osuosl.org,HTTPS,https://ftp.osuosl.org/pub/ubuntu/ls-lR.gz,157,15.653104,success
2026-06-01T13:56:48,Germany,mirror.netcologne.de,FTP,ftp://mirror.netcologne.de/ubuntu/ls-lR.gz,70,8.018578,success
2026-06-01T13:56:54,Germany,mirror.netcologne.de,HTTP,http://mirror.netcologne.de/ubuntu/ls-lR.gz,70,5.822113,success
2026-06-01T13:57:02,Germany,mirror.netcologne.de,HTTPS,https://mirror.netcologne.de/ubuntu/ls-lR.gz,70,8.197892,success
2026-06-01T13:57:10,Asia,aze.archive.ubuntu.com,FTP,ftp://aze.archive.ubuntu.com/ubuntu/ls-lR.gz,71,4.666190,success
2026-06-01T13:57:15,Asia,aze.archive.ubuntu.com,HTTP,http://aze.archive.ubuntu.com/ubuntu/ls-lR.gz,71,4.716653,success
2026-06-01T13:57:19,Asia,aze.archive.ubuntu.com,HTTPS,https://aze.archive.ubuntu.com/ubuntu/ls-lR.gz,71,4.170059,success
2026-06-01T13:57:36,USA,ftp.osuosl.org,FTP,ftp://ftp.osuosl.org/pub/ubuntu/ls-lR.gz,162,12.914159,success
2026-06-01T13:57:49,USA,ftp.osuosl.org,HTTP,http://ftp.osuosl.org/pub/ubuntu/ls-lR.gz,162,13.222780,success
2026-06-01T13:58:02,USA,ftp.osuosl.org,HTTPS,https://ftp.osuosl.org/pub/ubuntu/ls-lR.gz,162,12.722967,success
2026-06-01T14:08:14,Germany,mirror.netcologne.de,FTP,ftp://mirror.netcologne.de/ubuntu/ls-lR.gz,69,8.713432,success
2026-06-01T14:08:20,Germany,mirror.netcologne.de,HTTP,http://mirror.netcologne.de/ubuntu/ls-lR.gz,69,6.319628,success
2026-06-01T14:08:28,Germany,mirror.netcologne.de,HTTPS,https://mirror.netcologne.de/ubuntu/ls-lR.gz,69,7.866332,success
2026-06-01T14:08:41,Asia,aze.archive.ubuntu.com,FTP,ftp://aze.archive.ubuntu.com/ubuntu/ls-lR.gz,147,9.502691,success
2026-06-01T14:08:46,Asia,aze.archive.ubuntu.com,HTTP,http://aze.archive.ubuntu.com/ubuntu/ls-lR.gz,147,5.280175,success
2026-06-01T14:08:52,Asia,aze.archive.ubuntu.com,HTTPS,https://aze.archive.ubuntu.com/ubuntu/ls-lR.gz,147,5.451203,success
2026-06-01T14:09:21,USA,ftp.osuosl.org,FTP,ftp://ftp.osuosl.org/pub/ubuntu/ls-lR.gz,213,25.376435,success
2026-06-01T14:09:41,USA,ftp.osuosl.org,HTTP,http://ftp.osuosl.org/pub/ubuntu/ls-lR.gz,213,20.530337,success
2026-06-01T14:10:07,USA,ftp.osuosl.org,HTTPS,https://ftp.osuosl.org/pub/ubuntu/ls-lR.gz,213,25.597138,success
2026-06-01T14:20:19,Germany,mirror.netcologne.de,FTP,ftp://mirror.netcologne.de/ubuntu/ls-lR.gz,69,9.121348,success
2026-06-01T14:20:26,Germany,mirror.netcologne.de,HTTP,http://mirror.netcologne.de/ubuntu/ls-lR.gz,69,6.945927,success
2026-06-01T14:20:34,Germany,mirror.netcologne.de,HTTPS,https://mirror.netcologne.de/ubuntu/ls-lR.gz,69,7.697628,success
2026-06-01T14:20:42,Asia,aze.archive.ubuntu.com,FTP,ftp://aze.archive.ubuntu.com/ubuntu/ls-lR.gz,73,4.702868,success
2026-06-01T14:20:47,Asia,aze.archive.ubuntu.com,HTTP,http://aze.archive.ubuntu.com/ubuntu/ls-lR.gz,73,5.046476,success
2026-06-01T14:20:52,Asia,aze.archive.ubuntu.com,HTTPS,https://aze.archive.ubuntu.com/ubuntu/ls-lR.gz,73,4.254467,success
2026-06-01T14:21:12,USA,ftp.osuosl.org,FTP,ftp://ftp.osuosl.org/pub/ubuntu/ls-lR.gz,137,16.967894,success
2026-06-01T14:21:26,USA,ftp.osuosl.org,HTTP,http://ftp.osuosl.org/pub/ubuntu/ls-lR.gz,137,14.284022,success
2026-06-01T14:21:35,USA,ftp.osuosl.org,HTTPS,https://ftp.osuosl.org/pub/ubuntu/ls-lR.gz,137,9.058946,success
2026-06-01T14:31:47,Germany,mirror.netcologne.de,FTP,ftp://mirror.netcologne.de/ubuntu/ls-lR.gz,72,7.961592,success
2026-06-01T14:31:55,Germany,mirror.netcologne.de,HTTP,http://mirror.netcologne.de/ubuntu/ls-lR.gz,72,8.248600,success
2026-06-01T14:32:03,Germany,mirror.netcologne.de,HTTPS,https://mirror.netcologne.de/ubuntu/ls-lR.gz,72,8.090925,success
2026-06-01T14:32:18,Asia,aze.archive.ubuntu.com,FTP,ftp://aze.archive.ubuntu.com/ubuntu/ls-lR.gz,146,10.387223,success
2026-06-01T14:32:23,Asia,aze.archive.ubuntu.com,HTTP,http://aze.archive.ubuntu.com/ubuntu/ls-lR.gz,146,5.247796,success
2026-06-01T14:32:29,Asia,aze.archive.ubuntu.com,HTTPS,https://aze.archive.ubuntu.com/ubuntu/ls-lR.gz,146,5.610347,success
2026-06-01T14:32:44,USA,ftp.osuosl.org,FTP,ftp://ftp.osuosl.org/pub/ubuntu/ls-lR.gz,137,11.231665,success
2026-06-01T14:33:00,USA,ftp.osuosl.org,HTTP,http://ftp.osuosl.org/pub/ubuntu/ls-lR.gz,137,16.480672,success
2026-06-01T14:33:22,USA,ftp.osuosl.org,HTTPS,https://ftp.osuosl.org/pub/ubuntu/ls-lR.gz,137,21.464599,success
2026-06-01T14:43:33,Germany,mirror.netcologne.de,FTP,ftp://mirror.netcologne.de/ubuntu/ls-lR.gz,70,8.170346,success
2026-06-01T14:43:40,Germany,mirror.netcologne.de,HTTP,http://mirror.netcologne.de/ubuntu/ls-lR.gz,70,7.088745,success
2026-06-01T14:43:48,Germany,mirror.netcologne.de,HTTPS,https://mirror.netcologne.de/ubuntu/ls-lR.gz,70,7.990818,success
2026-06-01T14:43:59,Asia,aze.archive.ubuntu.com,FTP,ftp://aze.archive.ubuntu.com/ubuntu/ls-lR.gz,96,7.567923,success
2026-06-01T14:44:03,Asia,aze.archive.ubuntu.com,HTTP,http://aze.archive.ubuntu.com/ubuntu/ls-lR.gz,96,4.286754,success
2026-06-01T14:44:08,Asia,aze.archive.ubuntu.com,HTTPS,https://aze.archive.ubuntu.com/ubuntu/ls-lR.gz,96,4.626915,success
2026-06-01T14:44:35,USA,ftp.osuosl.org,FTP,ftp://ftp.osuosl.org/pub/ubuntu/ls-lR.gz,157,23.247002,success
2026-06-01T14:44:52,USA,ftp.osuosl.org,HTTP,http://ftp.osuosl.org/pub/ubuntu/ls-lR.gz,157,17.158426,success
2026-06-01T14:45:08,USA,ftp.osuosl.org,HTTPS,https://ftp.osuosl.org/pub/ubuntu/ls-lR.gz,157,15.397295,success
2026-06-01T14:55:19,Germany,mirror.netcologne.de,FTP,ftp://mirror.netcologne.de/ubuntu/ls-lR.gz,73,8.551341,success
2026-06-01T14:55:27,Germany,mirror.netcologne.de,HTTP,http://mirror.netcologne.de/ubuntu/ls-lR.gz,73,7.376493,success
2026-06-01T14:55:35,Germany,mirror.netcologne.de,HTTPS,https://mirror.netcologne.de/ubuntu/ls-lR.gz,73,8.280091,success
2026-06-01T14:55:43,Asia,aze.archive.ubuntu.com,FTP,ftp://aze.archive.ubuntu.com/ubuntu/ls-lR.gz,71,4.851605,success
2026-06-01T14:55:48,Asia,aze.archive.ubuntu.com,HTTP,http://aze.archive.ubuntu.com/ubuntu/ls-lR.gz,71,4.471371,success
2026-06-01T14:55:52,Asia,aze.archive.ubuntu.com,HTTPS,https://aze.archive.ubuntu.com/ubuntu/ls-lR.gz,71,3.973051,success
2026-06-01T14:56:12,USA,ftp.osuosl.org,FTP,ftp://ftp.osuosl.org/pub/ubuntu/ls-lR.gz,137,16.130980,success
2026-06-01T14:56:24,USA,ftp.osuosl.org,HTTP,http://ftp.osuosl.org/pub/ubuntu/ls-lR.gz,137,12.538158,success
2026-06-01T14:56:37,USA,ftp.osuosl.org,HTTPS,https://ftp.osuosl.org/pub/ubuntu/ls-lR.gz,137,13.194117,success
2026-06-01T15:06:48,Germany,mirror.netcologne.de,FTP,ftp://mirror.netcologne.de/ubuntu/ls-lR.gz,72,7.906100,success
2026-06-01T15:06:54,Germany,mirror.netcologne.de,HTTP,http://mirror.netcologne.de/ubuntu/ls-lR.gz,72,5.960344,success
2026-06-01T15:07:03,Germany,mirror.netcologne.de,HTTPS,https://mirror.netcologne.de/ubuntu/ls-lR.gz,72,8.801729,success
2026-06-01T15:07:14,Asia,aze.archive.ubuntu.com,FTP,ftp://aze.archive.ubuntu.com/ubuntu/ls-lR.gz,158,6.837630,success
2026-06-01T15:07:19,Asia,aze.archive.ubuntu.com,HTTP,http://aze.archive.ubuntu.com/ubuntu/ls-lR.gz,158,5.185199,success
2026-06-01T15:07:24,Asia,aze.archive.ubuntu.com,HTTPS,https://aze.archive.ubuntu.com/ubuntu/ls-lR.gz,158,5.437050,success
2026-06-01T15:07:42,USA,ftp.osuosl.org,FTP,ftp://ftp.osuosl.org/pub/ubuntu/ls-lR.gz,137,14.785542,success
2026-06-01T15:07:52,USA,ftp.osuosl.org,HTTP,http://ftp.osuosl.org/pub/ubuntu/ls-lR.gz,137,9.810637,success
2026-06-01T15:08:07,USA,ftp.osuosl.org,HTTPS,https://ftp.osuosl.org/pub/ubuntu/ls-lR.gz,137,15.222819,success
2026-06-01T15:18:20,Germany,mirror.netcologne.de,FTP,ftp://mirror.netcologne.de/ubuntu/ls-lR.gz,69,8.879067,success
2026-06-01T15:18:26,Germany,mirror.netcologne.de,HTTP,http://mirror.netcologne.de/ubuntu/ls-lR.gz,69,6.857471,success
2026-06-01T15:18:35,Germany,mirror.netcologne.de,HTTPS,https://mirror.netcologne.de/ubuntu/ls-lR.gz,69,8.491557,success
2026-06-01T15:18:43,Asia,aze.archive.ubuntu.com,FTP,ftp://aze.archive.ubuntu.com/ubuntu/ls-lR.gz,71,5.003860,success
2026-06-01T15:18:47,Asia,aze.archive.ubuntu.com,HTTP,http://aze.archive.ubuntu.com/ubuntu/ls-lR.gz,71,4.081169,success
2026-06-01T15:18:52,Asia,aze.archive.ubuntu.com,HTTPS,https://aze.archive.ubuntu.com/ubuntu/ls-lR.gz,71,4.144548,success
2026-06-01T15:19:20,USA,ftp.osuosl.org,FTP,ftp://ftp.osuosl.org/pub/ubuntu/ls-lR.gz,211,24.773801,success
2026-06-01T15:19:50,USA,ftp.osuosl.org,HTTP,http://ftp.osuosl.org/pub/ubuntu/ls-lR.gz,211,30.238240,success
2026-06-01T15:20:27,USA,ftp.osuosl.org,HTTPS,https://ftp.osuosl.org/pub/ubuntu/ls-lR.gz,211,36.332243,success
2026-06-01T15:30:38,Germany,mirror.netcologne.de,FTP,ftp://mirror.netcologne.de/ubuntu/ls-lR.gz,68,7.838360,success
2026-06-01T15:30:45,Germany,mirror.netcologne.de,HTTP,http://mirror.netcologne.de/ubuntu/ls-lR.gz,68,6.927725,success
2026-06-01T15:30:52,Germany,mirror.netcologne.de,HTTPS,https://mirror.netcologne.de/ubuntu/ls-lR.gz,68,7.272329,success
2026-06-01T15:31:02,Asia,aze.archive.ubuntu.com,FTP,ftp://aze.archive.ubuntu.com/ubuntu/ls-lR.gz,159,6.763901,success
2026-06-01T15:31:07,Asia,aze.archive.ubuntu.com,HTTP,http://aze.archive.ubuntu.com/ubuntu/ls-lR.gz,159,5.302329,success
2026-06-01T15:31:13,Asia,aze.archive.ubuntu.com,HTTPS,https://aze.archive.ubuntu.com/ubuntu/ls-lR.gz,159,5.613648,success
2026-06-01T15:32:11,USA,ftp.osuosl.org,FTP,ftp://ftp.osuosl.org/pub/ubuntu/ls-lR.gz,213,54.867683,success
2026-06-01T15:32:59,USA,ftp.osuosl.org,HTTP,http://ftp.osuosl.org/pub/ubuntu/ls-lR.gz,213,47.891433,success
2026-06-01T15:33:38,USA,ftp.osuosl.org,HTTPS,https://ftp.osuosl.org/pub/ubuntu/ls-lR.gz,213,38.144143,success
2026-06-01T15:43:49,Germany,mirror.netcologne.de,FTP,ftp://mirror.netcologne.de/ubuntu/ls-lR.gz,76,7.738830,success
2026-06-01T15:43:56,Germany,mirror.netcologne.de,HTTP,http://mirror.netcologne.de/ubuntu/ls-lR.gz,76,7.125195,success
2026-06-01T15:44:03,Germany,mirror.netcologne.de,HTTPS,https://mirror.netcologne.de/ubuntu/ls-lR.gz,76,7.381632,success
2026-06-01T15:44:18,Asia,aze.archive.ubuntu.com,FTP,ftp://aze.archive.ubuntu.com/ubuntu/ls-lR.gz,144,7.532284,success
2026-06-01T15:44:23,Asia,aze.archive.ubuntu.com,HTTP,http://aze.archive.ubuntu.com/ubuntu/ls-lR.gz,144,5.630253,success
2026-06-01T15:44:29,Asia,aze.archive.ubuntu.com,HTTPS,https://aze.archive.ubuntu.com/ubuntu/ls-lR.gz,144,5.590058,success
2026-06-01T15:45:05,USA,ftp.osuosl.org,FTP,ftp://ftp.osuosl.org/pub/ubuntu/ls-lR.gz,214,32.551039,success
2026-06-01T15:45:54,USA,ftp.osuosl.org,HTTP,http://ftp.osuosl.org/pub/ubuntu/ls-lR.gz,214,49.303977,success
2026-06-01T15:46:20,USA,ftp.osuosl.org,HTTPS,https://ftp.osuosl.org/pub/ubuntu/ls-lR.gz,214,25.490273,success
2026-06-01T15:56:32,Germany,mirror.netcologne.de,FTP,ftp://mirror.netcologne.de/ubuntu/ls-lR.gz,73,9.217013,success
2026-06-01T15:56:40,Germany,mirror.netcologne.de,HTTP,http://mirror.netcologne.de/ubuntu/ls-lR.gz,73,8.024742,success
2026-06-01T15:56:49,Germany,mirror.netcologne.de,HTTPS,https://mirror.netcologne.de/ubuntu/ls-lR.gz,73,8.228018,success
2026-06-01T15:56:57,Asia,aze.archive.ubuntu.com,FTP,ftp://aze.archive.ubuntu.com/ubuntu/ls-lR.gz,70,4.989861,success
2026-06-01T15:57:01,Asia,aze.archive.ubuntu.com,HTTP,http://aze.archive.ubuntu.com/ubuntu/ls-lR.gz,70,3.964451,success
2026-06-01T15:57:05,Asia,aze.archive.ubuntu.com,HTTPS,https://aze.archive.ubuntu.com/ubuntu/ls-lR.gz,70,3.881735,success
2026-06-01T15:57:38,USA,ftp.osuosl.org,FTP,ftp://ftp.osuosl.org/pub/ubuntu/ls-lR.gz,213,29.203513,success
2026-06-01T15:58:08,USA,ftp.osuosl.org,HTTP,http://ftp.osuosl.org/pub/ubuntu/ls-lR.gz,213,30.681110,success
2026-06-01T15:58:39,USA,ftp.osuosl.org,HTTPS,https://ftp.osuosl.org/pub/ubuntu/ls-lR.gz,213,30.481787,success
2026-06-01T16:08:51,Germany,mirror.netcologne.de,FTP,ftp://mirror.netcologne.de/ubuntu/ls-lR.gz,74,8.979875,success
2026-06-01T16:08:58,Germany,mirror.netcologne.de,HTTP,http://mirror.netcologne.de/ubuntu/ls-lR.gz,74,6.540324,success
2026-06-01T16:09:05,Germany,mirror.netcologne.de,HTTPS,https://mirror.netcologne.de/ubuntu/ls-lR.gz,74,7.558465,success
2026-06-01T16:09:14,Asia,aze.archive.ubuntu.com,FTP,ftp://aze.archive.ubuntu.com/ubuntu/ls-lR.gz,71,5.013883,success
2026-06-01T16:09:19,Asia,aze.archive.ubuntu.com,HTTP,http://aze.archive.ubuntu.com/ubuntu/ls-lR.gz,71,5.422970,success
2026-06-01T16:09:24,Asia,aze.archive.ubuntu.com,HTTPS,https://aze.archive.ubuntu.com/ubuntu/ls-lR.gz,71,4.510298,success
2026-06-01T16:09:55,USA,ftp.osuosl.org,FTP,ftp://ftp.osuosl.org/pub/ubuntu/ls-lR.gz,211,27.914857,success
2026-06-01T16:10:28,USA,ftp.osuosl.org,HTTP,http://ftp.osuosl.org/pub/ubuntu/ls-lR.gz,211,32.595152,success
2026-06-01T16:10:55,USA,ftp.osuosl.org,HTTPS,https://ftp.osuosl.org/pub/ubuntu/ls-lR.gz,211,27.233278,success
2026-06-01T16:21:08,Germany,mirror.netcologne.de,FTP,ftp://mirror.netcologne.de/ubuntu/ls-lR.gz,70,9.368490,success
2026-06-01T16:21:15,Germany,mirror.netcologne.de,HTTP,http://mirror.netcologne.de/ubuntu/ls-lR.gz,70,7.544923,success
2026-06-01T16:21:22,Germany,mirror.netcologne.de,HTTPS,https://mirror.netcologne.de/ubuntu/ls-lR.gz,70,7.020896,success
2026-06-01T16:21:31,Asia,aze.archive.ubuntu.com,FTP,ftp://aze.archive.ubuntu.com/ubuntu/ls-lR.gz,75,4.788134,success
2026-06-01T16:21:35,Asia,aze.archive.ubuntu.com,HTTP,http://aze.archive.ubuntu.com/ubuntu/ls-lR.gz,75,3.891682,success
2026-06-01T16:21:39,Asia,aze.archive.ubuntu.com,HTTPS,https://aze.archive.ubuntu.com/ubuntu/ls-lR.gz,75,4.336810,success
2026-06-01T16:22:00,USA,ftp.osuosl.org,FTP,ftp://ftp.osuosl.org/pub/ubuntu/ls-lR.gz,139,17.546860,success
2026-06-01T16:22:16,USA,ftp.osuosl.org,HTTP,http://ftp.osuosl.org/pub/ubuntu/ls-lR.gz,139,15.839542,success
2026-06-01T16:22:29,USA,ftp.osuosl.org,HTTPS,https://ftp.osuosl.org/pub/ubuntu/ls-lR.gz,139,13.825022,success
2026-06-01T16:32:40,Germany,mirror.netcologne.de,FTP,ftp://mirror.netcologne.de/ubuntu/ls-lR.gz,71,7.151742,success
2026-06-01T16:32:47,Germany,mirror.netcologne.de,HTTP,http://mirror.netcologne.de/ubuntu/ls-lR.gz,71,7.009969,success
2026-06-01T16:32:55,Germany,mirror.netcologne.de,HTTPS,https://mirror.netcologne.de/ubuntu/ls-lR.gz,71,7.847645,success
2026-06-01T16:33:08,Asia,aze.archive.ubuntu.com,FTP,ftp://aze.archive.ubuntu.com/ubuntu/ls-lR.gz,147,9.320616,success
2026-06-01T16:33:13,Asia,aze.archive.ubuntu.com,HTTP,http://aze.archive.ubuntu.com/ubuntu/ls-lR.gz,147,5.455078,success
2026-06-01T16:33:19,Asia,aze.archive.ubuntu.com,HTTPS,https://aze.archive.ubuntu.com/ubuntu/ls-lR.gz,147,5.669460,success
2026-06-01T16:33:39,USA,ftp.osuosl.org,FTP,ftp://ftp.osuosl.org/pub/ubuntu/ls-lR.gz,157,16.692485,success
2026-06-01T16:33:55,USA,ftp.osuosl.org,HTTP,http://ftp.osuosl.org/pub/ubuntu/ls-lR.gz,157,15.644530,success
2026-06-01T16:34:07,USA,ftp.osuosl.org,HTTPS,https://ftp.osuosl.org/pub/ubuntu/ls-lR.gz,157,12.386981,success
2026-06-01T16:44:18,Germany,mirror.netcologne.de,FTP,ftp://mirror.netcologne.de/ubuntu/ls-lR.gz,70,7.171322,success
2026-06-01T16:44:26,Germany,mirror.netcologne.de,HTTP,http://mirror.netcologne.de/ubuntu/ls-lR.gz,70,7.842690,success
2026-06-01T16:44:32,Germany,mirror.netcologne.de,HTTPS,https://mirror.netcologne.de/ubuntu/ls-lR.gz,70,6.745456,success
2026-06-01T16:44:41,Asia,aze.archive.ubuntu.com,FTP,ftp://aze.archive.ubuntu.com/ubuntu/ls-lR.gz,72,5.055667,success
2026-06-01T16:44:46,Asia,aze.archive.ubuntu.com,HTTP,http://aze.archive.ubuntu.com/ubuntu/ls-lR.gz,72,5.281750,success
2026-06-01T16:44:50,Asia,aze.archive.ubuntu.com,HTTPS,https://aze.archive.ubuntu.com/ubuntu/ls-lR.gz,72,4.069202,success
2026-06-01T16:45:56,USA,ftp.osuosl.org,FTP,ftp://ftp.osuosl.org/pub/ubuntu/ls-lR.gz,212,61.621050,success
2026-06-01T16:46:21,USA,ftp.osuosl.org,HTTP,http://ftp.osuosl.org/pub/ubuntu/ls-lR.gz,212,25.774233,success
2026-06-01T16:46:47,USA,ftp.osuosl.org,HTTPS,https://ftp.osuosl.org/pub/ubuntu/ls-lR.gz,212,25.120338,success
2026-06-01T16:56:58,Germany,mirror.netcologne.de,FTP,ftp://mirror.netcologne.de/ubuntu/ls-lR.gz,70,7.895163,success
2026-06-01T16:57:04,Germany,mirror.netcologne.de,HTTP,http://mirror.netcologne.de/ubuntu/ls-lR.gz,70,6.641558,success
2026-06-01T16:57:13,Germany,mirror.netcologne.de,HTTPS,https://mirror.netcologne.de/ubuntu/ls-lR.gz,70,8.059527,success
2026-06-01T16:57:23,Asia,aze.archive.ubuntu.com,FTP,ftp://aze.archive.ubuntu.com/ubuntu/ls-lR.gz,147,7.069056,success
2026-06-01T16:57:28,Asia,aze.archive.ubuntu.com,HTTP,http://aze.archive.ubuntu.com/ubuntu/ls-lR.gz,147,4.776077,success
2026-06-01T16:57:34,Asia,aze.archive.ubuntu.com,HTTPS,https://aze.archive.ubuntu.com/ubuntu/ls-lR.gz,147,6.163621,success
2026-06-01T16:58:30,USA,ftp.osuosl.org,FTP,ftp://ftp.osuosl.org/pub/ubuntu/ls-lR.gz,211,51.948177,success
2026-06-01T16:58:55,USA,ftp.osuosl.org,HTTP,http://ftp.osuosl.org/pub/ubuntu/ls-lR.gz,211,25.617970,success
2026-06-01T16:59:14,USA,ftp.osuosl.org,HTTPS,https://ftp.osuosl.org/pub/ubuntu/ls-lR.gz,211,18.432894,success
2026-06-01T17:09:25,Germany,mirror.netcologne.de,FTP,ftp://mirror.netcologne.de/ubuntu/ls-lR.gz,70,8.399545,success
2026-06-01T17:09:32,Germany,mirror.netcologne.de,HTTP,http://mirror.netcologne.de/ubuntu/ls-lR.gz,70,6.278035,success
2026-06-01T17:09:41,Germany,mirror.netcologne.de,HTTPS,https://mirror.netcologne.de/ubuntu/ls-lR.gz,70,9.360479,success
2026-06-01T17:09:49,Asia,aze.archive.ubuntu.com,FTP,ftp://aze.archive.ubuntu.com/ubuntu/ls-lR.gz,87,5.016800,success
2026-06-01T17:09:54,Asia,aze.archive.ubuntu.com,HTTP,http://aze.archive.ubuntu.com/ubuntu/ls-lR.gz,87,4.207301,success
2026-06-01T17:09:58,Asia,aze.archive.ubuntu.com,HTTPS,https://aze.archive.ubuntu.com/ubuntu/ls-lR.gz,87,4.537373,success
2026-06-01T17:10:29,USA,ftp.osuosl.org,FTP,ftp://ftp.osuosl.org/pub/ubuntu/ls-lR.gz,211,26.915708,success
2026-06-01T17:11:20,USA,ftp.osuosl.org,HTTP,http://ftp.osuosl.org/pub/ubuntu/ls-lR.gz,211,51.789707,success
2026-06-01T17:12:10,USA,ftp.osuosl.org,HTTPS,https://ftp.osuosl.org/pub/ubuntu/ls-lR.gz,211,49.311491,success
2026-06-01T17:22:23,Germany,mirror.netcologne.de,FTP,ftp://mirror.netcologne.de/ubuntu/ls-lR.gz,70,9.844650,success
2026-06-01T17:22:31,Germany,mirror.netcologne.de,HTTP,http://mirror.netcologne.de/ubuntu/ls-lR.gz,70,7.924409,success
2026-06-01T17:22:41,Germany,mirror.netcologne.de,HTTPS,https://mirror.netcologne.de/ubuntu/ls-lR.gz,70,9.959490,success
2026-06-01T17:22:49,Asia,aze.archive.ubuntu.com,FTP,ftp://aze.archive.ubuntu.com/ubuntu/ls-lR.gz,71,4.721947,success
2026-06-01T17:22:53,Asia,aze.archive.ubuntu.com,HTTP,http://aze.archive.ubuntu.com/ubuntu/ls-lR.gz,71,4.060356,success
2026-06-01T17:22:57,Asia,aze.archive.ubuntu.com,HTTPS,https://aze.archive.ubuntu.com/ubuntu/ls-lR.gz,71,4.143991,success
2026-06-01T17:23:18,USA,ftp.osuosl.org,FTP,ftp://ftp.osuosl.org/pub/ubuntu/ls-lR.gz,137,16.973958,success
2026-06-01T17:23:34,USA,ftp.osuosl.org,HTTP,http://ftp.osuosl.org/pub/ubuntu/ls-lR.gz,137,16.069252,success
2026-06-01T17:23:48,USA,ftp.osuosl.org,HTTPS,https://ftp.osuosl.org/pub/ubuntu/ls-lR.gz,137,14.385002,success
2026-06-01T17:33:59,Germany,mirror.netcologne.de,FTP,ftp://mirror.netcologne.de/ubuntu/ls-lR.gz,69,7.699745,success
2026-06-01T17:34:08,Germany,mirror.netcologne.de,HTTP,http://mirror.netcologne.de/ubuntu/ls-lR.gz,69,8.898812,success
2026-06-01T17:34:17,Germany,mirror.netcologne.de,HTTPS,https://mirror.netcologne.de/ubuntu/ls-lR.gz,69,8.609075,success
2026-06-01T17:34:27,Asia,aze.archive.ubuntu.com,FTP,ftp://aze.archive.ubuntu.com/ubuntu/ls-lR.gz,158,7.271733,success
2026-06-01T17:34:33,Asia,aze.archive.ubuntu.com,HTTP,http://aze.archive.ubuntu.com/ubuntu/ls-lR.gz,158,5.391597,success
2026-06-01T17:34:39,Asia,aze.archive.ubuntu.com,HTTPS,https://aze.archive.ubuntu.com/ubuntu/ls-lR.gz,158,5.940675,success
2026-06-01T17:35:26,USA,ftp.osuosl.org,FTP,ftp://ftp.osuosl.org/pub/ubuntu/ls-lR.gz,211,43.529600,success
2026-06-01T17:35:49,USA,ftp.osuosl.org,HTTP,http://ftp.osuosl.org/pub/ubuntu/ls-lR.gz,211,22.771541,success
2026-06-01T17:36:27,USA,ftp.osuosl.org,HTTPS,https://ftp.osuosl.org/pub/ubuntu/ls-lR.gz,211,38.646798,success
2026-06-01T17:46:38,Germany,mirror.netcologne.de,FTP,ftp://mirror.netcologne.de/ubuntu/ls-lR.gz,69,7.562285,success
2026-06-01T17:46:46,Germany,mirror.netcologne.de,HTTP,http://mirror.netcologne.de/ubuntu/ls-lR.gz,69,8.111547,success
2026-06-01T17:46:54,Germany,mirror.netcologne.de,HTTPS,https://mirror.netcologne.de/ubuntu/ls-lR.gz,69,7.308303,success
2026-06-01T17:47:05,Asia,aze.archive.ubuntu.com,FTP,ftp://aze.archive.ubuntu.com/ubuntu/ls-lR.gz,143,7.691038,success
2026-06-01T17:47:11,Asia,aze.archive.ubuntu.com,HTTP,http://aze.archive.ubuntu.com/ubuntu/ls-lR.gz,143,5.942035,success
2026-06-01T17:47:17,Asia,aze.archive.ubuntu.com,HTTPS,https://aze.archive.ubuntu.com/ubuntu/ls-lR.gz,143,5.775111,success
2026-06-01T17:47:58,USA,ftp.osuosl.org,FTP,ftp://ftp.osuosl.org/pub/ubuntu/ls-lR.gz,211,37.934868,success
2026-06-01T17:48:25,USA,ftp.osuosl.org,HTTP,http://ftp.osuosl.org/pub/ubuntu/ls-lR.gz,211,26.407401,success
2026-06-01T17:48:44,USA,ftp.osuosl.org,HTTPS,https://ftp.osuosl.org/pub/ubuntu/ls-lR.gz,211,19.060056,success
2026-06-01T17:58:56,Germany,mirror.netcologne.de,FTP,ftp://mirror.netcologne.de/ubuntu/ls-lR.gz,69,8.226459,success
2026-06-01T17:59:04,Germany,mirror.netcologne.de,HTTP,http://mirror.netcologne.de/ubuntu/ls-lR.gz,69,7.971025,success
2026-06-01T17:59:12,Germany,mirror.netcologne.de,HTTPS,https://mirror.netcologne.de/ubuntu/ls-lR.gz,69,8.351882,success
2026-06-01T17:59:20,Asia,aze.archive.ubuntu.com,FTP,ftp://aze.archive.ubuntu.com/ubuntu/ls-lR.gz,89,4.991889,success
2026-06-01T17:59:24,Asia,aze.archive.ubuntu.com,HTTP,http://aze.archive.ubuntu.com/ubuntu/ls-lR.gz,89,4.135084,success
2026-06-01T17:59:29,Asia,aze.archive.ubuntu.com,HTTPS,https://aze.archive.ubuntu.com/ubuntu/ls-lR.gz,89,4.176529,success
2026-06-01T17:59:47,USA,ftp.osuosl.org,FTP,ftp://ftp.osuosl.org/pub/ubuntu/ls-lR.gz,137,14.909639,success
2026-06-01T17:59:57,USA,ftp.osuosl.org,HTTP,http://ftp.osuosl.org/pub/ubuntu/ls-lR.gz,137,10.305253,success
2026-06-01T18:00:12,USA,ftp.osuosl.org,HTTPS,https://ftp.osuosl.org/pub/ubuntu/ls-lR.gz,137,14.359864,success
2026-06-01T18:10:22,Germany,mirror.netcologne.de,FTP,ftp://mirror.netcologne.de/ubuntu/ls-lR.gz,73,7.355060,success
2026-06-01T18:10:30,Germany,mirror.netcologne.de,HTTP,http://mirror.netcologne.de/ubuntu/ls-lR.gz,73,7.180175,success
2026-06-01T18:10:37,Germany,mirror.netcologne.de,HTTPS,https://mirror.netcologne.de/ubuntu/ls-lR.gz,73,7.433086,success
2026-06-01T18:10:46,Asia,aze.archive.ubuntu.com,FTP,ftp://aze.archive.ubuntu.com/ubuntu/ls-lR.gz,71,5.604706,success
2026-06-01T18:10:50,Asia,aze.archive.ubuntu.com,HTTP,http://aze.archive.ubuntu.com/ubuntu/ls-lR.gz,71,4.019568,success
2026-06-01T18:10:54,Asia,aze.archive.ubuntu.com,HTTPS,https://aze.archive.ubuntu.com/ubuntu/ls-lR.gz,71,4.205494,success
2026-06-01T18:11:45,USA,ftp.osuosl.org,FTP,ftp://ftp.osuosl.org/pub/ubuntu/ls-lR.gz,211,47.285887,success
2026-06-01T18:12:22,USA,ftp.osuosl.org,HTTP,http://ftp.osuosl.org/pub/ubuntu/ls-lR.gz,211,36.374775,success
2026-06-01T18:13:07,USA,ftp.osuosl.org,HTTPS,https://ftp.osuosl.org/pub/ubuntu/ls-lR.gz,211,45.207486,success
2026-06-01T18:23:19,Germany,mirror.netcologne.de,FTP,ftp://mirror.netcologne.de/ubuntu/ls-lR.gz,72,8.446071,success
2026-06-01T18:23:26,Germany,mirror.netcologne.de,HTTP,http://mirror.netcologne.de/ubuntu/ls-lR.gz,72,7.348743,success
2026-06-01T18:23:34,Germany,mirror.netcologne.de,HTTPS,https://mirror.netcologne.de/ubuntu/ls-lR.gz,72,8.251750,success
2026-06-01T18:23:43,Asia,aze.archive.ubuntu.com,FTP,ftp://aze.archive.ubuntu.com/ubuntu/ls-lR.gz,71,5.102230,success
2026-06-01T18:23:47,Asia,aze.archive.ubuntu.com,HTTP,http://aze.archive.ubuntu.com/ubuntu/ls-lR.gz,71,3.906370,success
2026-06-01T18:23:51,Asia,aze.archive.ubuntu.com,HTTPS,https://aze.archive.ubuntu.com/ubuntu/ls-lR.gz,71,3.968975,success
2026-06-01T18:24:32,USA,ftp.osuosl.org,FTP,ftp://ftp.osuosl.org/pub/ubuntu/ls-lR.gz,211,37.297520,success
2026-06-01T18:25:14,USA,ftp.osuosl.org,HTTP,http://ftp.osuosl.org/pub/ubuntu/ls-lR.gz,211,42.412197,success
2026-06-01T18:27:08,USA,ftp.osuosl.org,HTTPS,https://ftp.osuosl.org/pub/ubuntu/ls-lR.gz,211,113.684852,success
2026-06-01T18:37:20,Germany,mirror.netcologne.de,FTP,ftp://mirror.netcologne.de/ubuntu/ls-lR.gz,72,9.095123,success
2026-06-01T18:37:29,Germany,mirror.netcologne.de,HTTP,http://mirror.netcologne.de/ubuntu/ls-lR.gz,72,9.042245,success
2026-06-01T18:37:39,Germany,mirror.netcologne.de,HTTPS,https://mirror.netcologne.de/ubuntu/ls-lR.gz,72,10.084018,success
2026-06-01T18:37:50,Asia,aze.archive.ubuntu.com,FTP,ftp://aze.archive.ubuntu.com/ubuntu/ls-lR.gz,174,7.313621,success
2026-06-01T18:37:56,Asia,aze.archive.ubuntu.com,HTTP,http://aze.archive.ubuntu.com/ubuntu/ls-lR.gz,174,5.797240,success
2026-06-01T18:38:01,Asia,aze.archive.ubuntu.com,HTTPS,https://aze.archive.ubuntu.com/ubuntu/ls-lR.gz,174,5.494449,success
2026-06-01T18:38:27,USA,ftp.osuosl.org,FTP,ftp://ftp.osuosl.org/pub/ubuntu/ls-lR.gz,161,22.069198,success
2026-06-01T18:38:41,USA,ftp.osuosl.org,HTTP,http://ftp.osuosl.org/pub/ubuntu/ls-lR.gz,161,13.990752,success
2026-06-01T18:39:00,USA,ftp.osuosl.org,HTTPS,https://ftp.osuosl.org/pub/ubuntu/ls-lR.gz,161,19.484032,success
2026-06-01T18:49:13,Germany,mirror.netcologne.de,FTP,ftp://mirror.netcologne.de/ubuntu/ls-lR.gz,70,8.801376,success
2026-06-01T18:49:20,Germany,mirror.netcologne.de,HTTP,http://mirror.netcologne.de/ubuntu/ls-lR.gz,70,7.504253,success
2026-06-01T18:49:29,Germany,mirror.netcologne.de,HTTPS,https://mirror.netcologne.de/ubuntu/ls-lR.gz,70,8.411020,success
2026-06-01T18:49:39,Asia,aze.archive.ubuntu.com,FTP,ftp://aze.archive.ubuntu.com/ubuntu/ls-lR.gz,158,7.034732,success
2026-06-01T18:49:45,Asia,aze.archive.ubuntu.com,HTTP,http://aze.archive.ubuntu.com/ubuntu/ls-lR.gz,158,5.449695,success
2026-06-01T18:49:50,Asia,aze.archive.ubuntu.com,HTTPS,https://aze.archive.ubuntu.com/ubuntu/ls-lR.gz,158,5.570323,success
2026-06-01T18:50:08,USA,ftp.osuosl.org,FTP,ftp://ftp.osuosl.org/pub/ubuntu/ls-lR.gz,137,14.299626,success
2026-06-01T18:50:20,USA,ftp.osuosl.org,HTTP,http://ftp.osuosl.org/pub/ubuntu/ls-lR.gz,137,12.373273,success
2026-06-01T18:50:34,USA,ftp.osuosl.org,HTTPS,https://ftp.osuosl.org/pub/ubuntu/ls-lR.gz,137,13.356993,success
2026-06-01T19:00:46,Germany,mirror.netcologne.de,FTP,ftp://mirror.netcologne.de/ubuntu/ls-lR.gz,72,9.510885,success
2026-06-01T19:00:54,Germany,mirror.netcologne.de,HTTP,http://mirror.netcologne.de/ubuntu/ls-lR.gz,72,7.194342,success
2026-06-01T19:01:02,Germany,mirror.netcologne.de,HTTPS,https://mirror.netcologne.de/ubuntu/ls-lR.gz,72,8.665260,success
2026-06-01T19:01:10,Asia,aze.archive.ubuntu.com,FTP,ftp://aze.archive.ubuntu.com/ubuntu/ls-lR.gz,70,4.755146,success
2026-06-01T19:01:15,Asia,aze.archive.ubuntu.com,HTTP,http://aze.archive.ubuntu.com/ubuntu/ls-lR.gz,70,4.120718,success
2026-06-01T19:01:19,Asia,aze.archive.ubuntu.com,HTTPS,https://aze.archive.ubuntu.com/ubuntu/ls-lR.gz,70,4.175749,success
2026-06-01T19:01:40,USA,ftp.osuosl.org,FTP,ftp://ftp.osuosl.org/pub/ubuntu/ls-lR.gz,155,17.602689,success
2026-06-01T19:02:08,USA,ftp.osuosl.org,HTTP,http://ftp.osuosl.org/pub/ubuntu/ls-lR.gz,155,27.677740,success
2026-06-01T19:03:04,USA,ftp.osuosl.org,HTTPS,https://ftp.osuosl.org/pub/ubuntu/ls-lR.gz,155,56.457417,success
2026-06-01T19:13:16,Germany,mirror.netcologne.de,FTP,ftp://mirror.netcologne.de/ubuntu/ls-lR.gz,71,8.513071,success
2026-06-01T19:13:23,Germany,mirror.netcologne.de,HTTP,http://mirror.netcologne.de/ubuntu/ls-lR.gz,71,7.043733,success
2026-06-01T19:13:30,Germany,mirror.netcologne.de,HTTPS,https://mirror.netcologne.de/ubuntu/ls-lR.gz,71,7.381320,success
2026-06-01T19:13:39,Asia,aze.archive.ubuntu.com,FTP,ftp://aze.archive.ubuntu.com/ubuntu/ls-lR.gz,72,4.805043,success
2026-06-01T19:13:42,Asia,aze.archive.ubuntu.com,HTTP,http://aze.archive.ubuntu.com/ubuntu/ls-lR.gz,72,3.859353,success
2026-06-01T19:13:47,Asia,aze.archive.ubuntu.com,HTTPS,https://aze.archive.ubuntu.com/ubuntu/ls-lR.gz,72,4.193805,success
2026-06-01T19:14:14,USA,ftp.osuosl.org,FTP,ftp://ftp.osuosl.org/pub/ubuntu/ls-lR.gz,137,24.320914,success
2026-06-01T19:14:35,USA,ftp.osuosl.org,HTTP,http://ftp.osuosl.org/pub/ubuntu/ls-lR.gz,137,20.642434,success
